z1,z2,z3,node,time,depth
-82.0,-43.0,-83.0,1,0.0029778480529785156,1
-59.0,-78.0,-57.0,1,0.003003835678100586,1
-71.0,-67.0,-74.0,1,0.003010988235473633,1
-65.0,-73.0,-65.0,4,0.012270927429199219,3
-66.0,-71.0,-68.0,5,0.015008926391601562,3
-78.0,-52.0,-77.0,13,0.03554391860961914,4
-67.0,-68.0,-67.0,40,0.09737992286682129,6
-72.0,-64.0,-73.0,48,0.11642193794250488,6
-51.0,-79.0,-53.0,163,0.3465859889984131,8
-60.0,-75.0,-56.0,166,0.3526740074157715,8
-59.0,-75.0,-62.0,267,0.5390679836273193,9
-50.0,-80.0,-53.0,422,0.7994649410247803,10
-37.0,-86.0,-37.0,478,0.8949368000030518,10
-71.0,-58.0,-75.0,503,0.9346048831939697,10
-58.0,-77.0,-60.0,576,1.0441319942474365,11
-59.0,-76.0,-61.0,610,1.0948688983917236,11
-52.0,-82.0,-52.0,646,1.1472008228302002,11
-64.0,-71.0,-69.0,688,1.2093188762664795,11
-67.0,-69.0,-65.0,814,1.3888168334960938,12
-66.0,-72.0,-66.0,820,1.3954098224639893,12
-75.0,-57.0,-72.0,921,1.5353519916534424,12
-74.0,-55.0,-73.0,1440,2.0961358547210693,15
-78.0,-50.0,-79.0,1448,2.1009299755096436,15
-79.0,-51.0,-78.0,1480,2.1271989345550537,15
-40.0,-84.0,-35.0,1583,2.215815782546997,16
-73.0,-58.0,-74.0,1648,2.2628839015960693,16
-76.0,-50.0,-80.0,1774,2.362661838531494,17
-45.0,-83.0,-45.0,1924,2.4653658866882324,19
-37.0,-87.0,-36.0,1928,2.4670798778533936,19
-36.0,-87.0,-37.0,1930,2.467869997024536,19
-39.0,-84.0,-36.0,1968,2.489550828933716,21
