z1,z2,z3,node,time,depth
-2172.0,-2002.0,-4093.0,1,0.0016498565673828125,1
-2041.0,-2408.0,-3682.0,1,0.0016558170318603516,1
-2605.0,-1483.0,-3893.0,1,0.0016629695892333984,1
-1834.0,-2416.0,-2246.0,8,0.011081933975219727,4
-2703.0,-2112.0,-3193.0,16,0.020392894744873047,5
-2716.0,-2093.0,-3196.0,19,0.02334880828857422,5
-2707.0,-2095.0,-3174.0,34,0.0377659797668457,6
-2157.0,-2236.0,-3532.0,46,0.04710984230041504,6
-2288.0,-1830.0,-3943.0,82,0.07110881805419922,7
-2823.0,-1923.0,-3024.0,118,0.08971095085144043,8
-1261.0,-1316.0,-4321.0,124,0.09279394149780273,8
-2920.0,-1771.0,-1391.0,136,0.09779191017150879,9
-2832.0,-1921.0,-3046.0,158,0.10619401931762695,9
-1577.0,-2410.0,-2436.0,182,0.11478281021118164,11
-1068.0,-2086.0,-3821.0,188,0.11643290519714355,11
-1516.0,-1333.0,-4182.0,190,0.11698603630065918,11
