z1,z2,z3,node,time,depth
-7747.0,-8283.0,-8634.0,1,0.0005500316619873047,1
-8138.0,-8223.0,-8599.0,3,0.0013861656188964844,2
-8247.0,-8358.0,-7932.0,14,0.005601167678833008,5
-7644.0,-8766.0,-7948.0,15,0.0059490203857421875,5
-8035.0,-8706.0,-7913.0,15,0.005950212478637695,5
-7833.0,-8701.0,-8309.0,24,0.010120153427124023,6
-7872.0,-8673.0,-8183.0,28,0.011758089065551758,6
-7442.0,-8761.0,-8344.0,38,0.015693187713623047,7
-7481.0,-8733.0,-8218.0,42,0.017246007919311523,7
