z1,z2,z3,node,time,depth
-3129.0,-3165.0,-2995.0,1,0.0015189647674560547,1
-4108.0,-2265.0,-3812.0,1,0.0015408992767333984,1
-4297.0,-902.0,-4555.0,32,0.02266383171081543,6
-3783.0,-1792.0,-4069.0,66,0.0403590202331543,7
-3829.0,-2570.0,-3892.0,72,0.04296588897705078,7
-3488.0,-1851.0,-3957.0,126,0.06771183013916016,8
-1738.0,-3537.0,-1367.0,150,0.07803201675415039,8
-3271.0,-2983.0,-2972.0,190,0.09246301651000977,9
-4224.0,-671.0,-4594.0,200,0.09586095809936523,10
