z1,z2,z3,node,time,depth
-27.0,-51.0,-38.0,5,0.0033180713653564453,3
-29.0,-52.0,-35.0,16,0.009813070297241211,5
-36.0,-49.0,-35.0,32,0.018359899520874023,6
-34.0,-48.0,-38.0,38,0.021019935607910156,6
-37.0,-37.0,-28.0,51,0.026875019073486328,6
-31.0,-50.0,-36.0,74,0.037474870681762695,8
-37.0,-39.0,-26.0,84,0.04104900360107422,9
