z1,z2,z3,node,time,depth
-62.0,-24.0,-63.0,1,0.005472898483276367,1
-59.0,-31.0,-59.0,1,0.005476951599121094,1
-66.0,-24.0,-62.0,1,0.005480051040649414,1
-67.0,-19.0,-58.0,1,0.005483865737915039,1
-54.0,-36.0,-54.0,1,0.005486965179443359,1
-43.0,-44.0,-46.0,1,0.005491018295288086,1
-27.0,-52.0,-36.0,1,0.005493879318237305,1
-34.0,-55.0,-31.0,1,0.005497932434082031,1
-57.0,-37.0,-51.0,1,0.005501985549926758,1
-42.0,-50.0,-34.0,1,0.0055048465728759766,1
-44.0,-48.0,-38.0,1,0.005508899688720703,1
-25.0,-58.0,-28.0,1,0.0055119991302490234,1
-41.0,-50.0,-38.0,1,0.00551605224609375,1
-22.0,-61.0,-24.0,1,0.005518913269042969,1
-61.0,-28.0,-56.0,2,0.010303020477294922,2
-62.0,-29.0,-54.0,2,0.010306835174560547,2
-34.0,-52.0,-32.0,4,0.015820026397705078,4
-40.0,-48.0,-39.0,5,0.018219947814941406,5
-28.0,-53.0,-32.0,39,0.0664968490600586,8
-42.0,-45.0,-41.0,47,0.07714486122131348,5
-50.0,-41.0,-43.0,66,0.11468887329101562,5
-48.0,-42.0,-42.0,66,0.11469292640686035,5
-37.0,-52.0,-30.0,100,0.16728687286376953,7
-35.0,-53.0,-29.0,104,0.17252492904663086,10
-31.0,-56.0,-27.0,118,0.1963820457458496,5
-23.0,-59.0,-22.0,147,0.25323486328125,14
-28.0,-58.0,-24.0,149,0.26283693313598633,2
-36.0,-53.0,-27.0,149,0.2628519535064697,2
-24.0,-55.0,-32.0,149,0.26285886764526367,2
-48.0,-43.0,-41.0,172,0.3060178756713867,4
-48.0,-41.0,-45.0,172,0.30602192878723145,4
-32.0,-51.0,-34.0,200,0.36788392066955566,7
-36.0,-51.0,-31.0,201,0.37009191513061523,8
-54.0,-38.0,-48.0,229,0.4353170394897461,3
-47.0,-43.0,-45.0,229,0.435344934463501,3
-36.0,-49.0,-39.0,229,0.4353618621826172,3
-60.0,-29.0,-55.0,230,0.44045400619506836,4
-55.0,-33.0,-56.0,230,0.4404609203338623,4
-38.0,-46.0,-43.0,230,0.44049596786499023,4
-45.0,-44.0,-44.0,230,0.44049882888793945,4
-32.0,-52.0,-33.0,231,0.4443988800048828,5
-29.0,-52.0,-34.0,231,0.44440293312072754,5
-42.0,-46.0,-40.0,247,0.4720900058746338,6
-47.0,-39.0,-47.0,263,0.49806904792785645,7
-46.0,-44.0,-40.0,283,0.5390520095825195,7
-47.0,-40.0,-46.0,308,0.5887908935546875,7
-46.0,-42.0,-46.0,315,0.6119968891143799,4
-59.0,-25.0,-60.0,336,0.6498608589172363,12
-61.0,-27.0,-57.0,359,0.7134368419647217,5
-30.0,-47.0,-40.0,376,0.7565898895263672,10
-42.0,-42.0,-47.0,391,0.8039848804473877,10
-44.0,-39.0,-49.0,401,0.8224198818206787,9
-58.0,-27.0,-60.0,408,0.8355100154876709,12
-60.0,-27.0,-59.0,408,0.8355159759521484,12
-44.0,-41.0,-47.0,420,0.8638548851013184,8
