z1,z2,z3,node,time,depth
22546.0,19110.0,23374.0,1,0.022369861602783203,1
19196.0,24726.0,18622.0,1,0.0223848819732666,1
18894.0,23686.0,19330.0,1,0.02239990234375,1
21892.0,21183.0,21598.0,2,0.05825304985046387,2
22753.0,19952.0,22849.0,2,0.05828094482421875,2
20568.0,22641.0,20319.0,9,0.1740870475769043,4
20954.0,22607.0,20719.0,19,0.36752891540527344,6
20975.0,22185.0,20917.0,25,0.47222304344177246,7
20396.0,22479.0,20878.0,54,0.7556688785552979,11
