z1,z2,z3,node,time,depth
-3854.0,-1977.0,-3333.0,1,0.0012898445129394531,1
-1323.0,-3796.0,-311.0,1,0.0013058185577392578,1
-2840.0,-3278.0,-1849.0,1,0.0013098716735839844,1
-3306.0,-2596.0,-2703.0,4,0.004987955093383789,3
-3357.0,-2593.0,-2645.0,16,0.01624298095703125,5
-3454.0,-1222.0,-3402.0,57,0.043495893478393555,6
-3342.0,-2479.0,-2652.0,66,0.04820394515991211,7
-1807.0,-3354.0,-1060.0,158,0.08675384521484375,8
-2158.0,-2707.0,-1925.0,216,0.10595393180847168,9
-2324.0,-2669.0,-1856.0,224,0.10842299461364746,9
-2474.0,-2616.0,-1891.0,236,0.11233091354370117,10
-2273.0,-2672.0,-1914.0,240,0.11355185508728027,10
