z1,z2,z3,node,time,depth
20826.0,16484.0,20148.0,1,0.013143062591552734,1
17690.0,19132.0,17390.0,1,0.013153076171875,1
17393.0,19399.0,18157.0,1,0.013163089752197266,1
18399.0,17822.0,18226.0,1,0.013173103332519531,1
19470.0,17439.0,19527.0,4,0.03617095947265625,3
19697.0,17591.0,18972.0,7,0.06658506393432617,4
19309.0,17461.0,19692.0,7,0.06659507751464844,4
20433.0,17136.0,19996.0,8,0.07120299339294434,5
