z1,z2,z3,node,time,depth
-8635.0,-8375.0,-8282.0,127,0.04599595069885254,7
-8336.0,-8669.0,-8270.0,157,0.06082510948181152,7
-8295.0,-8693.0,-8108.0,159,0.061573028564453125,5
-8492.0,-8453.0,-8208.0,163,0.06322193145751953,6
-8343.0,-8666.0,-8285.0,174,0.06756401062011719,6
-7725.0,-8419.0,-9063.0,176,0.06837797164916992,3
-8065.0,-8101.0,-9237.0,182,0.07084298133850098,6
-7922.0,-8179.0,-9163.0,183,0.07120108604431152,4
-7766.0,-8395.0,-9225.0,185,0.07187700271606445,5
