z1,z2,z3,node,time,depth
-3786.0,-3751.0,-3080.0,1,0.0015180110931396484,1
-3792.0,-3738.0,-3117.0,1,0.0015192031860351562,1
-3382.0,-3319.0,-3860.0,3,0.0038650035858154297,2
-3388.0,-3306.0,-3897.0,5,0.005709171295166016,3
-3322.0,-3396.0,-3766.0,16,0.01335906982421875,5
-3155.0,-3410.0,-3780.0,32,0.023324012756347656,6
-3293.0,-4039.0,-3234.0,34,0.02431511878967285,6
-2751.0,-2978.0,-4560.0,56,0.03725314140319824,7
-2889.0,-3607.0,-4014.0,60,0.03968214988708496,7
