z1,z2,z3,node,time,depth
-9929.0,-8063.0,-10005.0,1,0.0009908676147460938,1
-9247.0,-8742.0,-9246.0,2,0.0015320777893066406,2
-8284.0,-9414.0,-8622.0,45,0.017982006072998047,6
-8553.0,-9636.0,-8619.0,48,0.018826007843017578,6
-8966.0,-8735.0,-9381.0,50,0.01984691619873047,4
-9235.0,-8957.0,-9378.0,59,0.023424863815307617,5
