z1,z2,z3,node,time,depth
19266.0,17646.0,18447.0,1,0.02663111686706543,1
17521.0,19975.0,17266.0,1,0.026641130447387695,1
17531.0,19755.0,16975.0,1,0.026652097702026367,1
18561.0,18148.0,18673.0,1,0.02666306495666504,1
18695.0,17760.0,19552.0,1,0.02667403221130371,1
20545.0,16816.0,19526.0,1,0.026684999465942383,1
20139.0,16991.0,20574.0,1,0.026695966720581055,1
18130.0,19055.0,18292.0,7,0.09054803848266602,4
