z1,z2,z3,node,time,depth
25.0,24.0,15.0,1,0.0060460567474365234,1
27.0,20.0,18.0,1,0.0060498714447021484,1
17.0,29.0,27.0,1,0.006053924560546875,1
19.0,27.0,24.0,1,0.0060579776763916016,1
35.0,13.0,34.0,1,0.006062984466552734,1
16.0,29.0,32.0,1,0.0060770511627197266,1
20.0,23.0,32.0,1,0.006081104278564453,1
32.0,14.0,32.0,1,0.006084918975830078,1
34.0,17.0,21.0,1,0.006088972091674805,1
41.0,12.0,33.0,1,0.006103992462158203,1
38.0,13.0,31.0,1,0.006108999252319336,1
28.0,18.0,22.0,1,0.006114006042480469,1
28.0,16.0,32.0,1,0.0061190128326416016,1
20.0,24.0,25.0,1,0.006123065948486328,1
25.0,19.0,29.0,1,0.0061380863189697266,1
24.0,19.0,34.0,1,0.006143093109130859,1
25.0,22.0,20.0,28,0.11334896087646484,8
24.0,25.0,19.0,28,0.1133580207824707,8
31.0,16.0,28.0,28,0.11336994171142578,8
24.0,21.0,24.0,28,0.11338591575622559,8
21.0,27.0,21.0,29,0.12016701698303223,8
23.0,23.0,24.0,29,0.12017107009887695,8
29.0,17.0,26.0,29,0.12017989158630371,8
38.0,15.0,26.0,29,0.12018394470214844,8
32.0,16.0,27.0,29,0.12018799781799316,8
33.0,15.0,31.0,29,0.12019205093383789,8
18.0,27.0,29.0,31,0.1351149082183838,9
41.0,14.0,29.0,44,0.19354510307312012,11
37.0,16.0,24.0,61,0.2520899772644043,13
31.0,17.0,25.0,61,0.25209903717041016,13
27.0,22.0,17.0,61,0.2521030902862549,13
30.0,19.0,21.0,61,0.2521069049835205,13
36.0,15.0,29.0,64,0.2661628723144531,14
27.0,19.0,26.0,77,0.3107569217681885,15
19.0,26.0,36.0,81,0.3162050247192383,15
34.0,15.0,30.0,105,0.3695991039276123,17
31.0,15.0,34.0,105,0.3696119785308838,17
26.0,21.0,22.0,107,0.37604403495788574,17
23.0,26.0,18.0,113,0.3885219097137451,17
27.0,18.0,28.0,114,0.3937690258026123,18
30.0,16.0,30.0,115,0.39804697036743164,18
27.0,17.0,31.0,124,0.4202549457550049,19
23.0,24.0,23.0,125,0.4242398738861084,19
26.0,18.0,30.0,125,0.424252986907959,19
22.0,22.0,37.0,128,0.429279088973999,19
23.0,21.0,29.0,150,0.4711720943450928,21
25.0,20.0,26.0,153,0.47794198989868164,21
21.0,23.0,27.0,199,0.5578029155731201,29
29.0,23.0,16.0,206,0.5695819854736328,30
