z1,z2,z3,node,time,depth
65.0,72.0,74.0,1,0.147385835647583,1
69.0,66.0,74.0,1,0.14739584922790527,1
82.0,62.0,63.0,1,0.14740681648254395,1
102.0,110.0,51.0,1,0.14742803573608398,1
71.0,76.0,64.0,1,0.14744782447814941,1
72.0,55.0,88.0,1,0.14754295349121094,1
64.0,87.0,70.0,1,0.14760494232177734,1
61.0,67.0,84.0,1,0.1476149559020996,1
82.0,77.0,59.0,1,0.14775896072387695,1
92.0,53.0,82.0,1,0.1477799415588379,1
98.0,101.0,57.0,2,0.19762682914733887,2
100.0,99.0,57.0,2,0.1976478099822998,2
99.0,96.0,58.0,16,0.9368829727172852,3
97.0,98.0,58.0,16,0.9369139671325684,3
108.0,103.0,54.0,91,4.881202936172485,5
111.0,99.0,55.0,99,5.3269689083099365,6
103.0,101.0,56.0,99,5.3272058963775635,6
107.0,103.0,55.0,131,6.699172019958496,10
105.0,106.0,52.0,134,7.016887903213501,5
106.0,93.0,57.0,134,7.01689887046814,5
81.0,113.0,62.0,134,7.016908884048462,5
90.0,111.0,56.0,134,7.017024040222168,5
105.0,91.0,58.0,134,7.017163991928101,5
103.0,93.0,58.0,134,7.017320871353149,5
97.0,108.0,53.0,134,7.017330884933472,5
89.0,111.0,57.0,139,7.472813844680786,8
92.0,107.0,58.0,140,7.537603855133057,9
100.0,104.0,54.0,140,7.5376670360565186,9
93.0,107.0,57.0,140,7.537739038467407,9
104.0,106.0,53.0,146,7.921221017837524,13
99.0,104.0,55.0,146,7.921428918838501,13
105.0,98.0,56.0,186,8.72420883178711,12
107.0,96.0,56.0,186,8.72422981262207,12
104.0,95.0,57.0,186,8.724323987960815,12
97.0,104.0,57.0,199,9.523622035980225,11
96.0,108.0,54.0,200,9.568805932998657,12
101.0,110.0,52.0,215,9.765980005264282,14
96.0,104.0,58.0,215,9.76602292060852,14
95.0,113.0,54.0,223,9.945242881774902,12
94.0,113.0,55.0,237,10.255568027496338,13
89.0,110.0,58.0,248,10.69371485710144,8
71.0,73.0,72.0,298,14.649147987365723,7
75.0,64.0,75.0,310,15.55225682258606,8
62.0,109.0,83.0,330,16.96788501739502,10
75.0,71.0,71.0,375,19.73901891708374,10
104.0,51.0,105.0,410,22.3244948387146,15
59.0,95.0,102.0,410,22.324580907821655,15
59.0,97.0,97.0,410,22.324590921401978,15
60.0,90.0,105.0,419,22.71608591079712,19
60.0,92.0,100.0,434,23.52710485458374,18
60.0,98.0,96.0,435,23.602377891540527,19
102.0,52.0,104.0,454,24.61124300956726,16
