z1,z2,z3,node,time,depth
-2178.0,-3152.0,-2633.0,22,0.02256298065185547,5
-2811.0,-2413.0,-3242.0,26,0.026241064071655273,5
-3554.0,-1529.0,-3595.0,106,0.07500696182250977,7
-2406.0,-2739.0,-2472.0,133,0.09084105491638184,7
-3974.0,-878.0,-4085.0,202,0.12153387069702148,8
-3966.0,-996.0,-4107.0,206,0.1236879825592041,8
-3542.0,-1680.0,-3564.0,230,0.13435888290405273,8
-1592.0,-3422.0,-1715.0,302,0.16430997848510742,9
-2362.0,-2851.0,-2395.0,352,0.18552899360656738,9
-2321.0,-2935.0,-2458.0,356,0.18661904335021973,9
-2332.0,-2828.0,-2478.0,362,0.1889479160308838,10
-2852.0,-2396.0,-3155.0,368,0.19139409065246582,10
-2291.0,-2912.0,-2541.0,390,0.19948887825012207,10
-1636.0,-3310.0,-1792.0,396,0.20168495178222656,10
-3493.0,-1539.0,-3742.0,400,0.20331501960754395,10
-3485.0,-1657.0,-3764.0,402,0.20437192916870117,10
-3061.0,-2341.0,-3221.0,416,0.20931100845336914,10
-2365.0,-2823.0,-2535.0,426,0.21316790580749512,10
-2288.0,-2940.0,-2401.0,428,0.21382904052734375,11
-2808.0,-2508.0,-3078.0,432,0.21507787704467773,11
-2247.0,-3024.0,-2464.0,440,0.21758604049682617,11
-3441.0,-1769.0,-3687.0,446,0.21941208839416504,11
-3017.0,-2453.0,-3144.0,450,0.22066998481750488,11
