z1,z2,z3,node,time,depth
-49.0,-40.0,-47.0,1,0.0023229122161865234,1
-47.0,-40.0,-50.0,1,0.0023338794708251953,1
-32.0,-67.0,-33.0,3,0.006538867950439453,2
-44.0,-54.0,-45.0,5,0.010786056518554688,3
-46.0,-44.0,-48.0,29,0.04318094253540039,5
-47.0,-44.0,-45.0,29,0.043183088302612305,5
-40.0,-60.0,-38.0,55,0.0650019645690918,6
-38.0,-63.0,-36.0,86,0.09313201904296875,7
-34.0,-66.0,-32.0,168,0.1522068977355957,8
-37.0,-58.0,-41.0,194,0.17328596115112305,8
-36.0,-61.0,-40.0,197,0.17586302757263184,8
-43.0,-55.0,-44.0,216,0.18405604362487793,9
-30.0,-65.0,-34.0,336,0.2478780746459961,10
-39.0,-58.0,-40.0,350,0.2546229362487793,11
-42.0,-57.0,-43.0,368,0.2646059989929199,12
-47.0,-42.0,-49.0,392,0.2775399684906006,13
-38.0,-60.0,-39.0,408,0.2863500118255615,15
-48.0,-42.0,-46.0,414,0.28887391090393066,15
-44.0,-55.0,-41.0,416,0.2895529270172119,16
