z1,z2,z3,node,time,depth
-19699.0,-16471.0,-20713.0,2,0.005228996276855469,2
-20445.0,-15622.0,-21182.0,3,0.008394956588745117,3
-20188.0,-15617.0,-21341.0,28,0.031893014907836914,14
-20491.0,-15634.0,-21120.0,96,0.06967282295227051,14
-20234.0,-15629.0,-21279.0,163,0.11167192459106445,13
-20980.0,-14780.0,-21748.0,365,0.22538185119628906,13
-20828.0,-14780.0,-21942.0,376,0.23409700393676758,5
-20812.0,-14810.0,-21980.0,376,0.2340998649597168,5
-19837.0,-16370.0,-20425.0,535,0.3285670280456543,13
