z1,z2,z3,node,time,depth
21394.0,20522.0,20810.0,1,0.026122093200683594,1
20097.0,22615.0,20686.0,1,0.026133060455322266,1
21916.0,21675.0,19693.0,1,0.026144027709960938,1
21104.0,20752.0,19867.0,1,0.02615499496459961,1
20093.0,20880.0,21346.0,1,0.026176929473876953,1
