z1,z2,z3,node,time,depth
17500.0,15560.0,18980.0,1,0.014927148818969727,1
19474.0,16930.0,16615.0,1,0.014935016632080078,1
18379.0,17634.0,16376.0,1,0.014943122863769531,1
16291.0,18127.0,17994.0,1,0.014950037002563477,1
16874.0,18050.0,17395.0,1,0.01495814323425293,1
17691.0,17347.0,16953.0,1,0.014965057373046875,1
17223.0,18074.0,17159.0,4,0.04256916046142578,3
