z1,z2,z3,node,time,depth
-36.0,-28.0,-41.0,1,0.0013730525970458984,1
-32.0,-34.0,-29.0,1,0.0013790130615234375,1
-38.0,-27.0,-38.0,16,0.018472909927368164,5
-30.0,-31.0,-32.0,32,0.0329439640045166,6
-43.0,-20.0,-45.0,66,0.055809974670410156,7
-14.0,-38.0,-19.0,72,0.05909991264343262,7
-33.0,-31.0,-29.0,95,0.0711829662322998,8
-37.0,-28.0,-38.0,104,0.07506990432739258,8
-15.0,-35.0,-19.0,110,0.07770800590515137,8
-17.0,-38.0,-16.0,162,0.09879803657531738,10
