z1,z2,z3,node,time,depth
-8310.0,-9611.0,-10846.0,1,0.0005998611450195312,1
-8441.0,-9501.0,-11017.0,2,0.0011410713195800781,2
-8687.0,-9294.0,-10473.0,3,0.0015270709991455078,2
-8818.0,-9184.0,-10644.0,5,0.002399921417236328,3
-9063.0,-8818.0,-10811.0,12,0.0047168731689453125,5
-8949.0,-9039.0,-11005.0,16,0.0061419010162353516,6
-8660.0,-9245.0,-11151.0,18,0.006864070892333984,6
-9326.0,-8722.0,-10632.0,22,0.008630037307739258,7
-9037.0,-8928.0,-10778.0,24,0.009505987167358398,7
