z1,z2,z3,node,time,depth
60.0,70.0,50.0,1,0.03763890266418457,1
54.0,54.0,68.0,1,0.03764986991882324,1
75.0,50.0,61.0,1,0.03769397735595703,1
50.0,60.0,70.0,1,0.03771495819091797,1
50.0,67.0,64.0,1,0.03773689270019531,1
63.0,62.0,57.0,15,0.38706088066101074,2
59.0,99.0,63.0,35,1.2542059421539307,12
