z1,z2,z3,node,time,depth
-9470.0,-7671.0,-8254.0,1,0.0008301734924316406,1
-8373.0,-8377.0,-8264.0,1,0.0008311271667480469,1
-8502.0,-8027.0,-8606.0,2,0.0015511512756347656,2
-9063.0,-7985.0,-7986.0,19,0.008270025253295898,7
-8746.0,-8091.0,-8462.0,66,0.028371095657348633,6
