z1,z2,z3,node,time,depth
5989.0,3972.0,3140.0,1,0.0024521350860595703,1
4249.0,6081.0,5773.0,1,0.002457141876220703,1
4765.0,5508.0,6317.0,2,0.008064985275268555,2
5034.0,5794.0,5743.0,9,0.04630899429321289,4
5265.0,5419.0,6140.0,17,0.08984899520874023,5
5456.0,6912.0,5089.0,29,0.15302300453186035,6
5512.0,5568.0,6111.0,42,0.21230697631835938,7
5928.0,6578.0,4795.0,43,0.21938204765319824,7
5982.0,5552.0,5184.0,67,0.32758307456970215,9
5986.0,5861.0,4915.0,86,0.4046001434326172,11
5861.0,5561.0,5857.0,99,0.45485401153564453,12
