z1,z2,z3,node,time,depth
19746.0,22896.0,20264.0,1,0.03442096710205078,1
17954.0,25719.0,18037.0,1,0.03443479537963867,1
20326.0,23666.0,19435.0,1,0.034448862075805664,1
23349.0,19982.0,22402.0,1,0.034462928771972656,1
22520.0,20441.0,22524.0,1,0.03447699546813965,1
21053.0,21350.0,21133.0,1,0.03449082374572754,1
22280.0,20823.0,21563.0,1,0.03450584411621094,1
20400.0,23006.0,20247.0,14,0.3721318244934082,5
21621.0,21285.0,21802.0,40,0.7425827980041504,8
