z1,z2,z3,node,time,depth
84.0,56.0,51.0,1,0.033023834228515625,1
65.0,55.0,58.0,1,0.033032894134521484,1
51.0,74.0,58.0,1,0.03304290771484375,1
76.0,49.0,60.0,1,0.033082008361816406,1
66.0,51.0,63.0,1,0.033093929290771484,1
45.0,59.0,79.0,1,0.03312182426452637,1
48.0,73.0,66.0,1,0.03313088417053223,1
89.0,46.0,94.0,18,0.1747589111328125,3
91.0,48.0,90.0,27,0.23103785514831543,9
51.0,73.0,65.0,52,0.3850729465484619,4
93.0,48.0,85.0,70,0.5089888572692871,5
63.0,65.0,60.0,88,0.6540868282318115,7
