z1,z2,z3,node,time,depth
21029.0,15069.0,21376.0,1,0.012084007263183594,1
19904.0,16849.0,19331.0,1,0.012092113494873047,1
17272.0,18409.0,18015.0,1,0.012100934982299805,1
17489.0,19850.0,17820.0,1,0.012118101119995117,1
18929.0,18372.0,18770.0,21,0.12137103080749512,6
18359.0,18025.0,19458.0,21,0.12140607833862305,6
19585.0,17874.0,20142.0,21,0.1214151382446289,6
