z1,z2,z3,node,time,depth
-19343.0,-16339.0,-19240.0,11,0.018092870712280273,4
-19562.0,-16288.0,-19052.0,24,0.037474870681762695,5
-19553.0,-16404.0,-19028.0,24,0.037477970123291016,5
-18395.0,-17388.0,-17877.0,31,0.046379804611206055,5
-17984.0,-17504.0,-17937.0,72,0.09943699836730957,7
-18901.0,-17032.0,-18551.0,73,0.10025191307067871,7
-19402.0,-16234.0,-19109.0,81,0.1100459098815918,7
-18819.0,-16839.0,-18650.0,90,0.12179684638977051,7
-18454.0,-17283.0,-17746.0,103,0.1367638111114502,7
-18810.0,-16955.0,-18626.0,165,0.20829486846923828,8
-18311.0,-17337.0,-17915.0,188,0.2347729206085205,8
-18302.0,-17453.0,-17891.0,301,0.3455967903137207,9
-19352.0,-16223.0,-19264.0,486,0.49422693252563477,11
-19396.0,-13448.0,-19349.0,843,0.7707509994506836,14
-19602.0,-13590.0,-19283.0,843,0.7707529067993164,14
-15311.0,-17741.0,-14490.0,905,0.817234992980957,14
-15227.0,-17763.0,-14616.0,907,0.8187029361724854,14
-19453.0,-16189.0,-19149.0,1006,0.8894698619842529,15
-19462.0,-16073.0,-19173.0,1008,0.891075849533081,15
-19011.0,-16882.0,-18460.0,1026,0.9040408134460449,15
-19020.0,-16766.0,-18484.0,1028,0.9056828022003174,15
-18952.0,-16987.0,-18591.0,1186,1.0113039016723633,16
-15199.0,-17571.0,-14814.0,1261,1.0581538677215576,17
-18961.0,-16871.0,-18615.0,1368,1.1236019134521484,18
-15328.0,-17594.0,-14751.0,1386,1.1330559253692627,19
