z1,z2,z3,node,time,depth
-2656.0,-3851.0,-3126.0,1,0.0015370845794677734,1
-2125.0,-3492.0,-3385.0,65,0.031777143478393555,10
-2345.0,-3335.0,-3552.0,73,0.035104990005493164,8
-2380.0,-3589.0,-3331.0,74,0.03606915473937988,3
-2001.0,-3921.0,-3050.0,127,0.061872005462646484,10
-2221.0,-3764.0,-3217.0,131,0.0636589527130127,8
-2436.0,-4008.0,-2959.0,141,0.06812500953674316,8
-2575.0,-3482.0,-3298.0,187,0.09328699111938477,5
-2618.0,-3396.0,-3279.0,221,0.10843610763549805,8
