z1,z2,z3,node,time,depth
-4658.0,-2499.0,-2853.0,1,0.0015749931335449219,1
-3685.0,-3258.0,-3688.0,1,0.0015869140625,1
-3428.0,-4184.0,-3021.0,1,0.0015888214111328125,1
-4067.0,-3524.0,-3381.0,1,0.0015950202941894531,1
-3046.0,-3918.0,-3328.0,2,0.0035028457641601562,2
-3717.0,-2141.0,-3533.0,89,0.04618382453918457,2
-3528.0,-3883.0,-2074.0,108,0.05514979362487793,10
-4167.0,-3223.0,-2434.0,164,0.07756590843200684,10
