z1,z2,z3,node,time,depth
-33.0,-19.0,-29.0,1,0.0022640228271484375,1
-31.0,-24.0,-25.0,2,0.004647970199584961,2
-27.0,-27.0,-24.0,5,0.011000871658325195,3
-30.0,-26.0,-24.0,16,0.02672600746154785,5
-32.0,-20.0,-24.0,40,0.046328067779541016,6
-23.0,-21.0,-27.0,57,0.058038949966430664,6
-21.0,-26.0,-25.0,60,0.059031009674072266,7
-21.0,-23.0,-26.0,74,0.06827688217163086,7
-22.0,-19.0,-31.0,82,0.0734410285949707,7
-17.0,-29.0,-24.0,96,0.08081388473510742,8
-16.0,-30.0,-22.0,97,0.08133101463317871,8
-18.0,-27.0,-25.0,106,0.0861198902130127,8
-19.0,-26.0,-30.0,126,0.09536504745483398,8
-20.0,-28.0,-22.0,138,0.10059094429016113,9
-16.0,-31.0,-21.0,144,0.10283493995666504,9
-24.0,-19.0,-30.0,172,0.11310601234436035,9
-21.0,-20.0,-30.0,174,0.11379384994506836,9
-20.0,-22.0,-29.0,176,0.11448407173156738,9
-24.0,-20.0,-29.0,178,0.11519289016723633,9
-25.0,-20.0,-27.0,182,0.11713004112243652,10
-25.0,-21.0,-26.0,194,0.12172389030456543,11
