z1,z2,z3,node,time,depth
21485.0,19520.0,20066.0,1,0.022178173065185547,1
18548.0,19728.0,22219.0,1,0.022190093994140625,1
20322.0,20578.0,19693.0,1,0.022201061248779297,1
20350.0,19499.0,20207.0,1,0.022212982177734375,1
20566.0,18890.0,20397.0,1,0.022223949432373047,1
20073.0,19320.0,20796.0,7,0.0984189510345459,4
19817.0,20449.0,21048.0,9,0.12390708923339844,5
20147.0,20039.0,20618.0,13,0.164139986038208,7
19943.0,19998.0,21110.0,15,0.18628311157226562,8
20783.0,19877.0,20135.0,17,0.20683002471923828,9
