z1,z2,z3,node,time,depth
-9831.0,-7698.0,-10674.0,3,0.0019469261169433594,2
-10085.0,-7565.0,-10685.0,5,0.002810955047607422,3
-9262.0,-8477.0,-9988.0,13,0.0063059329986572266,4
-9477.0,-8446.0,-9802.0,30,0.015964984893798828,6
-9262.0,-8634.0,-9841.0,36,0.01947808265686035,6
-9477.0,-8289.0,-9949.0,56,0.026948928833007812,8
