z1,z2,z3,node,time,depth
-46.0,-41.0,-44.0,1,0.004656076431274414,1
-41.0,-29.0,-47.0,1,0.004678010940551758,1
-48.0,-52.0,-29.0,2,0.00828409194946289,2
-41.0,-45.0,-42.0,2,0.00828695297241211,2
-41.0,-43.0,-44.0,2,0.008296966552734375,2
-38.0,-33.0,-45.0,3,0.011933088302612305,3
-41.0,-31.0,-45.0,56,0.05950307846069336,7
-44.0,-28.0,-46.0,77,0.07572197914123535,14
-41.0,-30.0,-46.0,82,0.07862710952758789,13
-53.0,-39.0,-23.0,115,0.11780714988708496,6
-51.0,-31.0,-32.0,220,0.1899731159210205,15
-48.0,-28.0,-39.0,238,0.20096898078918457,15
-51.0,-34.0,-31.0,377,0.29952311515808105,8
-47.0,-44.0,-38.0,430,0.35205507278442383,5
-50.0,-44.0,-34.0,633,0.5541059970855713,14
-49.0,-47.0,-30.0,636,0.5554511547088623,14
-49.0,-42.0,-36.0,637,0.5558300018310547,13
-51.0,-45.0,-29.0,640,0.556887149810791,10
-45.0,-47.0,-37.0,814,0.7159690856933594,10
-45.0,-42.0,-43.0,815,0.7163281440734863,9
-47.0,-45.0,-35.0,816,0.7166581153869629,8
-52.0,-44.0,-30.0,817,0.7207810878753662,2
-46.0,-46.0,-38.0,904,0.817950963973999,10
-50.0,-46.0,-31.0,919,0.8330140113830566,13
-49.0,-40.0,-38.0,920,0.8334009647369385,12
-48.0,-44.0,-36.0,923,0.8344330787658691,9
-50.0,-41.0,-37.0,985,0.9027111530303955,9
-35.0,-35.0,-45.0,987,0.9063451290130615,7
-51.0,-47.0,-26.0,1007,0.9271450042724609,3
-39.0,-47.0,-42.0,1008,0.9303209781646729,4
-39.0,-52.0,-36.0,1208,1.0823590755462646,10
-38.0,-52.0,-39.0,1276,1.1527421474456787,5
-38.0,-50.0,-41.0,1276,1.1527509689331055,5
-41.0,-48.0,-41.0,1276,1.152756929397583,5
-44.0,-51.0,-35.0,1278,1.15773606300354,7
-47.0,-51.0,-31.0,1343,1.214771032333374,14
-46.0,-54.0,-27.0,1346,1.216102123260498,14
-46.0,-49.0,-33.0,1347,1.2164981365203857,13
-42.0,-54.0,-34.0,1384,1.248871088027954,10
-42.0,-49.0,-40.0,1385,1.2492330074310303,9
-44.0,-52.0,-32.0,1386,1.2495899200439453,8
-45.0,-44.0,-40.0,1389,1.2547640800476074,7
-45.0,-49.0,-34.0,1395,1.2622439861297607,9
-44.0,-46.0,-39.0,1407,1.2698731422424316,15
-43.0,-44.0,-41.0,1409,1.270625114440918,13
-42.0,-43.0,-42.0,1410,1.2710070610046387,12
-47.0,-47.0,-32.0,1428,1.2806289196014404,10
-49.0,-49.0,-27.0,1430,1.2813429832458496,8
