z1,z2,z3,node,time,depth
-61.0,-38.0,-27.0,1,0.0039520263671875,1
-47.0,-49.0,-55.0,1,0.0039560794830322266,1
-59.0,-44.0,-33.0,1,0.003958940505981445,1
-46.0,-59.0,-50.0,1,0.003962993621826172,1
-47.0,-53.0,-53.0,1,0.003966093063354492,1
-55.0,-50.0,-41.0,1,0.003969907760620117,1
-56.0,-44.0,-44.0,1,0.0039730072021484375,1
-53.0,-37.0,-50.0,1,0.003977060317993164,1
-61.0,-37.0,-40.0,1,0.003980875015258789,1
-53.0,-43.0,-49.0,1,0.003983974456787109,1
-41.0,-49.0,-58.0,1,0.003988027572631836,1
-40.0,-61.0,-54.0,1,0.003990888595581055,1
-35.0,-56.0,-60.0,1,0.003994941711425781,1
-45.0,-53.0,-56.0,1,0.0039980411529541016,1
-52.0,-46.0,-49.0,2,0.010518074035644531,2
-50.0,-50.0,-50.0,2,0.01052093505859375,2
-48.0,-48.0,-54.0,2,0.010531902313232422,2
-42.0,-57.0,-53.0,4,0.018882036209106445,3
-32.0,-58.0,-56.0,4,0.018886089324951172,3
-51.0,-53.0,-37.0,4,0.018889904022216797,3
-48.0,-55.0,-49.0,4,0.018897056579589844,3
-41.0,-55.0,-57.0,5,0.022402048110961914,3
-50.0,-53.0,-42.0,5,0.02242302894592285,3
-55.0,-43.0,-46.0,6,0.0257110595703125,3
-57.0,-42.0,-37.0,6,0.025728940963745117,3
-50.0,-51.0,-44.0,8,0.03167986869812012,4
-51.0,-48.0,-46.0,11,0.039505958557128906,4
-54.0,-36.0,-48.0,12,0.04240894317626953,4
-36.0,-52.0,-58.0,16,0.05134987831115723,5
-51.0,-47.0,-50.0,20,0.06122589111328125,5
-46.0,-52.0,-55.0,21,0.0635979175567627,5
-53.0,-44.0,-45.0,28,0.07767009735107422,5
-49.0,-47.0,-52.0,32,0.08449006080627441,6
-44.0,-54.0,-52.0,45,0.10896992683410645,6
