z1,z2,z3,node,time,depth
-75.0,-87.0,-59.0,1,0.004031181335449219,1
-69.0,-68.0,-82.0,1,0.004082202911376953,1
-85.0,-75.0,-75.0,8,0.02720808982849121,4
-87.0,-75.0,-73.0,9,0.030920028686523438,4
-79.0,-84.0,-63.0,16,0.050646066665649414,5
-83.0,-73.0,-76.0,24,0.0703120231628418,5
-87.0,-81.0,-66.0,26,0.07548403739929199,5
-80.0,-80.0,-74.0,37,0.09995412826538086,6
-90.0,-74.0,-69.0,41,0.10814619064331055,6
-85.0,-79.0,-74.0,54,0.13614201545715332,6
-84.0,-80.0,-72.0,108,0.23168611526489258,7
-77.0,-66.0,-79.0,156,0.29842114448547363,8
-75.0,-64.0,-80.0,198,0.3500971794128418,8
-78.0,-78.0,-75.0,372,0.518186092376709,9
-81.0,-71.0,-77.0,533,0.652083158493042,10
-79.0,-69.0,-78.0,638,0.723607063293457,10
-87.0,-76.0,-71.0,782,0.8241920471191406,11
-88.0,-74.0,-71.0,884,0.885749101638794,11
-94.0,-64.0,-56.0,1139,1.0288550853729248,12
-82.0,-77.0,-75.0,1318,1.1257541179656982,13
-80.0,-81.0,-72.0,1336,1.1343450546264648,13
-82.0,-82.0,-70.0,1412,1.1716341972351074,13
-92.0,-76.0,-65.0,1466,1.1990821361541748,13
-74.0,-71.0,-79.0,1526,1.2298099994659424,14
-93.0,-63.0,-58.0,1557,1.2439630031585693,14
-92.0,-73.0,-67.0,1576,1.2522931098937988,14
-89.0,-78.0,-67.0,1578,1.253014087677002,14
-77.0,-74.0,-78.0,1644,1.2825381755828857,15
-82.0,-83.0,-68.0,1672,1.294964075088501,15
-80.0,-75.0,-76.0,1716,1.313256025314331,16
-72.0,-69.0,-80.0,1718,1.3140590190887451,16
-89.0,-77.0,-69.0,1720,1.3148560523986816,16
-77.0,-84.0,-65.0,1758,1.330869197845459,20
