z1,z2,z3,node,time,depth
-40.0,-28.0,-45.0,1,0.0012578964233398438,1
-35.0,-36.0,-35.0,1,0.0012629032135009766,1
-37.0,-33.0,-35.0,15,0.01627492904663086,4
-45.0,-14.0,-47.0,30,0.027611970901489258,6
-41.0,-27.0,-44.0,38,0.032457828521728516,6
-44.0,-15.0,-48.0,140,0.08682990074157715,9
-18.0,-38.0,-20.0,184,0.10460591316223145,10
-43.0,-30.0,-42.0,194,0.10820984840393066,10
