z1,z2,z3,node,time,depth
90.0,71.0,78.0,1,0.024707794189453125,1
80.0,100.0,54.0,1,0.024715900421142578,1
71.0,87.0,78.0,1,0.024724960327148438,1
72.0,96.0,72.0,1,0.024734020233154297,1
69.0,69.0,96.0,1,0.02475881576538086,1
79.0,76.0,93.0,13,0.11252188682556152,2
77.0,79.0,86.0,13,0.11257195472717285,2
109.0,68.0,109.0,25,0.4019019603729248,4
80.0,84.0,78.0,57,0.8080840110778809,7
115.0,93.0,77.0,62,0.87282395362854,11
113.0,94.0,77.0,69,0.9090240001678467,13
85.0,83.0,80.0,109,1.266294002532959,10
120.0,94.0,70.0,115,1.4400999546051025,13
118.0,95.0,70.0,117,1.4649968147277832,15
121.0,90.0,74.0,118,1.4790449142456055,16
114.0,95.0,75.0,119,1.4882419109344482,17
117.0,94.0,72.0,135,1.600898027420044,16
120.0,89.0,76.0,151,1.6855947971343994,18
113.0,99.0,71.0,160,1.735663890838623,15
123.0,89.0,74.0,160,1.735724925994873,15
119.0,93.0,72.0,161,1.7503719329833984,16
116.0,94.0,75.0,174,1.8493618965148926,16
122.0,88.0,76.0,175,1.8645257949829102,17
116.0,96.0,71.0,189,2.0216169357299805,14
119.0,91.0,75.0,190,2.043710947036743,15
117.0,92.0,75.0,190,2.0437660217285156,15
114.0,97.0,71.0,190,2.043773889541626,15
115.0,95.0,73.0,215,2.1955108642578125,15
116.0,91.0,77.0,216,2.2074148654937744,16
118.0,90.0,77.0,216,2.207422971725464,16
