z1,z2,z3,node,time,depth
-16706.0,-19711.0,-18605.0,1,0.0006079673767089844,1
-16616.0,-20157.0,-18513.0,1,0.0006129741668701172,1
-15993.0,-20161.0,-19167.0,1,0.0006151199340820312,1
-16083.0,-19715.0,-19259.0,2,0.0015380382537841797,2
-16090.0,-19843.0,-19215.0,87,0.04534602165222168,8
