z1,z2,z3,node,time,depth
-52.0,-39.0,-54.0,1,0.0027968883514404297,1
-51.0,-53.0,-49.0,1,0.002798795700073242,1
-47.0,-58.0,-45.0,8,0.01723480224609375,4
-53.0,-39.0,-53.0,43,0.06928396224975586,6
-49.0,-53.0,-50.0,79,0.11491990089416504,7
-46.0,-61.0,-43.0,122,0.16856694221496582,7
-41.0,-67.0,-37.0,129,0.17421793937683105,8
-45.0,-58.0,-46.0,139,0.18285799026489258,8
-47.0,-44.0,-51.0,238,0.2827799320220947,9
-52.0,-40.0,-48.0,667,0.606738805770874,13
-49.0,-59.0,-41.0,676,0.6110219955444336,13
-52.0,-43.0,-47.0,742,0.642570972442627,14
-42.0,-65.0,-36.0,766,0.653066873550415,14
-54.0,-37.0,-52.0,810,0.671860933303833,15
-44.0,-64.0,-38.0,822,0.6765108108520508,15
-36.0,-70.0,-33.0,828,0.6786718368530273,15
-41.0,-65.0,-39.0,830,0.6793568134307861,15
-48.0,-59.0,-44.0,846,0.6852498054504395,15
-45.0,-60.0,-45.0,850,0.6865518093109131,15
-53.0,-43.0,-46.0,856,0.6887009143829346,16
-19.0,-71.0,-18.0,858,0.6893908977508545,16
