z1,z2,z3,node,time,depth
18092.0,16972.0,18468.0,1,0.0034410953521728516,1
17627.0,17572.0,17187.0,1,0.0034492015838623047,1
