z1,z2,z3,node,time,depth
-4204.0,-2736.0,-3802.0,1,0.00191497802734375,1
-3892.0,-3848.0,-2818.0,1,0.0019259452819824219,1
-4055.0,-3660.0,-2697.0,15,0.021792173385620117,4
-2745.0,-2276.0,-3881.0,50,0.05624794960021973,6
-2346.0,-2996.0,-3366.0,69,0.07094502449035645,7
-2501.0,-3914.0,-2463.0,73,0.07300806045532227,7
-2813.0,-2802.0,-3447.0,83,0.07885217666625977,7
-2544.0,-3867.0,-2273.0,232,0.15693306922912598,9
-4324.0,-3148.0,-3356.0,426,0.23865413665771484,10
-2706.0,-4086.0,-1833.0,438,0.242872953414917,11
-3893.0,-3441.0,-3137.0,478,0.255871057510376,11
