z1,z2,z3,node,time,depth
-4069.0,-2341.0,-3517.0,2,0.0022649765014648438,2
-3841.0,-2413.0,-3443.0,6,0.005691051483154297,3
-4779.0,-2678.0,-3264.0,14,0.011143207550048828,4
-4165.0,-2935.0,-2923.0,46,0.02797102928161621,6
-3937.0,-3007.0,-2849.0,54,0.0317540168762207,6
-4875.0,-3272.0,-2670.0,62,0.03576207160949707,6
-3933.0,-3058.0,-3265.0,76,0.041964054107666016,7
-4059.0,-3383.0,-2837.0,118,0.05852198600769043,8
-4476.0,-2916.0,-3427.0,154,0.07212305068969727,8
-3908.0,-3109.0,-2925.0,174,0.0788111686706543,9
-3680.0,-3181.0,-2851.0,196,0.08586502075195312,9
-4029.0,-3652.0,-2671.0,224,0.09499907493591309,10
-4572.0,-3510.0,-2833.0,238,0.09895205497741699,10
-4905.0,-3003.0,-2836.0,240,0.09957408905029297,10
