z1,z2,z3,node,time,depth
25016.0,21832.0,23015.0,1,0.10289716720581055,1
22666.0,22771.0,22698.0,1,0.10291600227355957,1
24510.0,23201.0,21738.0,1,0.1029350757598877,1
21899.0,24735.0,22421.0,1,0.10295414924621582,1
22908.0,22803.0,22041.0,1,0.10297298431396484,1
23461.0,24210.0,21921.0,1,0.10299205780029297,1
21683.0,23683.0,24886.0,1,0.10301017761230469,1
21680.0,24441.0,22825.0,1,0.10308504104614258,1
21752.0,23848.0,24218.0,2,0.21032500267028809,2
22726.0,24092.0,22517.0,40,0.8807640075683594,8
