z1,z2,z3,node,time,depth
22725.0,22157.0,22238.0,1,0.036379098892211914,1
21892.0,24382.0,21307.0,1,0.036390066146850586,1
24216.0,23157.0,21677.0,1,0.03640007972717285,1
21765.0,21768.0,25197.0,1,0.03641104698181152,1
22693.0,21481.0,22945.0,1,0.036422014236450195,1
20726.0,24024.0,22500.0,1,0.03643298149108887,1
22162.0,21957.0,23097.0,1,0.03644299507141113,1
23931.0,21874.0,22545.0,15,0.1881721019744873,5
22280.0,22168.0,23067.0,43,0.40640807151794434,9
