z1,z2,z3,node,time,depth
15958.0,19341.0,17801.0,1,0.0074579715728759766,1
19270.0,16522.0,18610.0,1,0.007465839385986328,1
21486.0,19164.0,16554.0,1,0.007472991943359375,1
17934.0,18393.0,17164.0,1,0.00747990608215332,1
18846.0,18235.0,18524.0,5,0.025673866271972656,3
19776.0,18139.0,18516.0,5,0.02568197250366211,3
