z1,z2,z3,node,time,depth
53.0,82.0,45.0,1,0.03329801559448242,1
77.0,51.0,75.0,1,0.03330516815185547,1
121.0,50.0,109.0,1,0.03331303596496582,1
50.0,115.0,44.0,2,0.04460000991821289,2
51.0,114.0,44.0,2,0.044608116149902344,2
70.0,72.0,60.0,2,0.04461503028869629,2
49.0,118.0,49.0,56,0.9861230850219727,3
63.0,75.0,70.0,75,1.3915460109710693,4
73.0,61.0,71.0,119,3.0683441162109375,7
