z1,z2,z3,node,time,depth
-62.0,-58.0,-71.0,1,0.004168987274169922,1
-69.0,-47.0,-73.0,1,0.004241943359375,1
-66.0,-50.0,-79.0,2,0.00972890853881836,2
-56.0,-61.0,-70.0,3,0.015236854553222656,2
-57.0,-61.0,-68.0,3,0.015295028686523438,2
-61.0,-58.0,-73.0,7,0.03663802146911621,3
-49.0,-63.0,-60.0,10,0.04840588569641113,4
-62.0,-57.0,-78.0,13,0.06182289123535156,4
-66.0,-52.0,-73.0,17,0.07913088798522949,5
-67.0,-46.0,-77.0,25,0.10959291458129883,5
-60.0,-57.0,-79.0,28,0.12122797966003418,5
-57.0,-60.0,-71.0,55,0.18327093124389648,6
-53.0,-61.0,-75.0,55,0.18328189849853516,6
-63.0,-53.0,-86.0,68,0.21258997917175293,6
-59.0,-59.0,-71.0,149,0.3520209789276123,7
-65.0,-52.0,-75.0,197,0.4110579490661621,8
-53.0,-62.0,-56.0,749,0.8661489486694336,10
-68.0,-42.0,-75.0,1119,1.1179370880126953,11
-67.0,-48.0,-67.0,1121,1.118751049041748,11
-64.0,-51.0,-80.0,1170,1.1470980644226074,11
-58.0,-52.0,-89.0,1224,1.1796939373016357,11
-65.0,-53.0,-67.0,1270,1.2083239555358887,12
-65.0,-50.0,-80.0,1332,1.243427038192749,12
-67.0,-47.0,-75.0,1336,1.2449400424957275,12
-62.0,-54.0,-80.0,1375,1.2736010551452637,12
-61.0,-56.0,-86.0,1432,1.3034939765930176,13
-57.0,-59.0,-73.0,1562,1.3750829696655273,14
-63.0,-54.0,-78.0,1596,1.3936610221862793,14
-58.0,-58.0,-79.0,1632,1.4098460674285889,15
-54.0,-59.0,-76.0,1634,1.4106690883636475,15
-64.0,-50.0,-82.0,1662,1.4233078956604004,15
-53.0,-59.0,-78.0,1676,1.4283640384674072,16
-48.0,-63.0,-68.0,1678,1.42923903465271,16
-52.0,-62.0,-64.0,1680,1.430124044418335,16
-54.0,-57.0,-82.0,1692,1.4354510307312012,17
