z1,z2,z3,node,time,depth
-62.0,-43.0,-55.0,1,0.002521991729736328,1
-56.0,-56.0,-67.0,1,0.0025451183319091797,1
-56.0,-51.0,-71.0,1,0.002552032470703125,1
-54.0,-52.0,-70.0,2,0.004709005355834961,2
-57.0,-51.0,-65.0,2,0.0047149658203125,2
-59.0,-44.0,-56.0,20,0.01981210708618164,13
-58.0,-47.0,-54.0,31,0.028510093688964844,11
-58.0,-46.0,-55.0,53,0.04244494438171387,14
-58.0,-42.0,-58.0,85,0.06616997718811035,12
-59.0,-41.0,-57.0,88,0.0678410530090332,13
-61.0,-40.0,-57.0,136,0.09974217414855957,11
-58.0,-41.0,-62.0,188,0.1477489471435547,11
-53.0,-52.0,-76.0,223,0.1785891056060791,2
-53.0,-57.0,-68.0,329,0.2638969421386719,9
-46.0,-57.0,-74.0,336,0.2729451656341553,5
-49.0,-56.0,-75.0,351,0.28409314155578613,10
-46.0,-55.0,-77.0,351,0.28409504890441895,10
-47.0,-55.0,-76.0,353,0.28552913665771484,12
-50.0,-55.0,-74.0,357,0.2872941493988037,9
-52.0,-54.0,-74.0,362,0.2910170555114746,8
-50.0,-56.0,-71.0,363,0.2930641174316406,3
-52.0,-55.0,-70.0,381,0.31320714950561523,10
-53.0,-54.0,-69.0,387,0.31646203994750977,9
-55.0,-53.0,-69.0,389,0.31723594665527344,7
