z1,z2,z3,node,time,depth
-10297.0,-7820.0,-10697.0,1,0.0005939006805419922,1
-9526.0,-8398.0,-9802.0,153,0.062129974365234375,4
-9730.0,-8315.0,-9896.0,164,0.06699585914611816,6
-9551.0,-8317.0,-9617.0,166,0.06783699989318848,4
