z1,z2,z3,node,time,depth
-9323.0,-7609.0,-8818.0,2,0.001538991928100586,2
-9864.0,-7055.0,-8716.0,27,0.011266946792602539,2
-9365.0,-7512.0,-8965.0,51,0.02068781852722168,5
-9617.0,-7398.0,-8958.0,62,0.025046825408935547,6
-9113.0,-7355.0,-9379.0,71,0.028306961059570312,5
