z1,z2,z3,node,time,depth
-9680.0,-9666.0,-8674.0,1,0.0009241104125976562,1
-9680.0,-9472.0,-8906.0,4,0.002753019332885742,4
-9850.0,-9083.0,-8888.0,34,0.01394200325012207,8
-9710.0,-9644.0,-8477.0,36,0.014647960662841797,3
-9710.0,-9450.0,-8709.0,39,0.015799999237060547,6
-9880.0,-9061.0,-8691.0,48,0.018928050994873047,8
-10423.0,-9453.0,-8662.0,53,0.0206451416015625,7
-8944.0,-9152.0,-9037.0,66,0.026067018508911133,10
-9114.0,-8763.0,-9019.0,72,0.028736114501953125,8
-9687.0,-9133.0,-8793.0,77,0.031139135360717773,7
-9657.0,-9155.0,-8990.0,82,0.03327202796936035,6
