z1,z2,z3,node,time,depth
-9009.0,-10946.0,-10102.0,1,0.0026009082794189453,1
-9959.0,-11036.0,-9628.0,1,0.0026040077209472656,1
-9630.0,-11184.0,-9211.0,1,0.0026068687438964844,1
-10466.0,-8939.0,-9847.0,1,0.0026099681854248047,1
-10428.0,-7689.0,-10105.0,1,0.0026128292083740234,1
-9672.0,-9827.0,-10691.0,1,0.0026159286499023438,1
-9634.0,-8577.0,-10949.0,1,0.002619028091430664,1
-8263.0,-8833.0,-10948.0,1,0.002621889114379883,1
-9685.0,-10416.0,-10084.0,2,0.005522012710571289,2
-9727.0,-7930.0,-10315.0,3,0.0077610015869140625,2
-9921.0,-9786.0,-9886.0,4,0.011714935302734375,3
-9167.0,-8583.0,-10853.0,6,0.01607680320739746,3
-9951.0,-9448.0,-9792.0,9,0.02236485481262207,4
-10161.0,-9776.0,-9411.0,11,0.025772809982299805,4
-9899.0,-10185.0,-9879.0,11,0.02577495574951172,4
-7417.0,-9893.0,-10343.0,13,0.028831005096435547,4
-9861.0,-8935.0,-10137.0,16,0.03449583053588867,5
-9964.0,-9247.0,-9811.0,16,0.03451395034790039,5
-9356.0,-10564.0,-9667.0,20,0.0429689884185791,5
-10043.0,-10092.0,-9259.0,22,0.04644894599914551,5
-10034.0,-8624.0,-9891.0,33,0.06263494491577148,6
-9887.0,-7756.0,-9916.0,34,0.0646979808807373,6
-9973.0,-10166.0,-9174.0,45,0.08044791221618652,6
-9253.0,-10471.0,-10007.0,48,0.084197998046875,6
-10128.0,-9003.0,-9607.0,75,0.11739397048950195,7
-8615.0,-10268.0,-10131.0,89,0.1343848705291748,7
-8716.0,-9908.0,-10186.0,90,0.13634800910949707,7
