z1,z2,z3,node,time,depth
23825.0,22359.0,21382.0,1,0.022919893264770508,1
22477.0,21924.0,22822.0,1,0.022931814193725586,1
22102.0,24578.0,20977.0,1,0.022942781448364258,1
21801.0,24765.0,21568.0,1,0.02295398712158203,1
21891.0,22334.0,23510.0,1,0.02296590805053711,1
21889.0,23395.0,23005.0,3,0.05427694320678711,2
22388.0,24008.0,22022.0,13,0.1268467903137207,4
