z1,z2,z3,node,time,depth
-33.0,-30.0,-24.0,1,0.0013511180877685547,1
-26.0,-18.0,-25.0,26,0.013077020645141602,9
-21.0,-24.0,-26.0,66,0.034481048583984375,11
-22.0,-21.0,-27.0,69,0.03550910949707031,10
-22.0,-23.0,-26.0,73,0.03716015815734863,6
-34.0,-32.0,-19.0,113,0.06019306182861328,7
-27.0,-41.0,-17.0,128,0.06803607940673828,4
-30.0,-37.0,-20.0,128,0.0680389404296875,4
-18.0,-31.0,-22.0,152,0.08078312873840332,11
-33.0,-38.0,-18.0,175,0.09080100059509277,7
-30.0,-42.0,-15.0,176,0.09111404418945312,6
-30.0,-35.0,-21.0,177,0.09141707420349121,5
