z1,z2,z3,node,time,depth
-43.0,-22.0,-21.0,1,0.0012359619140625,1
-35.0,-25.0,-14.0,84,0.03467297554016113,11
-36.0,-26.0,-10.0,98,0.039772987365722656,11
-32.0,-27.0,-11.0,103,0.04141592979431152,10
-40.0,-24.0,-22.0,148,0.05917501449584961,8
-36.0,-20.0,-30.0,168,0.06735491752624512,10
-26.0,-15.0,-31.0,182,0.07266783714294434,11
-39.0,-19.0,-28.0,201,0.08124804496765137,9
-36.0,-22.0,-24.0,204,0.0826258659362793,5
-40.0,-18.0,-29.0,218,0.08922886848449707,10
-30.0,-9.0,-33.0,232,0.09487295150756836,11
-31.0,-11.0,-31.0,238,0.09736204147338867,9
-40.0,-20.0,-23.0,245,0.10135602951049805,4
-43.0,-17.0,-27.0,247,0.1022188663482666,5
