z1,z2,z3,node,time,depth
-10445.0,-9541.0,-8607.0,64,0.023694992065429688,8
-10200.0,-9692.0,-8628.0,71,0.02643299102783203,7
-9658.0,-9677.0,-9318.0,104,0.038352012634277344,8
-9413.0,-9828.0,-9339.0,109,0.0402379035949707,7
-10186.0,-9024.0,-9466.0,122,0.044406890869140625,4
-9941.0,-9175.0,-9487.0,122,0.04440903663635254,4
-10028.0,-9865.0,-8946.0,128,0.046514034271240234,5
-9783.0,-10016.0,-8967.0,128,0.04651594161987305,5
-10105.0,-9842.0,-8937.0,135,0.04884791374206543,5
