z1,z2,z3,node,time,depth
77.0,41.0,63.0,1,0.013128995895385742,1
59.0,58.0,62.0,1,0.013137102127075195,1
65.0,72.0,54.0,1,0.01314401626586914,1
49.0,63.0,65.0,1,0.013152122497558594,1
83.0,62.0,48.0,1,0.013159990310668945,1
60.0,62.0,60.0,2,0.0330049991607666,2
73.0,60.0,58.0,5,0.11360716819763184,3
72.0,49.0,63.0,65,1.717452049255371,9
