z1,z2,z3,node,time,depth
7264.0,8376.0,6186.0,1,0.026283979415893555,1
9684.0,7203.0,5880.0,1,0.026291847229003906,1
5724.0,9670.0,11760.0,1,0.026300907135009766,1
6073.0,7667.0,8653.0,1,0.02630901336669922,1
8656.0,7046.0,6911.0,1,0.026350975036621094,1
11199.0,6927.0,8597.0,2,0.05353283882141113,2
11644.0,6960.0,8528.0,44,0.9870288372039795,5
7851.0,7267.0,7585.0,67,1.5414409637451172,2
8777.0,7068.0,6834.0,67,1.5414698123931885,2
5789.0,9646.0,11755.0,106,2.2260818481445312,18
6716.0,7631.0,8917.0,121,2.4900968074798584,3
6688.0,7742.0,8276.0,121,2.4902310371398926,3
6837.0,9041.0,7790.0,155,3.186560869216919,5
7206.0,7821.0,8247.0,173,3.584951877593994,6
