z1,z2,z3,node,time,depth
-63.0,-61.0,-51.0,1,0.0015251636505126953,1
-60.0,-63.0,-47.0,2,0.003200054168701172,2
-64.0,-45.0,-47.0,122,0.08139419555664062,5
-65.0,-50.0,-42.0,196,0.1274399757385254,13
-57.0,-62.0,-49.0,218,0.14224600791931152,3
-55.0,-63.0,-52.0,387,0.24367213249206543,9
-52.0,-65.0,-48.0,396,0.2507171630859375,8
-61.0,-59.0,-53.0,398,0.25322914123535156,4
-56.0,-56.0,-54.0,592,0.38050413131713867,10
-51.0,-64.0,-57.0,593,0.38084912300109863,9
