z1,z2,z3,node,time,depth
-21.0,-28.0,-40.0,1,0.0030961036682128906,1
-29.0,-20.0,-27.0,2,0.005586147308349609,2
-26.0,-26.0,-22.0,106,0.0698859691619873,9
-26.0,-28.0,-20.0,107,0.0702199935913086,8
-28.0,-22.0,-24.0,108,0.07206106185913086,4
-25.0,-26.0,-25.0,131,0.08912110328674316,8
-27.0,-25.0,-23.0,135,0.09571218490600586,4
-27.0,-23.0,-25.0,174,0.11971402168273926,9
-24.0,-34.0,-32.0,225,0.1526050567626953,3
-22.0,-16.0,-35.0,255,0.17380499839782715,6
-25.0,-23.0,-26.0,275,0.18280816078186035,8
-26.0,-20.0,-30.0,284,0.18712306022644043,9
-26.0,-22.0,-28.0,285,0.1874561309814453,8
-19.0,-34.0,-36.0,294,0.19467997550964355,6
-20.0,-33.0,-38.0,295,0.19500017166137695,5
