z1,z2,z3,node,time,depth
5422.0,3133.0,4557.0,1,0.006734132766723633,1
5104.0,5070.0,3619.0,1,0.006739139556884766,1
4194.0,3909.0,5402.0,1,0.0067441463470458984,1
4039.0,4306.0,5595.0,1,0.006749153137207031,1
4043.0,5016.0,5085.0,1,0.00675511360168457,1
3951.0,4767.0,5599.0,1,0.006765127182006836,1
5271.0,4293.0,4111.0,29,0.3326900005340576,3
5165.0,4187.0,4934.0,44,0.47705912590026855,6
