z1,z2,z3,node,time,depth
-55.0,-34.0,-56.0,27,0.06459498405456543,5
-34.0,-53.0,-38.0,51,0.11230301856994629,6
-49.0,-42.0,-50.0,85,0.18477892875671387,7
-36.0,-54.0,-36.0,118,0.24637293815612793,7
-35.0,-55.0,-35.0,126,0.26353907585144043,7
-53.0,-38.0,-52.0,296,0.4782230854034424,9
-46.0,-45.0,-48.0,300,0.4823470115661621,9
-34.0,-54.0,-37.0,658,0.8394560813903809,10
-32.0,-55.0,-36.0,758,0.9212610721588135,10
-36.0,-52.0,-37.0,898,1.0357069969177246,10
-42.0,-47.0,-45.0,979,1.094228982925415,10
-47.0,-44.0,-48.0,1076,1.166792869567871,11
-51.0,-39.0,-53.0,1079,1.1698379516601562,11
-45.0,-44.0,-50.0,1107,1.189682960510254,11
-48.0,-43.0,-49.0,1128,1.2020490169525146,11
-52.0,-38.0,-54.0,1131,1.2049989700317383,11
-46.0,-43.0,-51.0,1163,1.224797010421753,11
-42.0,-48.0,-44.0,1170,1.2304649353027344,11
-28.0,-57.0,-28.0,1412,1.3998959064483643,11
-27.0,-58.0,-27.0,1502,1.4559118747711182,11
-54.0,-37.0,-53.0,1614,1.5268309116363525,12
-55.0,-35.0,-55.0,1662,1.5536880493164062,12
-55.0,-36.0,-54.0,1664,1.555077075958252,12
-41.0,-49.0,-43.0,1680,1.5626490116119385,12
-49.0,-41.0,-51.0,1690,1.5698189735412598,12
-41.0,-50.0,-42.0,1708,1.5791339874267578,12
-39.0,-51.0,-41.0,1792,1.6193959712982178,12
-51.0,-40.0,-50.0,1886,1.6636600494384766,12
-49.0,-40.0,-52.0,1934,1.701551914215088,12
-43.0,-48.0,-43.0,1942,1.7059910297393799,12
-44.0,-47.0,-43.0,2014,1.743278980255127,12
-42.0,-49.0,-42.0,2037,1.7570509910583496,12
-50.0,-41.0,-49.0,2054,1.7638130187988281,12
-60.0,-30.0,-58.0,2074,1.774651050567627,13
-58.0,-31.0,-59.0,2110,1.794198989868164,13
-59.0,-30.0,-60.0,2148,1.8124890327453613,13
-53.0,-35.0,-57.0,2162,1.821394920349121,13
-56.0,-34.0,-54.0,2236,1.853276014328003,13
-56.0,-35.0,-53.0,2238,1.8545238971710205,13
-44.0,-46.0,-44.0,2308,1.8893849849700928,13
-57.0,-32.0,-58.0,2376,1.9230408668518066,14
-53.0,-37.0,-54.0,2392,1.9308819770812988,14
-52.0,-37.0,-55.0,2408,1.9380590915679932,14
-53.0,-36.0,-56.0,2428,1.9456140995025635,14
-60.0,-29.0,-59.0,2464,1.9607090950012207,14
-18.0,-59.0,-21.0,2686,2.0516960620880127,16
