z1,z2,z3,node,time,depth
140.0,47.0,137.0,1,0.04883408546447754,1
87.0,74.0,82.0,1,0.04884600639343262,1
111.0,50.0,103.0,1,0.04886007308959961,1
55.0,97.0,65.0,1,0.0488741397857666,1
50.0,140.0,48.0,1,0.04888606071472168,1
80.0,92.0,90.0,3,0.5548641681671143,3
80.0,93.0,88.0,3,0.5548741817474365,3
80.0,94.0,87.0,52,3.095966100692749,7
79.0,96.0,89.0,54,3.1733691692352295,8
58.0,126.0,63.0,125,4.884166955947876,13
54.0,132.0,57.0,354,9.917440176010132,6
57.0,129.0,62.0,363,10.254675149917603,11
57.0,128.0,63.0,366,10.348157167434692,14
57.0,127.0,64.0,391,10.769061088562012,14
58.0,129.0,61.0,456,11.976789951324463,19
58.0,128.0,62.0,456,11.976804971694946,19
54.0,133.0,55.0,625,15.698376178741455,8
58.0,125.0,64.0,625,15.698520183563232,8
56.0,136.0,54.0,684,17.1981680393219,13
82.0,75.0,87.0,1067,26.779123067855835,2
79.0,78.0,91.0,1067,26.77913808822632,2
67.0,124.0,62.0,1116,28.16081714630127,4
69.0,122.0,64.0,1203,30.367661952972412,14
66.0,125.0,62.0,1272,32.064526081085205,7
68.0,123.0,64.0,1275,32.28791403770447,9
81.0,88.0,78.0,1300,33.32559514045715,4
109.0,68.0,112.0,1569,42.320935010910034,14
110.0,67.0,113.0,1569,42.32094597816467,14
82.0,85.0,81.0,1592,43.348220109939575,13
94.0,69.0,99.0,1697,47.34917998313904,15
140.0,48.0,136.0,1760,50.18689703941345,22
