z1,z2,z3,node,time,depth
-18625.0,-17321.0,-19065.0,1,0.0012340545654296875,1
-18870.0,-17359.0,-18672.0,1,0.001238107681274414,1
-18913.0,-17880.0,-18125.0,1,0.0012531280517578125,1
-18668.0,-17842.0,-18518.0,93,0.06697511672973633,5
-18434.0,-18093.0,-18667.0,218,0.14745306968688965,9
