z1,z2,z3,node,time,depth
64.0,68.0,85.0,1,0.15493416786193848,1
56.0,76.0,75.0,1,0.15494918823242188,1
53.0,88.0,69.0,1,0.15499114990234375,1
80.0,61.0,71.0,1,0.15503406524658203,1
76.0,59.0,82.0,1,0.15504813194274902,1
49.0,114.0,98.0,1,0.1550760269165039,1
69.0,74.0,64.0,1,0.1552731990814209,1
98.0,89.0,61.0,3,0.37073612213134766,2
103.0,87.0,61.0,3,0.37075018882751465,2
92.0,95.0,62.0,6,0.6197011470794678,3
52.0,119.0,90.0,9,0.8594892024993896,4
50.0,119.0,94.0,9,0.8595001697540283,4
66.0,83.0,67.0,9,0.859511137008667,4
94.0,94.0,63.0,13,1.025041103363037,4
76.0,69.0,69.0,16,1.1719560623168945,5
51.0,114.0,94.0,18,1.3473551273345947,5
102.0,87.0,62.0,28,1.6224579811096191,5
91.0,95.0,63.0,41,2.121211051940918,6
97.0,89.0,62.0,42,2.1483020782470703,6
50.0,110.0,98.0,74,3.020214080810547,8
52.0,100.0,97.0,75,3.1195571422576904,8
51.0,104.0,95.0,75,3.1195712089538574,8
74.0,69.0,71.0,75,3.1196401119232178,8
52.0,112.0,91.0,125,4.241994142532349,10
52.0,110.0,94.0,125,4.24200701713562,10
52.0,102.0,96.0,155,4.892661094665527,11
96.0,93.0,63.0,160,4.912467002868652,11
71.0,68.0,77.0,162,5.007692098617554,12
