z1,z2,z3,node,time,depth
-31.0,-58.0,-41.0,1,0.005311012268066406,1
-29.0,-56.0,-50.0,1,0.005315065383911133,1
-42.0,-57.0,-42.0,1,0.005318880081176758,1
-41.0,-32.0,-60.0,1,0.005321979522705078,1
-39.0,-48.0,-54.0,1,0.005326986312866211,1
-38.0,-46.0,-56.0,1,0.0053310394287109375,1
-52.0,-50.0,-39.0,1,0.005335092544555664,1
-57.0,-36.0,-27.0,1,0.005338907241821289,1
-53.0,-36.0,-51.0,1,0.005342960357666016,1
-56.0,-22.0,-38.0,1,0.005347013473510742,1
-46.0,-53.0,-47.0,1,0.005351066589355469,1
-51.0,-45.0,-49.0,1,0.005354881286621094,1
-49.0,-44.0,-53.0,1,0.005357980728149414,1
-50.0,-34.0,-54.0,1,0.005362033843994141,1
-45.0,-35.0,-58.0,1,0.005366086959838867,1
-52.0,-48.0,-42.0,1,0.005369901657104492,1
-55.0,-45.0,-31.0,1,0.005373954772949219,1
-54.0,-39.0,-44.0,1,0.005378007888793945,1
-30.0,-56.0,-47.0,2,0.012964963912963867,2
-27.0,-50.0,-53.0,2,0.012968063354492188,2
-31.0,-53.0,-51.0,2,0.012971878051757812,2
-48.0,-51.0,-43.0,2,0.012975931167602539,2
-44.0,-54.0,-40.0,2,0.012984037399291992,2
-48.0,-50.0,-45.0,2,0.012988090515136719,2
-39.0,-36.0,-57.0,2,0.01299595832824707,2
-46.0,-34.0,-56.0,2,0.013000011444091797,2
-47.0,-41.0,-54.0,2,0.013007879257202148,2
-47.0,-48.0,-50.0,2,0.013036012649536133,2
-50.0,-50.0,-40.0,3,0.018545866012573242,2
-47.0,-53.0,-40.0,3,0.018565893173217773,2
-36.0,-52.0,-49.0,4,0.028605937957763672,3
-54.0,-42.0,-38.0,4,0.02861499786376953,3
-35.0,-50.0,-51.0,4,0.028625011444091797,3
-33.0,-49.0,-54.0,6,0.03879094123840332,3
-50.0,-46.0,-43.0,7,0.04220890998840332,3
-54.0,-43.0,-35.0,8,0.05011892318725586,4
-48.0,-52.0,-37.0,8,0.050189971923828125,4
-36.0,-54.0,-45.0,8,0.05019688606262207,4
-43.0,-39.0,-55.0,10,0.06146597862243652,4
-52.0,-40.0,-45.0,11,0.06709003448486328,4
-37.0,-49.0,-48.0,13,0.0754549503326416,4
-41.0,-42.0,-54.0,14,0.07814288139343262,4
-55.0,-32.0,-35.0,34,0.1592390537261963,6
-53.0,-46.0,-32.0,102,0.3711509704589844,8
-56.0,-29.0,-28.0,202,0.5968048572540283,12
