z1,z2,z3,node,time,depth
-5686.0,-5337.0,-5813.0,1,0.0025479793548583984,1
-6145.0,-4662.0,-5695.0,1,0.0025539398193359375,1
-4911.0,-4074.0,-7009.0,2,0.004747867584228516,2
-5469.0,-4433.0,-6377.0,4,0.008346080780029297,4
-5468.0,-4426.0,-6385.0,235,0.23912787437438965,9
-5157.0,-4824.0,-6350.0,237,0.2425849437713623,4
-4159.0,-5428.0,-5662.0,322,0.3050038814544678,15
-4566.0,-5384.0,-4795.0,429,0.4079010486602783,5
-4123.0,-5612.0,-5079.0,429,0.40790390968322754,5
-4048.0,-5487.0,-5579.0,504,0.4857320785522461,15
-4127.0,-5434.0,-5454.0,613,0.5971550941467285,12
-5161.0,-4646.0,-6725.0,662,0.6357059478759766,8
-5853.0,-4720.0,-5577.0,666,0.6439609527587891,5
-5111.0,-5450.0,-4424.0,696,0.6723470687866211,8
-5031.0,-5539.0,-4543.0,944,0.9272511005401611,15
-4543.0,-5715.0,-4862.0,956,0.9370520114898682,15
-4986.0,-5487.0,-4578.0,959,0.9389340877532959,14
-4432.0,-5774.0,-4779.0,983,0.96657395362854,12
-5545.0,-4933.0,-5925.0,1008,0.9912018775939941,8
-5773.0,-4766.0,-5710.0,1010,0.9953579902648926,4
-4775.0,-5370.0,-5022.0,1042,1.0253880023956299,15
-4464.0,-5768.0,-4987.0,1117,1.1114270687103271,12
-4952.0,-5592.0,-4668.0,1119,1.113339900970459,7
-4907.0,-5540.0,-4703.0,1134,1.1238770484924316,11
-5466.0,-4986.0,-6050.0,1148,1.137350082397461,8
-5803.0,-4225.0,-6484.0,1150,1.141206979751587,5
-6014.0,-4580.0,-5849.0,1311,1.2897529602050781,10
-5795.0,-4729.0,-5866.0,1312,1.2909319400787354,11
-5885.0,-4714.0,-5785.0,1323,1.297149896621704,11
-5577.0,-4927.0,-6133.0,1324,1.2975718975067139,10
-5884.0,-4707.0,-5793.0,1330,1.3034090995788574,8
-5440.0,-4587.0,-6472.0,1331,1.3040640354156494,6
-5899.0,-3912.0,-6354.0,1332,1.3054189682006836,7
-5768.0,-3830.0,-6508.0,1335,1.3088030815124512,10
-5549.0,-3979.0,-6525.0,1336,1.3100318908691406,11
-5331.0,-4177.0,-6792.0,1349,1.3171100616455078,9
-5888.0,-4529.0,-6168.0,1351,1.3179309368133545,7
