z1,z2,z3,node,time,depth
23962.0,25224.0,23342.0,1,0.1302809715270996,1
22634.0,26100.0,22561.0,1,0.13030099868774414,1
24455.0,23972.0,24913.0,1,0.13032197952270508,1
25055.0,23346.0,25098.0,1,0.1303420066833496,1
25900.0,22695.0,26116.0,1,0.13042306900024414,1
25688.0,23224.0,25440.0,23,1.6518919467926025,3
25288.0,24074.0,24443.0,23,1.651911973953247,3
24709.0,23970.0,24781.0,45,3.2517030239105225,4
25009.0,23886.0,25315.0,83,5.925919055938721,8
23639.0,25739.0,23684.0,105,7.63581109046936,12
