z1,z2,z3,node,time,depth
-4637.0,-5493.0,-4409.0,1,0.001789093017578125,1
-3347.0,-4120.0,-5133.0,5,0.009158134460449219,3
-3767.0,-3864.0,-5090.0,47,0.058062076568603516,6
-4629.0,-5109.0,-4608.0,274,0.20818305015563965,9
-3832.0,-4247.0,-4964.0,360,0.24764108657836914,10
-3876.0,-5738.0,-4030.0,412,0.2724289894104004,10
-4179.0,-5657.0,-3742.0,496,0.3102090358734131,11
-4166.0,-4087.0,-4841.0,516,0.3187079429626465,12
-3845.0,-5817.0,-3865.0,528,0.32366108894348145,12
-3360.0,-5690.0,-4034.0,536,0.32647204399108887,12
-4144.0,-4982.0,-4777.0,552,0.3324410915374756,12
-3954.0,-5693.0,-3461.0,580,0.3419780731201172,13
-4564.0,-4726.0,-4734.0,584,0.3431849479675293,13
-4062.0,-3399.0,-5001.0,588,0.34468913078308105,14
-3577.0,-3272.0,-5170.0,594,0.34701013565063477,15
-4738.0,-4985.0,-4204.0,596,0.3476710319519043,15
