z1,z2,z3,node,time,depth
-33.0,-45.0,-33.0,1,0.0013918876647949219,1
-39.0,-28.0,-31.0,3,0.003506898880004883,3
-32.0,-26.0,-37.0,19,0.010861873626708984,8
-40.0,-33.0,-29.0,52,0.030924081802368164,9
-38.0,-38.0,-26.0,58,0.03344392776489258,4
-36.0,-43.0,-33.0,71,0.0394129753112793,7
-37.0,-35.0,-29.0,73,0.04075193405151367,3
-35.0,-40.0,-36.0,92,0.054617881774902344,6
-27.0,-32.0,-39.0,97,0.05680203437805176,5
