z1,z2,z3,node,time,depth
77.0,41.0,63.0,1,0.019904136657714844,1
59.0,58.0,62.0,1,0.019915103912353516,1
65.0,72.0,54.0,1,0.019926071166992188,1
49.0,63.0,65.0,1,0.01993703842163086,1
83.0,62.0,48.0,1,0.01994800567626953,1
60.0,62.0,60.0,2,0.05144000053405762,2
73.0,60.0,58.0,5,0.17408204078674316,3
72.0,49.0,63.0,85,0.9790511131286621,9
