z1,z2,z3,node,time,depth
-14198.0,-12273.0,-12758.0,49,0.02313518524169922,14
-13779.0,-12644.0,-13211.0,82,0.03809213638305664,13
-13005.0,-12954.0,-12521.0,136,0.06339621543884277,13
-14262.0,-12038.0,-12605.0,401,0.17489218711853027,14
-13843.0,-12409.0,-13058.0,412,0.1801750659942627,13
-13063.0,-12063.0,-13810.0,580,0.2547872066497803,13
-12483.0,-12547.0,-13515.0,590,0.25942015647888184,13
-12904.0,-12046.0,-14075.0,598,0.26305317878723145,13
-13164.0,-12473.0,-13729.0,607,0.2670860290527344,12
-13237.0,-12869.0,-13182.0,669,0.2950561046600342,12
-13658.0,-12368.0,-13742.0,699,0.30871105194091797,12
-13808.0,-12306.0,-13610.0,715,0.31588101387023926,12
-13817.0,-12385.0,-13477.0,727,0.321012020111084,10
-14625.0,-11853.0,-12536.0,769,0.3417210578918457,14
-14206.0,-12224.0,-12989.0,780,0.34727001190185547,13
-14235.0,-11886.0,-13388.0,1109,0.4962611198425293,12
-14244.0,-11965.0,-13255.0,1121,0.5013971328735352,10
-12725.0,-12086.0,-13977.0,1250,0.5611310005187988,10
-12985.0,-12513.0,-13631.0,1255,0.563270092010498,12
-13305.0,-11602.0,-14272.0,1276,0.5733051300048828,13
-13406.0,-12012.0,-14191.0,1281,0.5755062103271484,12
-13455.0,-11540.0,-14140.0,1294,0.581428050994873,13
-13556.0,-11950.0,-14059.0,1297,0.5827012062072754,12
-13565.0,-12029.0,-13926.0,1309,0.5879230499267578,10
-14019.0,-12313.0,-12660.0,1315,0.5910711288452148,10
-13600.0,-12684.0,-13113.0,1337,0.6012899875640869,12
-13479.0,-12408.0,-13644.0,1355,0.6098461151123047,9
-13638.0,-12425.0,-13379.0,1377,0.6199769973754883,10
-14021.0,-12183.0,-13673.0,1395,0.6309211254119873,12
-13949.0,-11435.0,-14153.0,1408,0.6372060775756836,13
-14059.0,-11924.0,-13939.0,1415,0.6404011249542236,10
-14171.0,-12121.0,-13541.0,1427,0.6461880207061768,12
-14209.0,-11862.0,-13807.0,1433,0.6488950252532959,10
-14180.0,-12200.0,-13408.0,1444,0.6535120010375977,9
-13011.0,-12880.0,-12536.0,1987,0.9139811992645264,12
