z1,z2,z3,node,time,depth
-20870.0,-18319.0,-20653.0,1,0.0006158351898193359,1
-20040.0,-18662.0,-20100.0,295,0.16767096519470215,10
-18481.0,-18709.0,-20043.0,333,0.187424898147583,7
-18924.0,-18813.0,-19653.0,350,0.1972508430480957,6
-18960.0,-18711.0,-18727.0,352,0.1984238624572754,8
-20271.0,-18643.0,-20418.0,557,0.3131279945373535,3
