z1,z2,z3,node,time,depth
-12531.0,-14440.0,-12082.0,1,0.0019690990447998047,1
-12375.0,-14605.0,-12224.0,2,0.003292083740234375,2
-12190.0,-14440.0,-12293.0,377,0.19946503639221191,9
