z1,z2,z3,node,time,depth
-2972.0,-1812.0,-2869.0,1,0.0026280879974365234,1
-3069.0,-963.0,-2214.0,4,0.010728120803833008,3
-2155.0,-2701.0,-2614.0,6,0.016137123107910156,3
-2697.0,-2065.0,-2570.0,16,0.03436017036437988,5
-1087.0,-3107.0,-2085.0,57,0.07758712768554688,6
-2344.0,-1765.0,-3187.0,76,0.0927581787109375,7
-2377.0,-1829.0,-3145.0,77,0.09374213218688965,7
-3039.0,-1450.0,-1621.0,86,0.10071611404418945,7
-2160.0,-2734.0,-1595.0,112,0.11164999008178711,7
-1315.0,-3138.0,-2045.0,168,0.1441199779510498,8
-1228.0,-2594.0,-2628.0,187,0.1558980941772461,8
-1348.0,-3202.0,-2003.0,226,0.17708301544189453,9
-1932.0,-2703.0,-1635.0,232,0.17899298667907715,9
-720.0,-3155.0,-2321.0,236,0.18057513236999512,9
-2372.0,-2460.0,-1334.0,238,0.181732177734375,9
-1106.0,-2876.0,-2570.0,246,0.18525409698486328,9
-2758.0,-2181.0,-1583.0,248,0.18633008003234863,9
-995.0,-2902.0,-2620.0,258,0.1914231777191162,9
-2647.0,-2207.0,-1633.0,270,0.20051097869873047,9
-1737.0,-1894.0,-2626.0,278,0.20452404022216797,10
-1504.0,-2202.0,-2618.0,282,0.20623207092285156,10
-1417.0,-1658.0,-3201.0,284,0.2074260711669922,10
-1626.0,-1920.0,-2676.0,286,0.2081451416015625,10
-2282.0,-2452.0,-1653.0,296,0.21207404136657715,10
-2668.0,-2173.0,-1902.0,300,0.21379899978637695,10
-2557.0,-2199.0,-1952.0,318,0.22175312042236328,10
-1020.0,-2193.0,-2844.0,324,0.22417712211608887,11
-1295.0,-1940.0,-3143.0,326,0.22497200965881348,11
-909.0,-2219.0,-2894.0,328,0.2257680892944336,11
-1565.0,-2751.0,-1871.0,332,0.22715401649475098,11
-2407.0,-2078.0,-1984.0,336,0.22852516174316406,11
-1598.0,-2172.0,-2737.0,338,0.2292780876159668,11
-1720.0,-1890.0,-2795.0,342,0.23070597648620605,11
