z1,z2,z3,node,time,depth
17094.0,18652.0,15893.0,1,0.015544891357421875,1
17960.0,16030.0,18196.0,1,0.015552043914794922,1
19016.0,17012.0,15681.0,1,0.015559911727905273,1
19761.0,15532.0,17764.0,1,0.015568017959594727,1
17778.0,16133.0,17733.0,1,0.015574932098388672,1
17441.0,16827.0,17931.0,1,0.015583038330078125,1
16441.0,19061.0,17026.0,1,0.01558995246887207,1
16997.0,18024.0,17554.0,13,0.20311808586120605,5
18916.0,17028.0,16956.0,19,0.29851698875427246,7
17547.0,18627.0,16604.0,27,0.39392995834350586,9
