z1,z2,z3,node,time,depth
-71.0,-79.0,-78.0,1,0.003547191619873047,1
-85.0,-65.0,-69.0,1,0.0036101341247558594,1
-76.0,-77.0,-63.0,9,0.033451080322265625,4
-77.0,-72.0,-68.0,9,0.03345203399658203,4
-76.0,-76.0,-75.0,24,0.08051109313964844,5
-81.0,-65.0,-73.0,25,0.0837249755859375,5
-78.0,-71.0,-71.0,29,0.0945131778717041,5
-75.0,-79.0,-74.0,31,0.09916520118713379,5
-76.0,-60.0,-77.0,57,0.14359307289123535,6
-71.0,-81.0,-65.0,70,0.160811185836792,6
-67.0,-81.0,-69.0,70,0.16082119941711426,6
-59.0,-65.0,-80.0,165,0.25203514099121094,7
-80.0,-69.0,-68.0,436,0.46033620834350586,10
-57.0,-61.0,-81.0,531,0.5291910171508789,10
-80.0,-66.0,-75.0,814,0.699580192565918,12
-69.0,-75.0,-79.0,866,0.7272381782531738,12
-79.0,-74.0,-63.0,930,0.761775016784668,13
-67.0,-83.0,-64.0,940,0.7661151885986328,13
-75.0,-66.0,-77.0,970,0.7841601371765137,13
-68.0,-82.0,-56.0,1038,0.819782018661499,14
-72.0,-80.0,-65.0,1108,0.8541421890258789,15
-66.0,-60.0,-81.0,1126,0.8642990589141846,15
-72.0,-69.0,-76.0,1138,0.8697960376739502,15
-68.0,-64.0,-80.0,1146,0.8731551170349121,15
-77.0,-69.0,-75.0,1174,0.8855969905853271,16
-81.0,-68.0,-71.0,1178,0.8875510692596436,16
-79.0,-71.0,-70.0,1186,0.8914031982421875,17
-70.0,-59.0,-80.0,1194,0.8946611881256104,17
-72.0,-63.0,-79.0,1200,0.8966891765594482,17
-77.0,-73.0,-66.0,1208,0.9004130363464355,18
-77.0,-71.0,-72.0,1214,0.9027559757232666,20
