z1,z2,z3,node,time,depth
-10554.0,-9551.0,-11422.0,1,0.00162506103515625,1
-10624.0,-9636.0,-10000.0,1,0.0016279220581054688,1
-10238.0,-10812.0,-10477.0,1,0.001631021499633789,1
-9347.0,-10964.0,-9124.0,1,0.0016341209411621094,1
-9528.0,-10947.0,-9811.0,1,0.0016379356384277344,1
-10435.0,-10207.0,-9444.0,2,0.004943132400512695,2
-9036.0,-9920.0,-10613.0,20,0.03312206268310547,5
