z1,z2,z3,node,time,depth
-2993.0,-3356.0,-1360.0,1,0.0021390914916992188,1
-1917.0,-2900.0,-2141.0,1,0.0021538734436035156,1
-1722.0,-1570.0,-2383.0,1,0.002165079116821289,1
-2668.0,-980.0,-2058.0,1,0.0021719932556152344,1
-3196.0,-1360.0,-1668.0,3,0.00598597526550293,2
-1475.0,-2373.0,-2187.0,3,0.005995035171508789,2
-3391.0,-2690.0,-1426.0,4,0.007679939270019531,3
-2465.0,-2588.0,-1969.0,16,0.025712966918945312,5
-3240.0,-2553.0,-1556.0,18,0.02718806266784668,5
-2798.0,-2026.0,-1602.0,25,0.03687906265258789,5
-1873.0,-1707.0,-2253.0,28,0.04036092758178711,5
-2616.0,-2725.0,-1839.0,32,0.04290294647216797,6
-3363.0,-2911.0,-1433.0,34,0.04384589195251465,6
-2270.0,-1646.0,-1992.0,43,0.052217960357666016,6
-2051.0,-1840.0,-2008.0,55,0.0622100830078125,6
-2218.0,-3391.0,-1773.0,60,0.06505990028381348,7
-2644.0,-1474.0,-1757.0,68,0.07012009620666504,7
-2592.0,-3219.0,-1538.0,106,0.0932149887084961,8
-2421.0,-1395.0,-2081.0,158,0.11767292022705078,8
-2588.0,-2946.0,-1846.0,170,0.12289094924926758,9
-2795.0,-1611.0,-1627.0,188,0.13016200065612793,9
-2672.0,-1253.0,-1750.0,192,0.13170504570007324,9
-3343.0,-1299.0,-1455.0,200,0.13710594177246094,9
-2568.0,-1334.0,-1868.0,202,0.13798904418945312,9
-1897.0,-1288.0,-2163.0,204,0.138779878616333,9
-2969.0,-1471.0,-1690.0,206,0.13957500457763672,9
-2020.0,-1646.0,-2040.0,210,0.14104104042053223,9
-2023.0,-2061.0,-2015.0,232,0.15039396286010742,9
