z1,z2,z3,node,time,depth
-9823.0,-10312.0,-9008.0,2,0.0012438297271728516,2
-9429.0,-10062.0,-9305.0,11,0.00577998161315918,4
-9625.0,-9883.0,-9270.0,14,0.006908893585205078,5
-9868.0,-10017.0,-9082.0,22,0.010092020034790039,6
