z1,z2,z3,node,time,depth
-2164.0,-3924.0,-3718.0,1,0.0006868839263916016,1
-2640.0,-3720.0,-3733.0,1,0.0006880760192871094,1
-2575.0,-2489.0,-3915.0,2,0.0014870166778564453,2
-2936.0,-2903.0,-3190.0,69,0.0315709114074707,2
-2712.0,-3567.0,-3775.0,90,0.040786027908325195,7
-2738.0,-3081.0,-3244.0,98,0.044690847396850586,7
