z1,z2,z3,node,time,depth
-20753.0,-22086.0,-19269.0,1,0.0006690025329589844,1
-20454.0,-22013.0,-19777.0,1,0.0006711483001708984,1
-20621.0,-21623.0,-19888.0,3,0.0025260448455810547,2
-20920.0,-21696.0,-19380.0,55,0.03438115119934082,7
-20947.0,-21546.0,-19834.0,72,0.04338717460632324,8
