z1,z2,z3,node,time,depth
16371.0,16691.0,18452.0,1,0.00927591323852539,1
17203.0,16522.0,18098.0,1,0.009285926818847656,1
16372.0,18253.0,17395.0,1,0.009306907653808594,1
17507.0,19755.0,15977.0,1,0.00931692123413086,1
17419.0,17587.0,17486.0,2,0.018829822540283203,2
16788.0,16626.0,18302.0,2,0.018860816955566406,2
17464.0,18175.0,17200.0,13,0.07351493835449219,7
17594.0,17215.0,17986.0,14,0.07931900024414062,8
17171.0,19052.0,17092.0,14,0.07933378219604492,8
