z1,z2,z3,node,time,depth
-72.0,-77.0,-90.0,1,0.00400090217590332,1
-81.0,-83.0,-75.0,1,0.004010915756225586,1
-81.0,-66.0,-89.0,1,0.004014015197753906,1
-83.0,-79.0,-76.0,1,0.004027843475341797,1
-76.0,-83.0,-82.0,1,0.004029989242553711,1
-83.0,-75.0,-82.0,2,0.008028984069824219,2
-80.0,-73.0,-86.0,2,0.008044004440307617,2
-77.0,-77.0,-87.0,5,0.02033090591430664,3
-85.0,-68.0,-82.0,6,0.023660898208618164,3
-78.0,-75.0,-85.0,9,0.03899192810058594,4
-82.0,-76.0,-78.0,28,0.0944969654083252,5
-84.0,-72.0,-79.0,30,0.09908294677734375,5
-81.0,-74.0,-83.0,63,0.17186594009399414,6
-79.0,-70.0,-87.0,171,0.36833786964416504,8
-67.0,-62.0,-91.0,495,0.7858810424804688,11
-83.0,-68.0,-85.0,568,0.8623528480529785,11
-76.0,-72.0,-89.0,1030,1.2288880348205566,14
-81.0,-72.0,-86.0,1060,1.2498748302459717,14
-81.0,-79.0,-79.0,1168,1.3218300342559814,16
-76.0,-79.0,-86.0,1170,1.3230159282684326,16
-80.0,-79.0,-83.0,1182,1.3308379650115967,16
-77.0,-70.0,-90.0,1194,1.3379130363464355,16
-81.0,-76.0,-82.0,1212,1.3493919372558594,16
-83.0,-72.0,-83.0,1216,1.3520150184631348,16
-70.0,-59.0,-92.0,1279,1.3898279666900635,18
-72.0,-55.0,-91.0,1306,1.4050238132476807,19
-69.0,-61.0,-91.0,1308,1.4058029651641846,19
