z1,z2,z3,node,time,depth
-69.0,-58.0,-61.0,1,0.0049419403076171875,1
-61.0,-65.0,-47.0,1,0.004956960678100586,1
-77.0,-47.0,-60.0,2,0.010953903198242188,2
-63.0,-63.0,-52.0,5,0.02768993377685547,3
-80.0,-41.0,-56.0,7,0.03992199897766113,3
-80.0,-44.0,-55.0,7,0.039923906326293945,3
-77.0,-50.0,-52.0,13,0.07090902328491211,4
-75.0,-53.0,-61.0,20,0.08674001693725586,5
-59.0,-59.0,-55.0,21,0.09079694747924805,5
-63.0,-47.0,-65.0,53,0.16297602653503418,6
-66.0,-61.0,-53.0,65,0.18616509437561035,6
-78.0,-46.0,-56.0,81,0.21897292137145996,6
-78.0,-47.0,-50.0,109,0.24131202697753906,6
-75.0,-54.0,-52.0,157,0.2976560592651367,7
-72.0,-56.0,-53.0,157,0.2976810932159424,7
-69.0,-59.0,-52.0,265,0.41781091690063477,8
-56.0,-67.0,-36.0,284,0.4494130611419678,8
-71.0,-56.0,-55.0,313,0.48238110542297363,8
-73.0,-57.0,-47.0,409,0.5959389209747314,9
-74.0,-54.0,-54.0,469,0.6643381118774414,9
-70.0,-48.0,-62.0,509,0.7122349739074707,10
-73.0,-43.0,-62.0,733,0.9244239330291748,11
-70.0,-45.0,-63.0,733,0.9244370460510254,11
-64.0,-49.0,-64.0,734,0.9252049922943115,11
-64.0,-64.0,-46.0,799,0.9790120124816895,11
-76.0,-48.0,-53.0,885,1.0498321056365967,11
-69.0,-62.0,-49.0,968,1.139286994934082,12
-75.0,-56.0,-46.0,1044,1.1944479942321777,12
-78.0,-44.0,-57.0,1097,1.2340590953826904,12
-78.0,-41.0,-58.0,1097,1.2340610027313232,12
-72.0,-41.0,-64.0,1102,1.237591028213501,12
-70.0,-63.0,-43.0,1168,1.302103042602539,13
-76.0,-52.0,-50.0,1172,1.3048501014709473,13
-66.0,-63.0,-49.0,1190,1.3182380199432373,13
-72.0,-58.0,-49.0,1208,1.331315040588379,13
-58.0,-66.0,-39.0,1396,1.476449966430664,14
-67.0,-47.0,-63.0,1470,1.5306849479675293,15
-67.0,-64.0,-44.0,1484,1.5404999256134033,15
-59.0,-67.0,-33.0,1524,1.5667870044708252,15
-79.0,-37.0,-58.0,1530,1.571382999420166,15
-67.0,-44.0,-64.0,1570,1.6040010452270508,16
-68.0,-60.0,-50.0,1585,1.613002061843872,16
-73.0,-60.0,-46.0,1585,1.6130070686340332,16
-79.0,-40.0,-57.0,1616,1.6336560249328613,16
-72.0,-60.0,-48.0,1664,1.6676421165466309,17
-68.0,-32.0,-65.0,1710,1.6983590126037598,17
-50.0,-50.0,-62.0,1728,1.7101209163665771,18
-70.0,-57.0,-50.0,1730,1.7112820148468018,18
-73.0,-56.0,-48.0,1746,1.7196581363677979,18
-69.0,-42.0,-64.0,1788,1.7452409267425537,19
-76.0,-54.0,-49.0,1802,1.7522850036621094,19
-73.0,-39.0,-63.0,1840,1.7719829082489014,20
-77.0,-37.0,-61.0,1852,1.7778089046478271,20
