z1,z2,z3,node,time,depth
-78.0,-54.0,-53.0,1,0.008849143981933594,1
-71.0,-67.0,-52.0,1,0.008861064910888672,1
-66.0,-70.0,-50.0,1,0.00888204574584961,1
-81.0,-54.0,-36.0,1,0.008884191513061523,1
-79.0,-55.0,-50.0,1,0.008926153182983398,1
-70.0,-67.0,-55.0,2,0.020061016082763672,2
-70.0,-68.0,-44.0,2,0.02007603645324707,2
-75.0,-60.0,-50.0,3,0.03216910362243652,2
-79.0,-58.0,-44.0,5,0.052227020263671875,3
-77.0,-62.0,-44.0,5,0.052236080169677734,3
-75.0,-65.0,-44.0,12,0.08763408660888672,4
-60.0,-56.0,-65.0,14,0.09695816040039062,4
-68.0,-64.0,-59.0,18,0.13379716873168945,4
-73.0,-64.0,-50.0,19,0.14511919021606445,4
-63.0,-68.0,-58.0,130,0.4372141361236572,6
-49.0,-70.0,-57.0,130,0.4372591972351074,6
-80.0,-54.0,-39.0,193,0.5095059871673584,7
-77.0,-59.0,-50.0,193,0.5095281600952148,7
-55.0,-70.0,-56.0,286,0.6635851860046387,7
-54.0,-69.0,-59.0,290,0.6896891593933105,7
-74.0,-64.0,-47.0,317,0.7353720664978027,8
-78.0,-57.0,-47.0,359,0.7818360328674316,8
-76.0,-58.0,-53.0,361,0.7918450832366943,8
-48.0,-63.0,-63.0,528,1.0260891914367676,8
-72.0,-63.0,-54.0,548,1.076639175415039,9
-66.0,-62.0,-61.0,637,1.1898369789123535,9
-47.0,-71.0,-45.0,1235,1.7257320880889893,10
-71.0,-63.0,-57.0,1498,1.937075138092041,11
-76.0,-64.0,-40.0,1918,2.269705057144165,12
-72.0,-66.0,-48.0,1920,2.270456075668335,12
-69.0,-65.0,-58.0,1984,2.328447103500366,12
-76.0,-61.0,-47.0,2251,2.5226900577545166,13
-57.0,-71.0,-43.0,2360,2.5997660160064697,13
-63.0,-62.0,-63.0,2386,2.617056131362915,13
-51.0,-71.0,-44.0,2568,2.7286951541900635,14
-64.0,-64.0,-60.0,2612,2.758172035217285,14
-74.0,-59.0,-52.0,2644,2.7779340744018555,15
-64.0,-68.0,-56.0,2700,2.8092710971832275,15
-74.0,-53.0,-54.0,2732,2.8284201622009277,16
-64.0,-58.0,-62.0,2734,2.8292031288146973,16
-60.0,-70.0,-52.0,2740,2.832590103149414,16
-65.0,-69.0,-53.0,2744,2.8345279693603516,16
-50.0,-51.0,-66.0,2752,2.8384010791778564,16
-57.0,-68.0,-60.0,2758,2.841931104660034,16
-58.0,-64.0,-62.0,2760,2.8428761959075928,16
-59.0,-70.0,-55.0,2764,2.844743013381958,16
-67.0,-67.0,-57.0,2768,2.846384048461914,16
-61.0,-54.0,-64.0,2784,2.856050968170166,17
-62.0,-66.0,-61.0,2790,2.8581931591033936,17
-49.0,-59.0,-65.0,2794,2.8598670959472656,17
-58.0,-58.0,-64.0,2798,2.8621861934661865,17
-70.0,-61.0,-60.0,2814,2.8698770999908447,19
