z1,z2,z3,node,time,depth
65.0,67.0,63.0,1,0.08051800727844238,1
65.0,65.0,66.0,1,0.08052897453308105,1
73.0,61.0,65.0,1,0.08053898811340332,1
78.0,58.0,67.0,1,0.08054900169372559,1
73.0,63.0,62.0,1,0.08055996894836426,1
70.0,60.0,71.0,1,0.08056998252868652,1
68.0,60.0,76.0,1,0.0805809497833252,1
63.0,65.0,71.0,1,0.08059096336364746,1
89.0,53.0,93.0,1,0.08060097694396973,1
78.0,56.0,70.0,1,0.0806119441986084,1
76.0,56.0,75.0,1,0.08062195777893066,1
63.0,67.0,68.0,1,0.0806429386138916,1
61.0,76.0,68.0,1,0.08065390586853027,1
63.0,76.0,63.0,1,0.08066391944885254,1
103.0,91.0,56.0,1,0.08068490028381348,1
60.0,71.0,75.0,1,0.08075809478759766,1
59.0,84.0,78.0,1,0.08078908920288086,1
99.0,87.0,59.0,2,0.11710095405578613,2
71.0,72.0,62.0,2,0.1171109676361084,2
61.0,74.0,71.0,2,0.11713194847106934,2
63.0,74.0,66.0,3,0.13433289527893066,3
71.0,61.0,70.0,4,0.14936399459838867,4
70.0,62.0,68.0,26,0.3614358901977539,3
68.0,62.0,73.0,26,0.3614470958709717,3
76.0,58.0,72.0,26,0.36145687103271484,3
71.0,63.0,67.0,27,0.37780308723449707,4
98.0,83.0,60.0,40,0.552609920501709,4
85.0,54.0,95.0,97,2.470146894454956,2
86.0,54.0,90.0,97,2.4702370166778564,2
82.0,55.0,92.0,97,2.470283031463623,2
102.0,87.0,57.0,97,2.4703428745269775,2
88.0,55.0,87.0,126,3.5466630458831787,14
89.0,91.0,60.0,134,4.327630996704102,6
91.0,86.0,60.0,134,4.327646017074585,6
88.0,103.0,60.0,134,4.327811002731323,6
90.0,100.0,59.0,134,4.327826023101807,6
92.0,95.0,59.0,135,4.380490064620972,7
87.0,94.0,61.0,140,4.56529688835144,11
89.0,89.0,61.0,155,4.8638880252838135,11
96.0,91.0,59.0,166,5.131294012069702,7
97.0,95.0,58.0,166,5.131563901901245,7
