z1,z2,z3,node,time,depth
-16.0,-56.0,-15.0,1,0.0024461746215820312,1
-24.0,-49.0,-19.0,1,0.00244903564453125,1
-54.0,-16.0,-56.0,1,0.0024521350860595703,1
-51.0,-19.0,-57.0,1,0.002454996109008789,1
-34.0,-39.0,-38.0,1,0.0024580955505371094,1
-45.0,-28.0,-52.0,1,0.0024611949920654297,1
-49.0,-26.0,-48.0,1,0.0024640560150146484,1
-55.0,-19.0,-54.0,1,0.0024671554565429688,1
-27.0,-45.0,-29.0,2,0.00578618049621582,2
-26.0,-46.0,-27.0,2,0.005789041519165039,2
-42.0,-32.0,-42.0,3,0.010462045669555664,2
-40.0,-31.0,-44.0,3,0.010465145111083984,2
-50.0,-24.0,-49.0,3,0.010471105575561523,2
-37.0,-32.0,-44.0,5,0.016887187957763672,3
-37.0,-36.0,-31.0,8,0.02256917953491211,4
-39.0,-33.0,-43.0,9,0.024772167205810547,4
-53.0,-17.0,-55.0,10,0.028240203857421875,4
-36.0,-37.0,-38.0,13,0.03539299964904785,4
-28.0,-43.0,-29.0,13,0.03539609909057617,4
-47.0,-26.0,-52.0,14,0.03774404525756836,5
-43.0,-30.0,-39.0,30,0.06607222557067871,6
-30.0,-41.0,-29.0,37,0.07900810241699219,6
-50.0,-20.0,-56.0,44,0.09075713157653809,7
-41.0,-30.0,-43.0,45,0.09250116348266602,7
-32.0,-41.0,-26.0,158,0.2380201816558838,11
-24.0,-48.0,-22.0,158,0.23802900314331055,11
-19.0,-49.0,-22.0,158,0.2380352020263672,11
-18.0,-52.0,-17.0,158,0.2380380630493164,11
-25.0,-43.0,-31.0,159,0.24024009704589844,11
-29.0,-41.0,-31.0,170,0.2518579959869385,12
-31.0,-41.0,-27.0,176,0.2598080635070801,12
-35.0,-29.0,-46.0,188,0.28061413764953613,13
-39.0,-30.0,-45.0,196,0.29045915603637695,13
-13.0,-53.0,-16.0,303,0.40912508964538574,17
