z1,z2,z3,node,time,depth
-33.0,-41.0,-37.0,5,0.004209995269775391,3
-34.0,-33.0,-46.0,13,0.008697032928466797,4
-38.0,-41.0,-36.0,16,0.009842157363891602,5
-34.0,-42.0,-35.0,17,0.010291099548339844,5
-36.0,-28.0,-45.0,25,0.014140129089355469,5
-39.0,-36.0,-44.0,30,0.016041994094848633,6
-33.0,-38.0,-38.0,62,0.029597043991088867,8
