z1,z2,z3,node,time,depth
-17252.0,-18961.0,-17464.0,1,0.0022039413452148438,1
-16953.0,-19258.0,-17226.0,1,0.0022079944610595703,1
-16575.0,-19420.0,-17499.0,1,0.0022220611572265625,1
-16997.0,-18527.0,-18036.0,80,0.05483508110046387,16
-17423.0,-16115.0,-15856.0,312,0.17660903930664062,10
-17346.0,-18603.0,-16953.0,457,0.2687060832977295,5
-17375.0,-18365.0,-17763.0,525,0.31047701835632324,13
-16698.0,-18824.0,-17798.0,642,0.37479090690612793,12
-16227.0,-19435.0,-17184.0,665,0.3887479305267334,13
