z1,z2,z3,node,time,depth
-19410.0,-19821.0,-19265.0,1070,0.6804969310760498,3
-19598.0,-16536.0,-19030.0,1147,0.7205109596252441,5
-19472.0,-16643.0,-19153.0,1148,0.7212328910827637,6
-19438.0,-16743.0,-19127.0,1150,0.7230119705200195,8
