z1,z2,z3,node,time,depth
5403.0,4782.0,5345.0,1,0.08276677131652832,1
6920.0,5964.0,4232.0,1,0.0827779769897461,1
5742.0,6025.0,4176.0,1,0.08278894424438477,1
8316.0,4576.0,6764.0,1,0.08279991149902344,1
4861.0,5819.0,5352.0,1,0.08284282684326172,1
4878.0,7107.0,4863.0,1,0.08288693428039551,1
4722.0,6048.0,5445.0,1,0.08290886878967285,1
4832.0,4822.0,6501.0,1,0.08297395706176758,1
4214.0,8928.0,8263.0,3,0.1791999340057373,2
4459.0,7967.0,7430.0,3,0.17920684814453125,2
4669.0,9408.0,6152.0,3,0.1792149543762207,2
4360.0,9559.0,7070.0,3,0.17922186851501465,2
5184.0,6164.0,5137.0,3,0.1792449951171875,2
4550.0,7087.0,7848.0,3,0.17925190925598145,2
4572.0,7014.0,7904.0,3,0.1792597770690918,2
4671.0,6768.0,7738.0,3,0.17926692962646484,2
4649.0,6841.0,7682.0,3,0.1792738437652588,2
4243.0,8288.0,9254.0,5,0.27022695541381836,3
4234.0,8338.0,9152.0,5,0.2702488899230957,3
4407.0,7638.0,8396.0,5,0.2702598571777344,3
4519.0,7563.0,7777.0,6,0.33686184883117676,3
4680.0,7859.0,7016.0,6,0.33692097663879395,3
4330.0,9025.0,7559.0,7,0.3589479923248291,3
4659.0,8621.0,7139.0,9,0.4895339012145996,4
4720.0,8132.0,7003.0,14,0.8027119636535645,4
4400.0,8911.0,7318.0,14,0.8028638362884521,4
4499.0,8240.0,7417.0,14,0.8030037879943848,4
4529.0,9106.0,6698.0,14,0.8030149936676025,4
4559.0,7836.0,7764.0,28,1.4898028373718262,5
4327.0,8502.0,8454.0,28,1.4898099899291992,5
4679.0,8870.0,6997.0,38,1.9992568492889404,6
4654.0,8609.0,7151.0,39,2.046726942062378,6
4594.0,8714.0,7033.0,46,2.4518258571624756,6
4684.0,8882.0,6985.0,54,2.719148874282837,7
4702.0,9254.0,6290.0,67,3.324692964553833,7
4457.0,8710.0,7458.0,70,3.4631459712982178,7
4710.0,9044.0,6825.0,84,3.952788829803467,8
4419.0,8634.0,8298.0,95,4.443506956100464,8
4433.0,8757.0,7456.0,104,4.791309833526611,8
4627.0,8560.0,7171.0,106,4.896925926208496,8
7840.0,4660.0,6973.0,117,5.176581859588623,9
4607.0,7905.0,7721.0,117,5.1765899658203125,9
4250.0,9209.0,8223.0,214,8.26492190361023,10
4562.0,8952.0,6836.0,282,9.958215951919556,11
4487.0,9244.0,6969.0,357,11.661292791366577,12
4363.0,8783.0,8414.0,373,11.960882902145386,12
