z1,z2,z3,node,time,depth
-9219.0,-9229.0,-8917.0,1,0.0006990432739257812,1
-8597.0,-9924.0,-8197.0,30,0.013309001922607422,3
-8432.0,-9995.0,-8240.0,57,0.024439096450805664,5
