z1,z2,z3,node,time,depth
-45.0,-59.0,-67.0,1,0.005776882171630859,1
-43.0,-56.0,-69.0,1,0.005781888961791992,1
-53.0,-64.0,-59.0,1,0.005785942077636719,1
-45.0,-73.0,-42.0,1,0.0057909488677978516,1
-42.0,-66.0,-57.0,1,0.005795001983642578,1
-50.0,-71.0,-49.0,1,0.005800008773803711,1
-60.0,-70.0,-43.0,1,0.005805015563964844,1
-55.0,-72.0,-36.0,1,0.005808830261230469,1
-63.0,-62.0,-46.0,1,0.0058138370513916016,1
-63.0,-67.0,-45.0,1,0.005817890167236328,1
-60.0,-62.0,-59.0,1,0.005822896957397461,1
-61.0,-48.0,-57.0,1,0.0058269500732421875,1
-52.0,-57.0,-67.0,1,0.005831003189086914,1
-58.0,-47.0,-62.0,1,0.005836009979248047,1
-60.0,-50.0,-60.0,1,0.005839824676513672,1
-53.0,-68.0,-51.0,2,0.011294841766357422,2
-57.0,-65.0,-48.0,3,0.01599884033203125,3
-53.0,-43.0,-65.0,19,0.041960954666137695,5
-51.0,-61.0,-61.0,34,0.06689000129699707,3
-53.0,-55.0,-62.0,34,0.06691288948059082,3
-54.0,-50.0,-62.0,34,0.06692194938659668,3
-54.0,-59.0,-60.0,34,0.06693100929260254,3
-55.0,-54.0,-60.0,34,0.06693601608276367,3
-61.0,-63.0,-52.0,79,0.15479183197021484,2
-62.0,-56.0,-50.0,79,0.15479683876037598,2
-54.0,-52.0,-61.0,84,0.1686239242553711,6
-43.0,-66.0,-52.0,106,0.21557092666625977,7
-49.0,-65.0,-52.0,116,0.23212194442749023,7
