z1,z2,z3,node,time,depth
78.0,64.0,69.0,1,0.04101109504699707,1
91.0,52.0,93.0,1,0.041018009185791016,1
65.0,72.0,73.0,1,0.04102587699890137,1
76.0,64.0,73.0,1,0.04103398323059082,1
58.0,80.0,54.0,1,0.04106402397155762,1
57.0,121.0,50.0,2,0.10011792182922363,2
67.0,107.0,53.0,5,0.1844499111175537,3
66.0,77.0,66.0,8,0.27666187286376953,4
57.0,107.0,58.0,12,0.3754539489746094,5
