z1,z2,z3,node,time,depth
72.0,61.0,46.0,1,0.016857147216796875,1
48.0,60.0,53.0,1,0.016877174377441406,1
49.0,57.0,84.0,1,0.01690196990966797,1
65.0,57.0,47.0,1,0.0169069766998291,1
88.0,55.0,62.0,1,0.0169370174407959,1
51.0,59.0,72.0,4,0.04775714874267578,3
46.0,76.0,79.0,4,0.047762155532836914,3
55.0,58.0,83.0,28,0.16260004043579102,6
