z1,z2,z3,node,time,depth
25373.0,21797.0,22450.0,1,0.03713393211364746,1
23309.0,23602.0,21108.0,1,0.03714799880981445,1
23954.0,21660.0,23234.0,1,0.037162065505981445,1
21297.0,24351.0,23566.0,1,0.03717494010925293,1
22372.0,22727.0,23396.0,1,0.03718900680541992,1
22393.0,21960.0,24627.0,1,0.037203073501586914,1
22442.0,23349.0,22913.0,5,0.16675996780395508,3
22118.0,23851.0,23943.0,5,0.16707611083984375,3
22167.0,23499.0,24398.0,15,1.0541338920593262,4
22366.0,23375.0,23561.0,21,1.3977150917053223,6
