z1,z2,z3,node,time,depth
-77.0,-94.0,-65.0,1,0.0017261505126953125,1
-78.0,-92.0,-71.0,1,0.0017330646514892578,1
-80.0,-93.0,-67.0,1,0.0017561912536621094,1
-82.0,-88.0,-72.0,2,0.003554105758666992,2
-81.0,-89.0,-67.0,44,0.04454803466796875,7
-81.0,-86.0,-74.0,282,0.2108440399169922,5
-83.0,-83.0,-75.0,357,0.27142810821533203,13
-80.0,-87.0,-76.0,428,0.32884716987609863,3
-75.0,-88.0,-74.0,526,0.39813804626464844,12
-73.0,-85.0,-77.0,555,0.42018699645996094,11
-78.0,-79.0,-81.0,606,0.46053004264831543,14
-81.0,-82.0,-79.0,617,0.47040700912475586,13
-78.0,-84.0,-79.0,635,0.48610997200012207,11
-75.0,-80.0,-82.0,646,0.496035099029541,10
-81.0,-84.0,-75.0,670,0.5182549953460693,14
-80.0,-89.0,-72.0,674,0.5203211307525635,12
-80.0,-81.0,-80.0,679,0.5238730907440186,11
