z1,z2,z3,node,time,depth
-7530.0,-10580.0,-7654.0,277,0.0933830738067627,4
-7588.0,-10394.0,-7731.0,277,0.0933840274810791,4
-7571.0,-10481.0,-7610.0,277,0.09338498115539551,4
-7515.0,-10615.0,-7578.0,288,0.09836006164550781,6
-7458.0,-10481.0,-7799.0,294,0.10082411766052246,8
-7408.0,-10518.0,-7713.0,309,0.1063380241394043,5
