z1,z2,z3,node,time,depth
-18024.0,-19720.0,-19983.0,3,0.003676891326904297,2
-19131.0,-18815.0,-19729.0,5,0.005569934844970703,3
-18356.0,-19685.0,-19288.0,6,0.006516933441162109,3
-18887.0,-19397.0,-19677.0,7,0.007593870162963867,3
-18268.0,-19138.0,-20035.0,11,0.011852025985717773,4
-18508.0,-19589.0,-19426.0,20,0.01984405517578125,5
-17645.0,-19912.0,-19732.0,43,0.04150795936584473,6
-18979.0,-18911.0,-19591.0,55,0.052551984786987305,6
-18386.0,-19539.0,-19469.0,318,0.25620484352111816,12
-19009.0,-18765.0,-19772.0,324,0.2602400779724121,12
-18260.0,-19435.0,-19882.0,326,0.2615818977355957,12
-18474.0,-18999.0,-19753.0,374,0.29977989196777344,13
-18765.0,-19347.0,-19720.0,420,0.3341999053955078,14
-18230.0,-19581.0,-19701.0,422,0.33594703674316406,14
-17851.0,-19773.0,-19450.0,432,0.3424379825592041,15
-19194.0,-16554.0,-17623.0,458,0.3595240116119385,17
