z1,z2,z3,node,time,depth
-3766.0,-3898.0,-4113.0,14,0.02439403533935547,4
-3319.0,-4985.0,-4325.0,15,0.02585601806640625,4
-2903.0,-4712.0,-5600.0,83,0.12041401863098145,7
-3197.0,-5142.0,-4829.0,99,0.14243698120117188,7
-3126.0,-5580.0,-4174.0,108,0.15428709983825684,7
-3119.0,-5344.0,-4910.0,110,0.1575629711151123,7
-3630.0,-4084.0,-4491.0,114,0.16210293769836426,7
-2810.0,-5138.0,-5021.0,1200,0.9114499092102051,12
-3034.0,-4584.0,-5661.0,1242,0.9336299896240234,12
-2817.0,-4238.0,-5792.0,1244,0.9351089000701904,12
-3328.0,-4804.0,-5313.0,1310,0.9744069576263428,12
-2533.0,-5711.0,-4147.0,1540,1.0880300998687744,13
-2591.0,-5620.0,-4593.0,1548,1.0909318923950195,13
-3050.0,-4160.0,-5816.0,1566,1.101207971572876,13
-2815.0,-5066.0,-5233.0,1584,1.1107869148254395,13
-2670.0,-4790.0,-5576.0,1590,1.1133599281311035,13
-2890.0,-5269.0,-4968.0,1600,1.1215600967407227,13
-2745.0,-4993.0,-5311.0,1602,1.1228389739990234,13
-3544.0,-4749.0,-4882.0,1624,1.1340820789337158,13
-3344.0,-4380.0,-5468.0,1626,1.1353569030761719,13
-2964.0,-5010.0,-5228.0,1652,1.148324966430664,13
-2820.0,-5695.0,-4535.0,1684,1.163620948791504,13
-3184.0,-5489.0,-4620.0,1688,1.165086030960083,13
-3039.0,-5213.0,-4963.0,1690,1.1663429737091064,13
-2664.0,-5373.0,-4631.0,1746,1.1917428970336914,14
-2446.0,-5344.0,-4936.0,1758,1.1961920261383057,14
-2526.0,-5475.0,-4883.0,1782,1.2084178924560547,14
-2978.0,-4915.0,-5335.0,1790,1.21138596534729,14
-3408.0,-4935.0,-5260.0,1822,1.2261500358581543,14
-3263.0,-4659.0,-5603.0,1824,1.2273790836334229,14
-3272.0,-5345.0,-4564.0,1830,1.230186939239502,14
-3272.0,-5135.0,-4987.0,1834,1.2315149307250977,14
-3608.0,-4576.0,-4675.0,1842,1.2344489097595215,14
-3608.0,-4366.0,-5098.0,1846,1.2361290454864502,14
