z1,z2,z3,node,time,depth
-18391.0,-21836.0,-21724.0,1,0.0008990764617919922,1
-18152.0,-22321.0,-21865.0,172,0.08659601211547852,10
