z1,z2,z3,node,time,depth
-13389.0,-14177.0,-13613.0,22,0.014142036437988281,7
-13449.0,-14242.0,-13602.0,55,0.030801057815551758,6
-12707.0,-15003.0,-12788.0,70,0.03733205795288086,14
-12691.0,-14993.0,-12927.0,79,0.04437398910522461,13
-12800.0,-15180.0,-12443.0,104,0.05797696113586426,11
-12640.0,-15014.0,-12694.0,122,0.07211995124816895,14
-12700.0,-15079.0,-12683.0,140,0.08156895637512207,12
-13674.0,-14503.0,-13220.0,284,0.1545100212097168,11
-13514.0,-14337.0,-13471.0,302,0.16228103637695312,14
-13574.0,-14402.0,-13460.0,320,0.1716458797454834,12
-13523.0,-14423.0,-13227.0,329,0.17729902267456055,11
-14315.0,-13687.0,-13914.0,338,0.18247103691101074,10
-14272.0,-13586.0,-14146.0,347,0.1872849464416504,9
-14212.0,-13561.0,-14217.0,350,0.1889970302581787,6
-14152.0,-13496.0,-14228.0,352,0.19009685516357422,8
-14275.0,-13617.0,-13943.0,436,0.23352503776550293,8
-14063.0,-13605.0,-14223.0,522,0.27595090866088867,6
-14003.0,-13540.0,-14234.0,524,0.2773458957672119,8
-14012.0,-13626.0,-13990.0,573,0.3026578426361084,9
-14126.0,-13661.0,-13949.0,590,0.312222957611084,8
-14805.0,-12790.0,-14634.0,632,0.33489394187927246,5
-14679.0,-12921.0,-14719.0,636,0.33660197257995605,7
-14764.0,-12820.0,-14706.0,637,0.3369629383087158,7
