z1,z2,z3,node,time,depth
-8843.0,-9062.0,-8699.0,3,0.0016520023345947266,2
-8982.0,-9038.0,-8846.0,3,0.0016529560089111328,2
-8064.0,-9808.0,-8151.0,4,0.0022368431091308594,3
-7925.0,-9832.0,-8004.0,11,0.005791902542114258,4
-8230.0,-9537.0,-7944.0,26,0.011657953262329102,6
-8091.0,-9561.0,-7797.0,42,0.016307830810546875,7
