z1,z2,z3,node,time,depth
-13832.0,-10996.0,-13096.0,90,0.041168928146362305,9
-14212.0,-12449.0,-11875.0,216,0.10289382934570312,9
-14055.0,-12762.0,-11690.0,228,0.10742878913879395,14
-13828.0,-12610.0,-11818.0,237,0.11162185668945312,13
-13866.0,-12806.0,-11627.0,246,0.11580586433410645,12
-14106.0,-12652.0,-11788.0,255,0.12006497383117676,11
-14576.0,-12624.0,-11127.0,264,0.12477493286132812,10
-14468.0,-11733.0,-11858.0,270,0.12768101692199707,10
-14311.0,-12046.0,-11673.0,280,0.13131380081176758,14
-14362.0,-11936.0,-11771.0,301,0.1407318115234375,11
-14832.0,-11908.0,-11110.0,308,0.14426183700561523,10
-14063.0,-12097.0,-12119.0,316,0.14784479141235352,13
-14158.0,-11955.0,-12370.0,321,0.14962196350097656,15
-14315.0,-11642.0,-12555.0,326,0.15145492553710938,14
-13931.0,-11803.0,-12498.0,331,0.1539449691772461,13
-13969.0,-11999.0,-12307.0,336,0.15613889694213867,12
-14209.0,-11845.0,-12468.0,341,0.15829896926879883,11
-14679.0,-11817.0,-11807.0,346,0.1608278751373291,10
-14330.0,-12040.0,-11756.0,360,0.16663789749145508,14
-14224.0,-12243.0,-11669.0,369,0.1706998348236084,11
-14694.0,-12215.0,-11008.0,372,0.1722278594970703,10
-14235.0,-12127.0,-11811.0,378,0.17504191398620605,13
-14599.0,-12302.0,-11063.0,386,0.17810893058776855,10
-14502.0,-11964.0,-11693.0,387,0.17844796180725098,9
-14409.0,-11185.0,-12535.0,397,0.1847548484802246,9
-14306.0,-11992.0,-11855.0,405,0.1896648406982422,9
-14562.0,-11276.0,-11838.0,411,0.19312381744384766,9
-14367.0,-12104.0,-11515.0,419,0.19746780395507812,4
-13897.0,-12132.0,-12176.0,422,0.19913983345031738,7
-13846.0,-12242.0,-12078.0,422,0.1991407871246338,7
-13619.0,-12090.0,-12206.0,437,0.2069389820098877,11
-13657.0,-12286.0,-12015.0,455,0.21763396263122559,9
-13501.0,-12499.0,-12325.0,478,0.23100996017456055,6
-13539.0,-12695.0,-12134.0,478,0.23101186752319336,6
-14352.0,-11706.0,-12314.0,504,0.2444019317626953,8
-13882.0,-11734.0,-12975.0,506,0.2454378604888916,10
-13831.0,-11844.0,-12877.0,506,0.24544000625610352,10
-13604.0,-11692.0,-13005.0,515,0.2524118423461914,11
-13642.0,-11888.0,-12814.0,518,0.2539989948272705,10
-13524.0,-12177.0,-12261.0,520,0.2550318241119385,9
-13562.0,-12373.0,-12070.0,520,0.255033016204834,9
-14082.0,-11074.0,-13042.0,545,0.26989078521728516,9
-14078.0,-12688.0,-11764.0,564,0.28135085105895996,8
-14334.0,-11972.0,-11747.0,570,0.28505897521972656,8
-14181.0,-11881.0,-12444.0,574,0.28728795051574707,8
