z1,z2,z3,node,time,depth
85.0,65.0,89.0,1,0.040495872497558594,1
83.0,79.0,70.0,1,0.04050803184509277,1
78.0,89.0,68.0,1,0.040518999099731445,1
70.0,87.0,75.0,1,0.04053497314453125,1
110.0,110.0,63.0,1,0.04057788848876953,1
71.0,79.0,81.0,1,0.040632009506225586,1
95.0,123.0,66.0,2,0.05275702476501465,2
99.0,119.0,67.0,10,0.2616279125213623,3
112.0,104.0,65.0,51,1.2885150909423828,7
110.0,104.0,66.0,56,1.410959005355835,9
107.0,106.0,67.0,60,1.5121450424194336,11
110.0,103.0,67.0,71,1.7221930027008057,16
109.0,106.0,66.0,75,1.8427269458770752,9
112.0,103.0,66.0,80,2.082314968109131,12
109.0,105.0,67.0,87,2.2938990592956543,14
107.0,112.0,64.0,90,2.430604934692383,7
105.0,112.0,65.0,90,2.4306719303131104,7
108.0,110.0,64.0,90,2.4307050704956055,7
108.0,109.0,65.0,106,3.1409130096435547,17
105.0,111.0,66.0,117,3.3518590927124023,18
110.0,109.0,64.0,133,3.775408983230591,13
107.0,111.0,65.0,152,4.097028017044067,13
81.0,80.0,78.0,189,4.856986045837402,7
