z1,z2,z3,node,time,depth
-7331.0,-11191.0,-7000.0,110,0.03885197639465332,4
-7862.0,-10641.0,-7880.0,110,0.03885293006896973,4
