z1,z2,z3,node,time,depth
6990.0,9762.0,5122.0,1,0.03525710105895996,1
6931.0,7612.0,7751.0,1,0.035276174545288086,1
9302.0,6371.0,7031.0,1,0.035284996032714844,1
7594.0,6987.0,8536.0,1,0.03529500961303711,1
8633.0,6643.0,7244.0,1,0.035305023193359375,1
7786.0,7300.0,7465.0,2,0.057015180587768555,2
8262.0,7244.0,7006.0,4,0.13593316078186035,3
7415.0,9660.0,6270.0,4,0.13608598709106445,3
10132.0,9452.0,6504.0,15,0.6535301208496094,5
9935.0,9710.0,6259.0,15,0.6535401344299316,5
11073.0,9237.0,6675.0,15,0.6536149978637695,5
10425.0,9312.0,6620.0,15,0.6536262035369873,5
10438.0,9442.0,6343.0,20,0.8763201236724854,5
10054.0,8937.0,6834.0,20,0.8764610290527344,5
9158.0,9640.0,6666.0,36,1.4882640838623047,6
9476.0,9524.0,6473.0,36,1.48838210105896,6
9464.0,9472.0,6895.0,45,1.7755441665649414,7
10583.0,9635.0,6314.0,74,2.742043972015381,8
9968.0,9213.0,6781.0,85,3.0679471492767334,8
9650.0,9329.0,6974.0,119,4.005563020706177,9
10688.0,9254.0,6763.0,143,4.7161641120910645,10
11299.0,8908.0,6945.0,263,8.671158075332642,12
9850.0,9521.0,6677.0,320,9.962399005889893,12
9577.0,9368.0,6949.0,321,10.07379698753357,12
11226.0,9163.0,6774.0,407,11.853605031967163,14
