z1,z2,z3,node,time,depth
-19922.0,-19265.0,-19643.0,1,0.0009441375732421875,1
-20060.0,-19303.0,-19542.0,1,0.000946044921875,1
-19296.0,-20075.0,-19086.0,233,0.12189698219299316,4
-19434.0,-20113.0,-18985.0,317,0.16700506210327148,3
