z1,z2,z3,node,time,depth
-8327.0,-8323.0,-8847.0,4,0.0020940303802490234,3
-8632.0,-8043.0,-9183.0,11,0.005608081817626953,4
-7963.0,-9162.0,-8315.0,16,0.007534027099609375,5
-8448.0,-8155.0,-8926.0,20,0.008816003799438477,5
-8268.0,-8882.0,-8651.0,30,0.013043880462646484,6
-7794.0,-8962.0,-8635.0,34,0.014748096466064453,6
-8451.0,-8311.0,-8676.0,38,0.01593303680419922,7
-8099.0,-8682.0,-8971.0,42,0.017611980438232422,7
