z1,z2,z3,node,time,depth
-19615.0,-19435.0,-16700.0,9,0.007860183715820312,4
-19426.0,-19599.0,-16825.0,17,0.014291048049926758,5
-19554.0,-19118.0,-16799.0,79,0.056658029556274414,8
-17934.0,-16828.0,-17131.0,97,0.06720900535583496,8
-19487.0,-19275.0,-17078.0,128,0.08349418640136719,9
-19233.0,-19653.0,-16812.0,200,0.12189412117004395,10
