z1,z2,z3,node,time,depth
-3823.0,-2767.0,-3365.0,1,0.0009469985961914062,1
-1064.0,-4186.0,-380.0,1,0.0009510517120361328,1
-3118.0,-3370.0,-2863.0,1,0.0009529590606689453,1
-1940.0,-3432.0,-1007.0,32,0.027292966842651367,6
-1844.0,-3505.0,-1168.0,54,0.040910959243774414,7
-1499.0,-3764.0,-1089.0,106,0.06778693199157715,8
-1829.0,-3595.0,-1183.0,108,0.06859087944030762,8
-1734.0,-3378.0,-1186.0,109,0.06919002532958984,8
-1622.0,-3702.0,-1350.0,112,0.0707559585571289,8
-1547.0,-3780.0,-1064.0,120,0.07471084594726562,8
-1610.0,-3730.0,-1083.0,150,0.08987689018249512,9
-1733.0,-3668.0,-1344.0,154,0.09203600883483887,9
-1658.0,-3746.0,-1058.0,162,0.09606003761291504,9
-3530.0,-1635.0,-3375.0,196,0.11174583435058594,10
