z1,z2,z3,node,time,depth
67.0,129.0,53.0,1,0.05009102821350098,1
55.0,103.0,57.0,1,0.050115108489990234,1
87.0,69.0,86.0,1,0.050173044204711914,1
126.0,55.0,140.0,2,0.09491395950317383,2
92.0,67.0,104.0,2,0.09493398666381836,2
117.0,60.0,135.0,342,8.633499145507812,4
121.0,59.0,132.0,342,8.633520126342773,4
121.0,60.0,130.0,342,8.633530139923096,4
109.0,65.0,132.0,342,8.633572101593018,4
122.0,61.0,128.0,464,11.03884506225586,5
113.0,65.0,124.0,464,11.039093971252441,5
113.0,64.0,134.0,531,12.328607082366943,9
111.0,65.0,128.0,664,16.324355125427246,8
120.0,60.0,133.0,726,17.510475158691406,9
128.0,56.0,139.0,775,18.76030993461609,23
121.0,58.0,139.0,798,19.314711093902588,10
114.0,63.0,132.0,820,20.226060152053833,11
119.0,61.0,134.0,829,20.450732946395874,13
116.0,63.0,130.0,859,21.63422393798828,8
117.0,63.0,128.0,859,21.634233951568604,8
118.0,62.0,133.0,949,24.396422147750854,9
134.0,57.0,132.0,1052,28.778151035308838,3
84.0,73.0,91.0,1052,28.778187036514282,3
120.0,63.0,123.0,1412,40.622337102890015,4
127.0,60.0,128.0,1415,40.82654309272766,7
129.0,61.0,126.0,1418,40.948819160461426,9
126.0,62.0,125.0,1601,45.79633593559265,11
133.0,58.0,132.0,1620,46.247678995132446,18
115.0,64.0,110.0,1708,49.88064908981323,4
112.0,66.0,111.0,1824,51.72615599632263,5
117.0,65.0,108.0,1824,51.726171016693115,5
72.0,85.0,73.0,2015,56.46697497367859,4
73.0,89.0,70.0,2071,58.42147898674011,10
87.0,82.0,82.0,2071,58.421494007110596,10
76.0,84.0,85.0,2071,58.421509981155396,10
79.0,97.0,69.0,2116,60.374918937683105,15
66.0,126.0,55.0,2171,62.007137060165405,16
66.0,130.0,54.0,2173,62.10000205039978,18
65.0,127.0,56.0,2173,62.100017070770264,18
