z1,z2,z3,node,time,depth
6589.0,8912.0,7706.0,1,0.042428016662597656,1
9216.0,7388.0,5130.0,1,0.04243588447570801,1
7279.0,7309.0,8533.0,1,0.042450904846191406,1
7245.0,7439.0,7788.0,1,0.04245805740356445,1
7775.0,6706.0,7845.0,1,0.04250288009643555,1
6578.0,8457.0,7802.0,1,0.04251694679260254,1
7231.0,7867.0,7517.0,2,0.10825896263122559,2
8559.0,8019.0,6087.0,2,0.10834503173828125,2
10815.0,6695.0,9453.0,3,0.12563395500183105,2
8138.0,7340.0,7252.0,4,0.22202491760253906,3
7262.0,9103.0,7150.0,4,0.22214388847351074,3
11519.0,6993.0,7761.0,6,0.25293898582458496,3
11419.0,7177.0,7688.0,7,0.2904539108276367,3
11436.0,7261.0,7559.0,42,1.8903460502624512,6
11673.0,7380.0,7171.0,78,3.193897008895874,8
6465.0,11164.0,10004.0,144,4.642767906188965,11
6409.0,10983.0,10123.0,145,4.6700310707092285,11
6489.0,11013.0,10037.0,182,5.431391000747681,13
6537.0,11386.0,9635.0,198,5.974812984466553,14
6576.0,11064.0,9971.0,313,9.606452941894531,23
