z1,z2,z3,node,time,depth
-53.0,-15.0,-49.0,1,0.005599021911621094,1
-39.0,-30.0,-42.0,1,0.0056018829345703125,1
-32.0,-43.0,-27.0,1,0.0056040287017822266,1
-23.0,-49.0,-19.0,1,0.005606889724731445,1
-14.0,-54.0,-15.0,1,0.005609989166259766,1
-11.0,-53.0,-18.0,1,0.005612850189208984,1
-45.0,-21.0,-48.0,1,0.005615949630737305,1
-48.0,-18.0,-49.0,1,0.005619049072265625,1
-24.0,-48.0,-23.0,1,0.005621910095214844,1
-39.0,-37.0,-33.0,1,0.005625009536743164,1
-51.0,-22.0,-45.0,1,0.005629062652587891,1
-47.0,-28.0,-35.0,1,0.005630970001220703,1
-54.0,-18.0,-47.0,1,0.005633831024169922,1
-28.0,-40.0,-33.0,1,0.005636930465698242,1
-23.0,-47.0,-25.0,1,0.005640983581542969,1
-18.0,-47.0,-26.0,1,0.0056438446044921875,1
-27.0,-43.0,-30.0,1,0.005646944046020508,1
-42.0,-32.0,-40.0,1,0.00564885139465332,1
-30.0,-44.0,-27.0,1,0.005651950836181641,1
-35.0,-38.0,-34.0,1,0.005655050277709961,1
-27.0,-41.0,-32.0,2,0.013458013534545898,2
-39.0,-34.0,-36.0,2,0.013473033905029297,2
-26.0,-47.0,-20.0,4,0.02413797378540039,3
-22.0,-49.0,-21.0,4,0.02414703369140625,3
-15.0,-52.0,-18.0,5,0.03173398971557617,3
-47.0,-22.0,-46.0,7,0.03814888000488281,3
-13.0,-53.0,-16.0,16,0.06327700614929199,5
-25.0,-47.0,-21.0,41,0.12529683113098145,7
-18.0,-50.0,-17.0,41,0.12530303001403809,7
-28.0,-41.0,-31.0,65,0.18136906623840332,8
-18.0,-48.0,-24.0,89,0.22704696655273438,10
-31.0,-41.0,-28.0,99,0.25199198722839355,10
-42.0,-29.0,-41.0,103,0.26095104217529297,10
-48.0,-25.0,-43.0,103,0.2609739303588867,10
-27.0,-45.0,-21.0,114,0.2765369415283203,11
-36.0,-35.0,-35.0,125,0.2929258346557617,11
-48.0,-20.0,-47.0,130,0.30017995834350586,11
-40.0,-34.0,-33.0,154,0.33303093910217285,12
-41.0,-33.0,-37.0,163,0.34846997261047363,12
-35.0,-37.0,-35.0,163,0.348477840423584,12
-32.0,-40.0,-30.0,188,0.3863530158996582,13
-25.0,-45.0,-22.0,189,0.38936400413513184,13
-33.0,-41.0,-27.0,189,0.38936591148376465,13
-24.0,-45.0,-26.0,191,0.3941819667816162,13
-47.0,-26.0,-37.0,237,0.45285797119140625,14
-34.0,-39.0,-25.0,252,0.46936988830566406,15
-44.0,-28.0,-41.0,272,0.49332594871520996,15
-40.0,-27.0,-42.0,276,0.49967384338378906,15
-43.0,-29.0,-40.0,318,0.5450160503387451,17
