z1,z2,z3,node,time,depth
-30.0,-39.0,-35.0,1,0.0012960433959960938,1
-39.0,-32.0,-42.0,1,0.0012989044189453125,1
-46.0,-23.0,-45.0,1,0.0013010501861572266,1
-46.0,-17.0,-46.0,32,0.022502899169921875,7
-32.0,-36.0,-31.0,75,0.05756187438964844,5
-16.0,-43.0,-19.0,90,0.06566500663757324,11
