z1,z2,z3,node,time,depth
-18570.0,-20106.0,-19490.0,1,0.0012769699096679688,1
-18147.0,-20594.0,-18868.0,5,0.0043849945068359375,5
-18047.0,-20557.0,-18991.0,9,0.0063838958740234375,6
-18010.0,-20614.0,-19116.0,32,0.01806497573852539,11
-18470.0,-20069.0,-19613.0,125,0.06292200088500977,2
