z1,z2,z3,node,time,depth
60.0,50.0,64.0,1,0.012699127197265625,1
60.0,53.0,61.0,1,0.012704133987426758,1
53.0,90.0,64.0,1,0.012708902359008789,1
53.0,79.0,72.0,1,0.01271510124206543,1
54.0,64.0,55.0,1,0.012720108032226562,1
68.0,55.0,55.0,1,0.012730121612548828,1
53.0,89.0,66.0,7,0.06861591339111328,5
