z1,z2,z3,node,time,depth
16819.0,19586.0,17647.0,1,0.010529041290283203,1
21131.0,15478.0,21711.0,1,0.010535955429077148,1
19924.0,16563.0,20307.0,1,0.010544061660766602,1
19091.0,18573.0,17459.0,1,0.010550975799560547,1
17377.0,19370.0,17783.0,5,0.06432390213012695,2
18984.0,18059.0,18562.0,23,0.29236507415771484,4
20543.0,17117.0,19941.0,23,0.2923719882965088,4
17722.0,19064.0,17991.0,23,0.2923870086669922,4
19156.0,17993.0,18677.0,31,0.39006900787353516,5
