z1,z2,z3,node,time,depth
22846.0,26301.0,27881.0,1,0.08280706405639648,1
26527.0,24950.0,25637.0,1,0.08282613754272461,1
26465.0,27249.0,23977.0,1,0.08284497261047363,1
25202.0,26388.0,24602.0,1,0.0829019546508789,1
25546.0,24535.0,26465.0,1,0.08293914794921875,1
26844.0,25953.0,25146.0,5,0.27939891815185547,3
24962.0,26915.0,25242.0,8,0.3793649673461914,4
24961.0,26206.0,26758.0,8,0.37943506240844727,4
25977.0,25684.0,25742.0,22,0.6007459163665771,6
25506.0,25606.0,27575.0,29,0.718696117401123,7
26991.0,24885.0,26216.0,58,1.224381923675537,11
