z1,z2,z3,node,time,depth
-29.0,-27.0,-31.0,12,0.013253927230834961,4
-26.0,-18.0,-32.0,26,0.022474050521850586,5
-26.0,-35.0,-20.0,64,0.04643392562866211,7
-29.0,-28.0,-29.0,70,0.04874300956726074,7
-27.0,-34.0,-28.0,118,0.06924891471862793,8
-25.0,-28.0,-34.0,136,0.07556700706481934,8
-30.0,-28.0,-26.0,142,0.07772088050842285,8
-30.0,-27.0,-28.0,164,0.08553791046142578,8
-32.0,-27.0,-25.0,180,0.09071683883666992,8
-32.0,-28.0,-20.0,180,0.09071993827819824,8
-29.0,-34.0,-16.0,184,0.09218597412109375,8
-27.0,-33.0,-30.0,212,0.10163283348083496,9
-22.0,-33.0,-32.0,238,0.1100149154663086,10
-18.0,-24.0,-36.0,240,0.1106419563293457,10
-31.0,-33.0,-19.0,248,0.1127328872680664,10
-30.0,-33.0,-24.0,258,0.11557388305664062,10
-33.0,-27.0,-22.0,262,0.11674094200134277,11
