z1,z2,z3,node,time,depth
6569.0,8293.0,7553.0,1,0.04441213607788086,1
9139.0,5782.0,11543.0,1,0.04443192481994629,1
5922.0,6576.0,8881.0,1,0.04445004463195801,1
7576.0,8326.0,6177.0,1,0.044489145278930664,1
7702.0,6193.0,9594.0,1,0.044497013092041016,1
8150.0,6905.0,6943.0,1,0.04457998275756836,1
8051.0,7010.0,7386.0,2,0.08544707298278809,2
7935.0,6620.0,8377.0,4,0.15569114685058594,3
9356.0,6064.0,11011.0,10,0.39791297912597656,4
8840.0,5970.0,11489.0,10,0.39806509017944336,4
9489.0,6124.0,10873.0,11,0.413114070892334,4
7390.0,7566.0,7837.0,14,0.5277700424194336,5
8713.0,7892.0,6708.0,90,2.863703966140747,11
8761.0,6061.0,11463.0,127,3.9170889854431152,13
9010.0,6101.0,11426.0,186,5.163749933242798,18
8931.0,6192.0,11400.0,189,5.184091091156006,18
9309.0,5913.0,11480.0,191,5.196398019790649,18
