z1,z2,z3,node,time,depth
7534.0,8813.0,5542.0,1,0.04552602767944336,1
8948.0,6203.0,7646.0,1,0.045536041259765625,1
7607.0,6316.0,8856.0,1,0.04554605484008789,1
5999.0,7217.0,8405.0,1,0.045617103576660156,1
7472.0,7532.0,7331.0,2,0.11044120788574219,2
7051.0,7272.0,8281.0,2,0.11050200462341309,2
6861.0,8529.0,6924.0,2,0.11051201820373535,2
5921.0,9651.0,10908.0,3,0.1560990810394287,2
6903.0,8262.0,7829.0,8,0.40409302711486816,4
7058.0,9377.0,6758.0,18,0.8866021633148193,6
7439.0,8820.0,6282.0,27,1.1207711696624756,7
10493.0,8637.0,6903.0,82,2.288233995437622,11
10773.0,8436.0,7271.0,82,2.288295030593872,11
10205.0,8742.0,6725.0,82,2.288379192352295,11
10414.0,8502.0,7325.0,98,2.4040582180023193,12
10486.0,8459.0,7105.0,112,2.635561227798462,13
10746.0,8788.0,6559.0,112,2.6355721950531006,13
10774.0,8354.0,7283.0,153,3.174751043319702,15
11034.0,8683.0,6737.0,197,3.6289420127868652,17
