z1,z2,z3,node,time,depth
-7747.0,-8283.0,-8634.0,1,0.0006639957427978516,1
-8138.0,-8223.0,-8599.0,2,0.001127004623413086,2
-7481.0,-8733.0,-8218.0,23,0.008469104766845703,7
-7872.0,-8673.0,-8183.0,28,0.010577917098999023,6
-7442.0,-8761.0,-8344.0,35,0.013363122940063477,7
-7833.0,-8701.0,-8309.0,38,0.014523983001708984,6
-7644.0,-8766.0,-7948.0,40,0.015275001525878906,5
-8035.0,-8706.0,-7913.0,40,0.015275955200195312,5
-8247.0,-8358.0,-7932.0,47,0.017607927322387695,5
