z1,z2,z3,node,time,depth
24078.0,23494.0,24824.0,1,0.06804108619689941,1
24286.0,22896.0,25351.0,1,0.06805610656738281,1
23315.0,25568.0,23754.0,1,0.0680840015411377,1
24923.0,24133.0,22759.0,1,0.06809806823730469,1
22728.0,24559.0,25572.0,1,0.06811308860778809,1
26023.0,23274.0,24684.0,2,0.08073115348815918,2
25334.0,23910.0,24164.0,12,0.23798704147338867,4
24861.0,25128.0,23625.0,22,0.33690714836120605,6
23120.0,25248.0,25017.0,31,0.44438695907592773,8
