z1,z2,z3,node,time,depth
6569.0,8293.0,7553.0,1,0.04655599594116211,1
9139.0,5782.0,11543.0,1,0.04657793045043945,1
5922.0,6576.0,8881.0,1,0.0465998649597168,1
7576.0,8326.0,6177.0,1,0.04664301872253418,1
7702.0,6193.0,9594.0,1,0.04665398597717285,1
8150.0,6905.0,6943.0,1,0.04672884941101074,1
8051.0,7010.0,7386.0,25,0.5912230014801025,2
9489.0,6124.0,10873.0,27,0.6196999549865723,4
9356.0,6064.0,11011.0,64,1.3856899738311768,4
8840.0,5970.0,11489.0,64,1.385840892791748,4
8761.0,6061.0,11463.0,81,2.2332990169525146,13
9309.0,5913.0,11480.0,87,2.345608949661255,18
8931.0,6192.0,11400.0,98,2.453995943069458,18
9010.0,6101.0,11426.0,115,2.7621378898620605,18
7935.0,6620.0,8377.0,129,3.0901968479156494,3
7390.0,7566.0,7837.0,143,3.467725992202759,5
8713.0,7892.0,6708.0,193,4.930414915084839,11
