z1,z2,z3,node,time,depth
-62.0,-59.0,-46.0,1,0.0061609745025634766,1
-36.0,-63.0,-58.0,1,0.006165027618408203,1
-74.0,-40.0,-48.0,1,0.006170034408569336,1
-72.0,-46.0,-45.0,1,0.006173849105834961,1
-72.0,-42.0,-52.0,1,0.006178855895996094,1
-66.0,-54.0,-51.0,1,0.00618290901184082,1
-60.0,-51.0,-59.0,1,0.006187915802001953,1
-66.0,-39.0,-60.0,1,0.00619196891784668,1
-54.0,-51.0,-65.0,1,0.0061969757080078125,1
-60.0,-39.0,-66.0,1,0.006201028823852539,1
-45.0,-52.0,-68.0,1,0.006206035614013672,1
-33.0,-65.0,-50.0,1,0.006209850311279297,1
-46.0,-64.0,-54.0,1,0.00621485710144043,1
-42.0,-65.0,-39.0,1,0.006218910217285156,1
-55.0,-63.0,-51.0,1,0.006223917007446289,1
-49.0,-32.0,-72.0,1,0.006227970123291016,1
-43.0,-44.0,-71.0,1,0.0062329769134521484,1
-47.0,-39.0,-71.0,1,0.006237030029296875,1
-43.0,-59.0,-60.0,2,0.013016939163208008,2
-51.0,-60.0,-56.0,2,0.013072013854980469,2
-51.0,-52.0,-62.0,2,0.013080835342407227,2
-48.0,-43.0,-67.0,2,0.01308584213256836,2
-57.0,-55.0,-54.0,4,0.021953821182250977,4
-63.0,-43.0,-55.0,29,0.07483792304992676,5
-63.0,-51.0,-54.0,84,0.20244693756103516,3
-54.0,-52.0,-57.0,100,0.23151683807373047,6
-56.0,-56.0,-54.0,113,0.25586700439453125,5
-62.0,-43.0,-58.0,135,0.31095004081726074,5
-67.0,-44.0,-51.0,135,0.3109719753265381,5
-56.0,-43.0,-60.0,140,0.32393884658813477,7
-66.0,-43.0,-53.0,160,0.38155603408813477,5
-57.0,-40.0,-63.0,160,0.38156986236572266,5
-45.0,-62.0,-55.0,193,0.4747200012207031,2
-56.0,-53.0,-55.0,193,0.47473788261413574,2
-36.0,-65.0,-43.0,193,0.4747598171234131,2
-51.0,-40.0,-69.0,195,0.4848668575286865,4
-52.0,-57.0,-52.0,195,0.4848759174346924,4
-50.0,-56.0,-60.0,195,0.48488497734069824,4
-42.0,-55.0,-64.0,242,0.5865809917449951,4
-55.0,-48.0,-62.0,279,0.7060558795928955,3
-61.0,-36.0,-63.0,279,0.7060599327087402,3
-51.0,-53.0,-57.0,280,0.7107958793640137,4
