z1,z2,z3,node,time,depth
-27.0,-22.0,-42.0,17,0.008599042892456055,6
-32.0,-23.0,-39.0,83,0.0355839729309082,8
-22.0,-25.0,-40.0,97,0.04122591018676758,7
-27.0,-26.0,-37.0,135,0.05709695816040039,8
-19.0,-22.0,-43.0,143,0.06058096885681152,8
-23.0,-25.0,-39.0,169,0.07086801528930664,8
-24.0,-23.0,-40.0,170,0.07118391990661621,7
-35.0,-19.0,-41.0,217,0.09383702278137207,8
-33.0,-16.0,-42.0,285,0.1224210262298584,8
-23.0,-18.0,-44.0,313,0.13366293907165527,8
-32.0,-16.0,-44.0,317,0.1353168487548828,8
-31.0,-18.0,-43.0,329,0.1405329704284668,6
