z1,z2,z3,node,time,depth
-59.0,-45.0,-65.0,1,0.0016901493072509766,1
-25.0,-67.0,-34.0,1,0.0016970634460449219,1
-62.0,-48.0,-62.0,1,0.001703023910522461,1
-63.0,-30.0,-63.0,11,0.0157620906829834,4
-54.0,-54.0,-56.0,23,0.031013965606689453,5
-41.0,-63.0,-50.0,53,0.0642080307006836,6
-56.0,-53.0,-58.0,408,0.351391077041626,11
-54.0,-52.0,-59.0,430,0.3651411533355713,11
-40.0,-64.0,-49.0,450,0.3771820068359375,11
-43.0,-62.0,-49.0,452,0.37807202339172363,11
-50.0,-56.0,-53.0,471,0.38927292823791504,11
-60.0,-48.0,-63.0,510,0.41283607482910156,12
-46.0,-58.0,-56.0,592,0.45427799224853516,13
-53.0,-49.0,-61.0,616,0.466555118560791,13
-47.0,-56.0,-57.0,642,0.4784829616546631,14
-48.0,-59.0,-55.0,664,0.487900972366333,15
-62.0,-32.0,-64.0,666,0.4885590076446533,15
-52.0,-54.0,-60.0,670,0.4900851249694824,15
-55.0,-50.0,-60.0,676,0.4923069477081299,15
-49.0,-57.0,-53.0,678,0.4929850101470947,15
-51.0,-56.0,-52.0,682,0.494312047958374,15
