z1,z2,z3,node,time,depth
-18749.0,-17664.0,-18668.0,6,0.0075528621673583984,3
-19382.0,-16950.0,-19387.0,10,0.01164388656616211,4
-19666.0,-16839.0,-19350.0,13,0.014998912811279297,4
-20348.0,-16151.0,-20127.0,17,0.019209861755371094,5
-19445.0,-16687.0,-19531.0,33,0.03327202796936035,6
-18843.0,-17402.0,-18712.0,37,0.03622102737426758,6
-19746.0,-16866.0,-19308.0,73,0.061239004135131836,7
-20285.0,-16414.0,-19983.0,81,0.06697893142700195,7
-19652.0,-17128.0,-19264.0,97,0.07798385620117188,7
-18557.0,-17393.0,-18945.0,109,0.08535885810852051,7
-18819.0,-17377.0,-18850.0,109,0.08536100387573242,7
-19190.0,-16679.0,-19664.0,153,0.11360788345336914,8
-19452.0,-16663.0,-19569.0,153,0.11361002922058105,8
-18494.0,-17656.0,-18801.0,175,0.12674999237060547,8
-18756.0,-17640.0,-18706.0,175,0.12675094604492188,8
-20235.0,-16117.0,-20134.0,188,0.13550090789794922,9
-20172.0,-16380.0,-19990.0,292,0.20128679275512695,10
-19539.0,-17094.0,-19271.0,318,0.21829581260681152,10
-20113.0,-16164.0,-20189.0,374,0.2573528289794922,11
-19480.0,-16878.0,-19470.0,390,0.26926183700561523,11
-20407.0,-16367.0,-19928.0,412,0.28353381156921387,12
-19388.0,-16655.0,-19634.0,418,0.2875490188598633,12
-19325.0,-16918.0,-19490.0,428,0.29439496994018555,12
-18692.0,-17632.0,-18771.0,436,0.30069780349731445,12
-19560.0,-16905.0,-19428.0,516,0.3540208339691162,14
-18657.0,-17441.0,-18832.0,518,0.3554530143737793,14
-19574.0,-16616.0,-19514.0,520,0.356766939163208,14
-19417.0,-17141.0,-19326.0,530,0.3642299175262451,14
-18878.0,-17593.0,-18651.0,558,0.3816969394683838,14
