z1,z2,z3,node,time,depth
27.0,16.0,38.0,1,0.009264945983886719,1
29.0,17.0,29.0,1,0.009269952774047852,1
25.0,27.0,23.0,1,0.009274005889892578,1
22.0,43.0,20.0,1,0.009279012680053711,1
21.0,20.0,38.0,1,0.009283065795898438,1
23.0,21.0,29.0,1,0.00928807258605957,1
23.0,26.0,26.0,1,0.009292125701904297,1
37.0,28.0,20.0,1,0.009295940399169922,1
30.0,36.0,19.0,1,0.009300947189331055,1
25.0,32.0,20.0,1,0.009305000305175781,1
20.0,42.0,29.0,1,0.009309053421020508,1
44.0,43.0,18.0,1,0.00931406021118164,1
43.0,31.0,19.0,1,0.009318113327026367,1
36.0,45.0,18.0,1,0.009321928024291992,1
28.0,40.0,19.0,1,0.009325981140136719,1
34.0,49.0,18.0,1,0.009330987930297852,1
26.0,48.0,19.0,1,0.009335041046142578,1
19.0,24.0,44.0,1,0.009339094161987305,1
21.0,48.0,21.0,1,0.009344100952148438,1
19.0,29.0,41.0,1,0.009347915649414062,1
29.0,22.0,26.0,2,0.0307919979095459,2
21.0,25.0,35.0,2,0.030802011489868164,2
30.0,31.0,20.0,2,0.03081202507019043,2
36.0,34.0,19.0,2,0.030826091766357422,2
20.0,38.0,35.0,3,0.04320192337036133,3
21.0,39.0,29.0,20,0.06832408905029297,6
23.0,40.0,20.0,33,0.08868098258972168,5
24.0,37.0,21.0,34,0.09025001525878906,6
27.0,47.0,19.0,39,0.09657812118530273,5
35.0,35.0,19.0,46,0.10860300064086914,3
21.0,40.0,28.0,46,0.10861992835998535,3
22.0,35.0,27.0,68,0.14451193809509277,6
20.0,34.0,36.0,94,0.17818808555603027,5
23.0,35.0,23.0,103,0.2008209228515625,2
22.0,40.0,24.0,103,0.20084214210510254,2
22.0,30.0,30.0,104,0.21525812149047852,3
42.0,32.0,19.0,104,0.21528291702270508,3
30.0,26.0,23.0,105,0.2238321304321289,4
28.0,25.0,28.0,106,0.2279210090637207,5
34.0,21.0,28.0,108,0.23364496231079102,6
37.0,20.0,27.0,124,0.25809502601623535,4
33.0,30.0,21.0,124,0.2581031322479248,4
42.0,24.0,25.0,149,0.29137492179870605,7
24.0,32.0,24.0,151,0.3040480613708496,3
20.0,29.0,39.0,195,0.38870811462402344,6
21.0,35.0,31.0,206,0.40179014205932617,6
21.0,34.0,32.0,207,0.40357398986816406,6
36.0,29.0,22.0,224,0.42380809783935547,5
