z1,z2,z3,node,time,depth
-29.0,-39.0,-27.0,89,0.03854703903198242,7
-36.0,-33.0,-30.0,163,0.06879997253417969,10
-34.0,-40.0,-23.0,187,0.07877302169799805,8
-38.0,-32.0,-43.0,244,0.10457706451416016,3
-26.0,-40.0,-27.0,256,0.11212491989135742,11
-24.0,-40.0,-28.0,264,0.11522603034973145,11
-28.0,-42.0,-24.0,273,0.1182858943939209,10
-35.0,-38.0,-41.0,334,0.14247488975524902,4
-33.0,-37.0,-42.0,335,0.14314699172973633,5
-33.0,-31.0,-45.0,378,0.1649770736694336,9
-35.0,-30.0,-47.0,379,0.16535091400146484,9
