z1,z2,z3,node,time,depth
-30599.0,-25719.0,-30655.0,1,0.001271963119506836,1
-28537.0,-25774.0,-28325.0,841,1.3055880069732666,11
-28435.0,-25873.0,-28338.0,862,1.3302319049835205,11
-31061.0,-22396.0,-31133.0,2763,3.373708963394165,14
-26629.0,-26953.0,-26441.0,3227,3.805216073989868,15
-30676.0,-23291.0,-30440.0,3559,4.1301350593566895,15
-30930.0,-22503.0,-31076.0,3575,4.14314603805542,15
-30999.0,-22442.0,-31062.0,3575,4.143147945404053,15
-28027.0,-25727.0,-28496.0,4215,4.745280981063843,16
-27518.0,-26295.0,-27760.0,5189,5.673582077026367,17
-30886.0,-22528.0,-31052.0,5947,6.414648056030273,17
-28233.0,-25752.0,-28449.0,6193,6.636034965515137,18
-31086.0,-22454.0,-31008.0,7009,7.442117929458618,18
-30755.0,-22635.0,-30995.0,7011,7.443567991256714,18
-30824.0,-22574.0,-30981.0,7011,7.443569898605347,18
-26423.0,-26928.0,-26488.0,7145,7.566515922546387,19
-28196.0,-25763.0,-28390.0,7279,7.697978973388672,19
-30955.0,-22561.0,-30951.0,8125,8.551245927810669,19
-31024.0,-22500.0,-30937.0,8125,8.55124807357788,19
-27804.0,-26445.0,-27641.0,9635,10.042809963226318,21
-27598.0,-26420.0,-27688.0,9657,10.06213092803955,21
-31062.0,-22417.0,-31062.0,11402,11.645203113555908,22
-30757.0,-22624.0,-30826.0,12210,12.345284938812256,23
-30931.0,-22524.0,-31005.0,12232,12.363953113555908,23
-27605.0,-26524.0,-27575.0,12474,12.556315898895264,24
-30826.0,-22563.0,-30812.0,12920,12.918635129928589,24
-31000.0,-22463.0,-30991.0,12936,12.931265115737915,24
-27751.0,-26520.0,-27655.0,13102,13.056329011917114,25
-27545.0,-26495.0,-27702.0,13114,13.065304040908813,25
-31107.0,-22295.0,-31099.0,13386,13.27432894706726,25
