z1,z2,z3,node,time,depth
-9052.0,-9548.0,-10068.0,181,0.08478212356567383,7
-9138.0,-9601.0,-9857.0,186,0.08697915077209473,6
-9798.0,-9309.0,-9713.0,188,0.08828496932983398,3
-9884.0,-9362.0,-9502.0,188,0.0882871150970459,3
-9934.0,-8763.0,-9956.0,219,0.09938216209411621,7
-10001.0,-9050.0,-9800.0,220,0.09977102279663086,5
-9227.0,-9596.0,-9902.0,222,0.10060811042785645,6
-9915.0,-8997.0,-10011.0,223,0.1009969711303711,4
-9141.0,-9543.0,-10113.0,229,0.10319304466247559,5
