z1,z2,z3,node,time,depth
-9364.0,-8822.0,-8752.0,1,0.0004801750183105469,1
-8698.0,-9577.0,-7999.0,82,0.031603097915649414,6
