z1,z2,z3,node,time,depth
-32.0,-43.0,-31.0,1,0.0011589527130126953,1
-33.0,-41.0,-28.0,7,0.007149934768676758,3
-43.0,-23.0,-39.0,168,0.09310698509216309,10
-41.0,-37.0,-37.0,176,0.09581494331359863,10
-17.0,-44.0,-12.0,178,0.096466064453125,11
-43.0,-24.0,-37.0,184,0.09838199615478516,11
