z1,z2,z3,node,time,depth
-50.0,-54.0,-66.0,1,0.007081031799316406,1
-45.0,-56.0,-68.0,1,0.00716400146484375,1
-43.0,-53.0,-72.0,1,0.0072040557861328125,1
-52.0,-50.0,-54.0,96,0.11695504188537598,9
-58.0,-42.0,-53.0,462,0.4221630096435547,8
-49.0,-53.0,-67.0,717,0.7031528949737549,4
-57.0,-43.0,-51.0,717,0.7032120227813721,4
-30.0,-58.0,-61.0,853,0.9158079624176025,16
-36.0,-57.0,-60.0,868,0.9310660362243652,21
-33.0,-57.0,-64.0,875,0.9351730346679688,18
-30.0,-57.0,-65.0,880,0.9382801055908203,17
-46.0,-55.0,-68.0,1333,1.46337890625,15
-46.0,-54.0,-69.0,1427,1.5948619842529297,15
-27.0,-55.0,-69.0,1885,2.274610996246338,16
-47.0,-49.0,-71.0,2102,2.6008989810943604,3
-47.0,-50.0,-70.0,2102,2.600900888442993,3
-59.0,-40.0,-52.0,2103,2.605771064758301,4
-50.0,-51.0,-67.0,2748,3.4029879570007324,18
-52.0,-49.0,-64.0,2778,3.4399490356445312,8
-61.0,-35.0,-56.0,2855,3.546722888946533,5
-62.0,-30.0,-41.0,3127,3.8504769802093506,15
-57.0,-37.0,-60.0,3218,3.9732611179351807,9
-51.0,-47.0,-69.0,3273,4.0494279861450195,6
-56.0,-46.0,-63.0,3273,4.049474000930786,6
-48.0,-48.0,-71.0,3448,4.299729108810425,16
-51.0,-50.0,-67.0,3459,4.3130269050598145,11
-51.0,-46.0,-70.0,3460,4.317677021026611,5
-57.0,-40.0,-58.0,3466,4.3369739055633545,11
-59.0,-37.0,-59.0,3480,4.348556041717529,19
-61.0,-34.0,-57.0,3607,4.493948936462402,13
-62.0,-28.0,-47.0,3626,4.507920026779175,18
-59.0,-34.0,-61.0,3640,4.518480062484741,11
-56.0,-45.0,-64.0,3857,4.773197889328003,9
-54.0,-48.0,-66.0,3921,4.832866907119751,11
-51.0,-49.0,-68.0,3966,4.918178081512451,14
-57.0,-36.0,-61.0,3972,4.93271803855896,11
-58.0,-41.0,-56.0,4005,4.980686902999878,8
-60.0,-39.0,-55.0,4065,5.077337980270386,10
-62.0,-29.0,-46.0,4079,5.09673810005188,14
-60.0,-38.0,-57.0,4112,5.120575904846191,11
-58.0,-36.0,-60.0,4290,5.45542311668396,19
-46.0,-48.0,-72.0,4398,5.605672121047974,5
-49.0,-50.0,-68.0,4416,5.639673948287964,18
-47.0,-47.0,-72.0,4440,5.6931068897247314,16
-50.0,-49.0,-69.0,4495,5.76940393447876,5
-50.0,-48.0,-70.0,4495,5.769406080245972,5
-43.0,-50.0,-73.0,4510,5.80164909362793,16
-46.0,-51.0,-70.0,4528,5.832139015197754,14
