z1,z2,z3,node,time,depth
-21.0,-28.0,-40.0,1,0.0018601417541503906,1
-24.0,-34.0,-32.0,2,0.0037691593170166016,2
-26.0,-20.0,-30.0,70,0.040444135665893555,11
-22.0,-16.0,-35.0,73,0.04215502738952637,8
-26.0,-22.0,-28.0,112,0.06095719337463379,9
-28.0,-22.0,-24.0,113,0.0619502067565918,6
-20.0,-33.0,-38.0,186,0.10876703262329102,10
-29.0,-20.0,-27.0,203,0.1184852123260498,2
-26.0,-26.0,-22.0,226,0.13211512565612793,11
-26.0,-28.0,-20.0,248,0.14520502090454102,11
-25.0,-23.0,-26.0,281,0.16570520401000977,8
-25.0,-26.0,-25.0,289,0.17037606239318848,10
-27.0,-23.0,-25.0,298,0.17535614967346191,9
-27.0,-25.0,-23.0,300,0.17679905891418457,6
-19.0,-34.0,-36.0,326,0.19718098640441895,10
