z1,z2,z3,node,time,depth
26091.0,22537.0,25872.0,1,0.05416584014892578,1
22631.0,25790.0,22849.0,1,0.05417990684509277,1
22500.0,26852.0,21405.0,1,0.054193973541259766,1
26023.0,23366.0,25049.0,2,0.09232282638549805,2
25085.0,23511.0,25355.0,12,0.7274470329284668,3
23550.0,25531.0,23090.0,25,1.4174249172210693,4
24403.0,24780.0,23683.0,39,2.062999963760376,5
24128.0,25095.0,24207.0,60,2.8480899333953857,7
24931.0,23937.0,24601.0,97,5.012239933013916,8
24710.0,24641.0,25853.0,119,6.088096857070923,10
25926.0,23241.0,25912.0,120,6.102463960647583,11
