z1,z2,z3,node,time,depth
82.0,61.0,41.0,1,0.03992104530334473,1
77.0,57.0,55.0,1,0.03995108604431152,1
54.0,70.0,53.0,1,0.04000401496887207,1
54.0,61.0,61.0,1,0.04001903533935547,1
50.0,63.0,77.0,1,0.040049076080322266,1
53.0,65.0,69.0,9,0.2489631175994873,4
110.0,54.0,73.0,14,0.3746531009674072,5
64.0,61.0,57.0,14,0.3746681213378906,5
76.0,59.0,88.0,24,0.6453320980072021,6
109.0,55.0,71.0,35,0.9452590942382812,7
80.0,89.0,52.0,46,1.2725379467010498,8
75.0,60.0,86.0,56,1.590183973312378,8
76.0,60.0,80.0,56,1.5901908874511719,8
75.0,94.0,51.0,77,2.1940701007843018,10
78.0,92.0,51.0,109,3.149923086166382,13
76.0,93.0,51.0,122,3.501703977584839,14
79.0,91.0,52.0,131,3.679184913635254,15
