z1,z2,z3,node,time,depth
-18.0,-40.0,-23.0,3,0.005037069320678711,2
-24.0,-35.0,-28.0,6,0.012428045272827148,3
-36.0,-17.0,-36.0,11,0.018937110900878906,4
-31.0,-26.0,-33.0,47,0.05469703674316406,6
-29.0,-27.0,-32.0,90,0.08037519454956055,7
-27.0,-34.0,-28.0,105,0.09121203422546387,7
-21.0,-39.0,-24.0,152,0.1122591495513916,8
-21.0,-38.0,-25.0,168,0.11894702911376953,8
-27.0,-33.0,-29.0,199,0.13421297073364258,8
-28.0,-30.0,-33.0,202,0.1355149745941162,8
-25.0,-34.0,-29.0,222,0.14415812492370605,8
-28.0,-31.0,-27.0,244,0.15213918685913086,9
-14.0,-44.0,-19.0,254,0.15554308891296387,9
-31.0,-27.0,-31.0,262,0.15823817253112793,9
-35.0,-22.0,-36.0,292,0.16826105117797852,9
-21.0,-36.0,-27.0,298,0.17031216621398926,9
-32.0,-26.0,-32.0,314,0.17614507675170898,9
