z1,z2,z3,node,time,depth
-7733.0,-8158.0,-8153.0,32,0.014410018920898438,6
-7879.0,-7504.0,-8152.0,64,0.0271148681640625,7
-7454.0,-7367.0,-8233.0,70,0.02942800521850586,7
-7421.0,-8308.0,-8043.0,76,0.0316309928894043,7
-8137.0,-7848.0,-7824.0,171,0.06652402877807617,9
-7747.0,-8151.0,-7010.0,193,0.07348299026489258,9
-7668.0,-7685.0,-8191.0,216,0.08091092109680176,9
-7679.0,-8652.0,-7715.0,228,0.08431887626647949,10
-7410.0,-7341.0,-8519.0,238,0.08714795112609863,10
