z1,z2,z3,node,time,depth
20958.0,18414.0,21258.0,1,0.04009199142456055,1
21673.0,21498.0,18723.0,1,0.04010605812072754,1
20285.0,22032.0,18809.0,1,0.04011988639831543,1
20454.0,19418.0,19873.0,1,0.040132999420166016,1
19821.0,19018.0,21899.0,1,0.04014706611633301,1
19740.0,19864.0,21383.0,1,0.04017496109008789,1
20377.0,20076.0,21116.0,3,0.08498001098632812,2
19919.0,20347.0,20972.0,5,0.12472891807556152,3
21060.0,20765.0,19240.0,6,0.15918993949890137,4
19988.0,21056.0,20470.0,6,0.15924406051635742,4
21520.0,20152.0,19617.0,8,0.20349407196044922,5
