z1,z2,z3,node,time,depth
9511.0,4204.0,7073.0,1,0.042398929595947266,1
5963.0,6277.0,4260.0,1,0.04240679740905762,1
6987.0,4399.0,5364.0,1,0.042413949966430664,1
7194.0,5783.0,3243.0,1,0.04242086410522461,1
5664.0,6257.0,4595.0,1,0.04242897033691406,1
5259.0,5546.0,5513.0,1,0.04243588447570801,1
5064.0,5267.0,5941.0,1,0.04244399070739746,1
4393.0,7325.0,8943.0,1,0.04245877265930176,1
4566.0,7052.0,8768.0,5,0.14365291595458984,4
6594.0,5237.0,8655.0,8,0.23478078842163086,6
4657.0,6960.0,8479.0,28,0.5039479732513428,8
4812.0,6807.0,8538.0,35,0.6155359745025635,11
4950.0,6826.0,8298.0,47,0.8253037929534912,18
5052.0,6857.0,8265.0,70,1.0258169174194336,17
4907.0,6979.0,8227.0,78,1.119933843612671,10
4913.0,6989.0,7777.0,78,1.1199569702148438,10
4822.0,7081.0,8066.0,121,1.6791019439697266,8
4721.0,6899.0,8827.0,121,1.6791918277740479,8
6718.0,5244.0,8055.0,121,1.6792519092559814,8
4883.0,6949.0,8353.0,122,1.7304608821868896,9
4977.0,6928.0,8125.0,187,2.6872658729553223,9
4740.0,7262.0,7952.0,230,3.356048822402954,4
4484.0,7233.0,8654.0,230,3.356167793273926,4
4639.0,7080.0,8713.0,230,3.3561758995056152,4
4895.0,7109.0,8011.0,293,4.41366982460022,6
4548.0,7172.0,9002.0,324,4.998551845550537,5
4649.0,7354.0,8241.0,324,4.998620986938477,5
4851.0,7686.0,7920.0,324,4.998739957809448,5
4804.0,7201.0,8300.0,380,5.982869863510132,11
4942.0,7965.0,7539.0,426,6.839923858642578,4
4731.0,7201.0,8424.0,426,6.8399388790130615,4
5059.0,6775.0,8308.0,426,6.839954853057861,4
4987.0,7230.0,7722.0,426,6.840021848678589,4
4904.0,6928.0,8249.0,426,6.840044975280762,4
5039.0,7642.0,7659.0,430,7.026246786117554,8
6793.0,5362.0,4243.0,553,9.177294969558716,3
5822.0,5598.0,5400.0,553,9.17731785774231,3
4883.0,8499.0,7365.0,553,9.177324771881104,3
5058.0,7857.0,7658.0,576,9.895117998123169,6
4980.0,8176.0,7485.0,616,11.034135818481445,7
10552.0,4891.0,5170.0,690,12.518388986587524,9
7171.0,5224.0,4601.0,690,12.518419981002808,9
8792.0,4355.0,7297.0,690,12.518433809280396,9
10995.0,5114.0,4975.0,702,12.757701873779297,10
11020.0,5203.0,4906.0,702,12.75770878791809,10
10577.0,4980.0,5101.0,702,12.757782936096191,10
10096.0,5065.0,5215.0,702,12.757790803909302,10
10071.0,4976.0,5284.0,702,12.757856845855713,10
9857.0,4378.0,6671.0,703,12.80226993560791,11
10514.0,5199.0,5089.0,723,13.09107780456543,12
9882.0,4346.0,6883.0,810,14.492486000061035,12
9365.0,4361.0,6984.0,828,14.908911943435669,15
