z1,z2,z3,node,time,depth
-17561.0,-17441.0,-15771.0,1,0.0016679763793945312,1
-17722.0,-15658.0,-17470.0,1,0.001672983169555664,1
-17646.0,-16922.0,-16365.0,13,0.01740288734436035,4
-17495.0,-16533.0,-16462.0,21,0.026312828063964844,5
-18162.0,-15591.0,-16915.0,33,0.03956794738769531,6
-17342.0,-16464.0,-16600.0,37,0.04382777214050293,6
-18290.0,-16463.0,-16142.0,49,0.054672956466674805,6
-17201.0,-16513.0,-17130.0,63,0.06660294532775879,7
-17408.0,-17372.0,-15909.0,92,0.09004783630371094,7
-18296.0,-15712.0,-16648.0,93,0.09113597869873047,7
-18143.0,-15643.0,-16786.0,157,0.14351582527160645,8
-17775.0,-16567.0,-16308.0,158,0.14444184303283691,8
-18082.0,-16586.0,-16111.0,159,0.14558696746826172,8
-17211.0,-16933.0,-16625.0,188,0.16207289695739746,9
-17304.0,-16924.0,-16601.0,189,0.16255879402160645,9
-17622.0,-16498.0,-16446.0,244,0.19770193099975586,9
-17929.0,-16517.0,-16249.0,245,0.19902992248535156,9
-17791.0,-16151.0,-16898.0,276,0.2198808193206787,10
-17518.0,-16050.0,-17138.0,277,0.22046685218811035,10
-17401.0,-16537.0,-16533.0,296,0.23227477073669434,10
-17554.0,-16606.0,-16395.0,314,0.24089789390563965,10
-17705.0,-16995.0,-16298.0,334,0.250781774520874,10
-17732.0,-16078.0,-16965.0,384,0.2828807830810547,11
-18376.0,-15619.0,-16742.0,392,0.28777480125427246,11
-17861.0,-15723.0,-16908.0,408,0.29611682891845703,11
-18109.0,-16096.0,-16644.0,411,0.2979428768157959,11
-18012.0,-16112.0,-16811.0,424,0.30335092544555664,11
-18260.0,-16485.0,-16547.0,427,0.3054158687591553,11
-17836.0,-16526.0,-16273.0,428,0.3062009811401367,11
-17989.0,-16595.0,-16135.0,436,0.3114500045776367,11
-17922.0,-15682.0,-16873.0,484,0.3359098434448242,12
-18075.0,-15751.0,-16735.0,490,0.33917880058288574,12
-18226.0,-16140.0,-16638.0,498,0.3433067798614502,12
-17494.0,-16528.0,-16509.0,544,0.367703914642334,13
-17647.0,-16597.0,-16371.0,550,0.37028980255126953,13
-17798.0,-16986.0,-16274.0,554,0.3716588020324707,13
