z1,z2,z3,node,time,depth
-19531.0,-19510.0,-19669.0,1,0.0007920265197753906,1
-20379.0,-18817.0,-20113.0,1,0.0007960796356201172,1
-19786.0,-18697.0,-20252.0,14,0.008002996444702148,4
-19787.0,-18913.0,-20189.0,68,0.03361392021179199,8
-18938.0,-19390.0,-19808.0,86,0.04400897026062012,8
