z1,z2,z3,node,time,depth
17164.0,17810.0,18853.0,1,0.005848884582519531,1
18726.0,17471.0,17278.0,1,0.005856990814208984,1
17712.0,16663.0,17547.0,1,0.00586390495300293,1
17600.0,19932.0,18103.0,2,0.012452840805053711,2
17643.0,17544.0,18441.0,4,0.02160787582397461,3
