z1,z2,z3,node,time,depth
-47.0,-40.0,-48.0,1,0.0032889842987060547,1
-41.0,-45.0,-52.0,1,0.003289937973022461,1
-36.0,-58.0,-43.0,2,0.005994081497192383,2
-41.0,-53.0,-42.0,3,0.0086669921875,3
-45.0,-44.0,-48.0,3,0.008674144744873047,3
-49.0,-37.0,-33.0,23,0.02413010597229004,16
-48.0,-32.0,-39.0,40,0.03479909896850586,15
-48.0,-38.0,-34.0,82,0.05763411521911621,15
-37.0,-48.0,-49.0,143,0.11076116561889648,4
-37.0,-52.0,-48.0,229,0.18832612037658691,9
-37.0,-57.0,-43.0,483,0.40165114402770996,6
-49.0,-42.0,-28.0,497,0.41395998001098633,16
-48.0,-43.0,-29.0,554,0.4455599784851074,15
-46.0,-52.0,-40.0,644,0.5098221302032471,16
-43.0,-48.0,-47.0,645,0.5102550983428955,15
-45.0,-47.0,-46.0,646,0.5106489658355713,14
-47.0,-49.0,-41.0,647,0.511023998260498,13
-47.0,-47.0,-43.0,648,0.5114259719848633,12
-39.0,-55.0,-43.0,649,0.5117900371551514,11
-41.0,-52.0,-47.0,650,0.5121560096740723,10
-41.0,-48.0,-48.0,651,0.5125160217285156,9
-45.0,-53.0,-41.0,652,0.5128600597381592,8
-33.0,-52.0,-49.0,718,0.5871930122375488,4
-31.0,-59.0,-44.0,821,0.6816689968109131,9
-33.0,-56.0,-48.0,822,0.6820220947265625,8
-31.0,-61.0,-41.0,824,0.6859230995178223,4
-41.0,-55.0,-38.0,886,0.748927116394043,16
-36.0,-55.0,-45.0,892,0.7510769367218018,10
-40.0,-56.0,-39.0,894,0.7517490386962891,8
-33.0,-59.0,-41.0,921,0.7795870304107666,11
-35.0,-56.0,-45.0,922,0.7799561023712158,10
-39.0,-57.0,-39.0,924,0.780663013458252,8
-34.0,-53.0,-46.0,937,0.7913949489593506,15
-38.0,-53.0,-45.0,939,0.7921409606933594,13
-38.0,-46.0,-50.0,941,0.7928791046142578,11
-36.0,-50.0,-50.0,944,0.7938990592956543,8
-36.0,-46.0,-51.0,945,0.7942409515380859,7
