z1,z2,z3,node,time,depth
66.0,50.0,95.0,1,0.038487911224365234,1
78.0,73.0,46.0,1,0.03853797912597656,1
67.0,63.0,60.0,1,0.03858804702758789,1
70.0,53.0,81.0,2,0.05349993705749512,2
69.0,51.0,88.0,2,0.05350804328918457,2
67.0,52.0,88.0,2,0.05352497100830078,2
83.0,58.0,71.0,29,0.1932690143585205,6
73.0,61.0,67.0,29,0.19327688217163086,6
70.0,60.0,69.0,29,0.1933269500732422,6
72.0,59.0,73.0,30,0.2044999599456787,7
63.0,55.0,74.0,95,0.6305298805236816,2
61.0,66.0,88.0,96,0.6488900184631348,3
66.0,87.0,73.0,123,1.0797948837280273,5
