z1,z2,z3,node,time,depth
16227.0,19268.0,18580.0,1,0.008553028106689453,1
20955.0,17503.0,17644.0,1,0.008561849594116211,1
18588.0,17205.0,18508.0,1,0.008569955825805664,1
18123.0,19122.0,17285.0,1,0.008579015731811523,1
17817.0,18434.0,17950.0,1,0.008587837219238281,1
18295.0,17901.0,18825.0,3,0.021788835525512695,2
