z1,z2,z3,node,time,depth
-10279.0,-7390.0,-10301.0,13,0.00580596923828125,4
-10504.0,-7705.0,-10071.0,15,0.006562948226928711,5
-10364.0,-7575.0,-10113.0,18,0.007782936096191406,6
-10692.0,-6745.0,-10966.0,20,0.008624076843261719,3
-10917.0,-7060.0,-10736.0,22,0.009510040283203125,4
-10777.0,-6930.0,-10778.0,25,0.010807037353515625,5
