z1,z2,z3,node,time,depth
19472.0,17073.0,18984.0,1,0.006146907806396484,1
17308.0,19558.0,17077.0,1,0.0061550140380859375,1
17332.0,19190.0,17295.0,1,0.006163120269775391,1
19205.0,17380.0,18964.0,3,0.020422935485839844,2
17978.0,18634.0,18088.0,5,0.03728604316711426,3
18585.0,18371.0,18476.0,13,0.08125495910644531,5
