z1,z2,z3,node,time,depth
16227.0,19268.0,18580.0,1,0.007932901382446289,1
20955.0,17503.0,17644.0,1,0.007941007614135742,1
18588.0,17205.0,18508.0,1,0.007948875427246094,1
18123.0,19122.0,17285.0,1,0.00795602798461914,1
17817.0,18434.0,17950.0,1,0.007963895797729492,1
18295.0,17901.0,18825.0,3,0.018831968307495117,2
