z1,z2,z3,node,time,depth
23718.0,19007.0,23868.0,1,0.020341873168945312,1
20943.0,21725.0,20766.0,1,0.020367860794067383,1
19997.0,22565.0,20167.0,1,0.02038288116455078,1
20934.0,21907.0,20766.0,2,0.030617952346801758,2
21346.0,21634.0,21373.0,17,0.19498801231384277,5
21610.0,21675.0,21000.0,17,0.195051908493042,5
20910.0,22293.0,21364.0,17,0.19507288932800293,5
21931.0,21122.0,21815.0,23,0.2535579204559326,6
