z1,z2,z3,node,time,depth
-20.0,-61.0,-15.0,1,0.00534510612487793,1
-60.0,-21.0,-64.0,1,0.00534820556640625,1
-58.0,-29.0,-60.0,1,0.005352020263671875,1
-55.0,-40.0,-48.0,1,0.005355119705200195,1
-48.0,-43.0,-47.0,1,0.005359172821044922,1
-28.0,-57.0,-27.0,1,0.005362033843994141,1
-59.0,-32.0,-58.0,1,0.005366086959838867,1
-64.0,-22.0,-63.0,1,0.0053691864013671875,1
-60.0,-33.0,-54.0,1,0.0053730010986328125,1
-61.0,-31.0,-55.0,1,0.005376100540161133,1
-49.0,-44.0,-43.0,1,0.005380153656005859,1
-43.0,-48.0,-36.0,1,0.005383014678955078,1
-27.0,-58.0,-24.0,1,0.005387067794799805,1
-54.0,-38.0,-53.0,1,0.005390167236328125,1
-54.0,-39.0,-52.0,1,0.00539398193359375,1
-60.0,-30.0,-59.0,4,0.030981063842773438,3
-62.0,-24.0,-62.0,4,0.030991077423095703,3
-63.0,-23.0,-55.0,13,0.04917311668395996,4
-35.0,-53.0,-29.0,14,0.05498909950256348,4
-49.0,-42.0,-46.0,14,0.05499601364135742,4
-56.0,-38.0,-48.0,14,0.05500006675720215,4
-46.0,-44.0,-44.0,14,0.05500316619873047,4
-40.0,-48.0,-39.0,14,0.055006980895996094,4
-54.0,-33.0,-57.0,14,0.05501413345336914,4
-42.0,-47.0,-40.0,15,0.06433916091918945,4
-44.0,-47.0,-39.0,15,0.0643460750579834,4
-61.0,-26.0,-59.0,15,0.06437397003173828,4
-62.0,-26.0,-57.0,43,0.11369705200195312,5
-62.0,-25.0,-58.0,43,0.11370110511779785,5
-59.0,-25.0,-60.0,52,0.12103414535522461,6
-33.0,-53.0,-30.0,54,0.1273491382598877,6
-20.0,-60.0,-17.0,54,0.12735605239868164,6
-58.0,-34.0,-51.0,87,0.17360806465148926,7
-53.0,-35.0,-54.0,108,0.20825409889221191,8
-34.0,-52.0,-33.0,118,0.23178505897521973,8
-31.0,-54.0,-29.0,118,0.2317960262298584,8
-43.0,-45.0,-42.0,119,0.23544001579284668,8
-50.0,-42.0,-41.0,160,0.2876319885253906,9
-36.0,-51.0,-30.0,166,0.2988290786743164,9
-35.0,-51.0,-35.0,246,0.401231050491333,10
-38.0,-50.0,-31.0,316,0.47896599769592285,11
-41.0,-46.0,-41.0,319,0.4861571788787842,11
-55.0,-39.0,-49.0,332,0.5006799697875977,11
-50.0,-41.0,-44.0,354,0.5199542045593262,12
-37.0,-49.0,-32.0,386,0.5497891902923584,12
-41.0,-48.0,-37.0,490,0.661811113357544,15
