z1,z2,z3,node,time,depth
-15631.0,-10942.0,-15940.0,3,0.002223968505859375,2
-15085.0,-11761.0,-15290.0,5,0.0035691261291503906,3
-14439.0,-12353.0,-14665.0,13,0.009063005447387695,4
-15063.0,-11818.0,-15139.0,13,0.009063959121704102,4
-14461.0,-12296.0,-14816.0,20,0.014327049255371094,5
-15007.0,-11477.0,-15466.0,24,0.017050981521606445,5
-14487.0,-12167.0,-14577.0,32,0.02225208282470703,6
-15094.0,-11531.0,-15374.0,64,0.04646492004394531,7
-13859.0,-12964.0,-13975.0,85,0.059823036193847656,7
-13148.0,-13553.0,-13105.0,92,0.06427907943725586,7
-15099.0,-11631.0,-15187.0,119,0.0796349048614502,8
-14577.0,-12164.0,-14552.0,120,0.08030104637145996,8
-14552.0,-12286.0,-14273.0,135,0.08870100975036621,8
-13848.0,-13039.0,-13978.0,138,0.0906519889831543,8
-14526.0,-12407.0,-14573.0,206,0.12931394577026367,9
-14531.0,-12507.0,-14386.0,213,0.1330709457397461,9
-14442.0,-12526.0,-14360.0,214,0.13369202613830566,9
-14501.0,-12529.0,-14294.0,282,0.17126703262329102,10
-14472.0,-12504.0,-14452.0,376,0.22072911262512207,12
-14476.0,-12260.0,-14691.0,426,0.24379706382751465,14
-13908.0,-13136.0,-13890.0,436,0.24839401245117188,14
-13783.0,-13218.0,-13822.0,454,0.25530099868774414,15
