z1,z2,z3,node,time,depth
76.0,98.0,59.0,1,0.10722804069519043,1
66.0,72.0,64.0,1,0.10747790336608887,1
80.0,66.0,81.0,1,0.1075129508972168,1
98.0,80.0,60.0,2,0.2640049457550049,2
90.0,82.0,61.0,2,0.2640380859375,2
103.0,66.0,71.0,2,0.2644369602203369,2
102.0,65.0,73.0,2,0.26479291915893555,2
95.0,69.0,68.0,3,0.29182910919189453,2
90.0,68.0,72.0,3,0.2918400764465332,2
63.0,90.0,79.0,3,0.29186201095581055,2
103.0,78.0,61.0,7,0.36319994926452637,3
105.0,63.0,85.0,9,0.4419989585876465,3
95.0,80.0,62.0,21,0.5187480449676514,4
79.0,81.0,63.0,33,0.6568100452423096,4
76.0,89.0,61.0,33,0.6568329334259033,4
73.0,86.0,63.0,33,0.656843900680542,4
75.0,93.0,60.0,33,0.6568551063537598,4
73.0,95.0,61.0,33,0.6568760871887207,4
72.0,90.0,62.0,33,0.6568870544433594,4
80.0,68.0,75.0,34,0.677757978439331,4
79.0,71.0,70.0,34,0.6777689456939697,4
100.0,65.0,92.0,42,0.7255210876464844,5
100.0,68.0,71.0,50,0.7948429584503174,5
99.0,67.0,73.0,50,0.7948849201202393,5
86.0,69.0,73.0,60,0.8793530464172363,5
87.0,69.0,72.0,60,0.879364013671875,5
89.0,68.0,73.0,60,0.8793749809265137,5
92.0,70.0,68.0,60,0.8794069290161133,5
77.0,70.0,79.0,61,0.8907749652862549,5
74.0,71.0,81.0,62,0.9082310199737549,5
65.0,85.0,88.0,80,0.983361005783081,6
65.0,86.0,85.0,83,1.0023939609527588,6
78.0,85.0,62.0,84,1.0149319171905518,6
92.0,67.0,77.0,88,1.0404839515686035,6
91.0,67.0,78.0,88,1.0405259132385254,6
79.0,69.0,76.0,95,1.098426103591919,6
94.0,69.0,69.0,128,1.2429380416870117,7
91.0,70.0,69.0,128,1.2429490089416504,7
101.0,66.0,80.0,142,1.3090050220489502,8
