z1,z2,z3,node,time,depth
95.0,59.0,94.0,1,0.061218976974487305,1
48.0,131.0,63.0,1,0.061250925064086914,1
50.0,131.0,60.0,1,0.06126093864440918,1
64.0,95.0,64.0,1,0.06127190589904785,1
53.0,128.0,57.0,1,0.06128191947937012,1
51.0,128.0,60.0,1,0.06129288673400879,1
127.0,55.0,129.0,2,0.10980486869812012,2
125.0,55.0,130.0,2,0.10981607437133789,2
127.0,56.0,127.0,157,1.3567759990692139,10
125.0,57.0,128.0,204,1.6660089492797852,14
129.0,56.0,126.0,217,1.7790369987487793,8
101.0,58.0,99.0,301,2.30597186088562,2
87.0,83.0,80.0,302,2.3607139587402344,3
132.0,55.0,128.0,333,2.8945798873901367,3
62.0,119.0,64.0,371,3.6679279804229736,17
57.0,122.0,70.0,371,3.6679489612579346,17
60.0,119.0,67.0,389,3.8933539390563965,19
61.0,118.0,75.0,438,4.170911073684692,22
62.0,123.0,60.0,460,4.327611923217773,17
55.0,124.0,65.0,463,4.49065899848938,19
57.0,124.0,62.0,463,4.4906699657440186,19
60.0,125.0,60.0,465,4.54543399810791,21
52.0,127.0,68.0,497,4.902247905731201,20
54.0,127.0,65.0,497,4.902257919311523,20
63.0,117.0,71.0,552,5.2306060791015625,19
87.0,73.0,89.0,591,5.450963020324707,5
75.0,86.0,79.0,591,5.450973987579346,5
60.0,122.0,61.0,591,5.451108932495117,5
58.0,122.0,64.0,619,5.887547969818115,6
70.0,94.0,69.0,619,5.887671947479248,6
76.0,89.0,74.0,620,5.947413921356201,7
62.0,118.0,69.0,625,6.113863945007324,10
59.0,121.0,72.0,639,6.272914886474609,11
65.0,120.0,63.0,682,6.647806882858276,8
66.0,121.0,62.0,682,6.647816896438599,8
92.0,70.0,93.0,751,7.862926959991455,13
