z1,z2,z3,node,time,depth
5443.0,4151.0,6772.0,1,0.06203413009643555,1
4334.0,6347.0,6140.0,1,0.06205010414123535,1
7652.0,8821.0,3789.0,1,0.062058210372924805,1
5936.0,6259.0,4191.0,1,0.062066078186035156,1
4726.0,4643.0,6838.0,1,0.062098026275634766,1
5770.0,6664.0,4098.0,1,0.06210613250732422,1
5873.0,4154.0,6636.0,1,0.06215405464172363,1
8097.0,3472.0,9576.0,2,0.12614798545837402,2
8024.0,3554.0,9230.0,3,0.1561901569366455,2
8888.0,3794.0,8236.0,5,0.24801206588745117,3
8880.0,3768.0,8341.0,5,0.24802017211914062,3
5925.0,5115.0,6509.0,5,0.24805903434753418,3
7377.0,3900.0,9578.0,5,0.24806714057922363,3
7780.0,3590.0,9565.0,5,0.24807500839233398,3
7707.0,3672.0,9219.0,6,0.3197810649871826,3
6831.0,4030.0,10281.0,6,0.3198390007019043,3
6943.0,4093.0,9705.0,7,0.34954118728637695,3
4920.0,5760.0,5896.0,8,0.40773916244506836,4
4910.0,5535.0,6133.0,8,0.4077470302581787,4
8321.0,3820.0,8871.0,13,0.6569581031799316,4
7458.0,4120.0,9026.0,14,0.7029531002044678,4
8635.0,6040.0,5696.0,17,0.7977840900421143,5
8394.0,3738.0,9217.0,20,0.9453201293945312,5
8077.0,3856.0,9206.0,20,0.9454600811004639,5
4252.0,8556.0,7842.0,33,1.5724811553955078,6
4257.0,8568.0,7501.0,33,1.572493076324463,6
7621.0,3864.0,9243.0,52,2.4762179851531982,6
7304.0,3982.0,9232.0,52,2.476248025894165,6
9248.0,5175.0,6359.0,64,2.9849331378936768,7
7694.0,3782.0,9589.0,74,3.4207510948181152,7
7918.0,4130.0,8884.0,139,6.021342039108276,8
8004.0,3938.0,8860.0,141,6.07702898979187,8
7945.0,8384.0,3986.0,146,6.236760139465332,9
8330.0,4039.0,8600.0,189,7.929721117019653,9
8322.0,4013.0,8705.0,189,7.929730176925659,9
7365.0,8688.0,3887.0,216,8.742185115814209,10
7875.0,8022.0,4072.0,216,8.742217063903809,10
8162.0,8155.0,3974.0,216,8.742249011993408,10
5731.0,8646.0,5507.0,216,8.742259979248047,10
9221.0,6211.0,5390.0,216,8.742271184921265,10
6087.0,5307.0,5723.0,294,11.291699171066284,11
8095.0,8488.0,3890.0,389,14.856351137161255,12
8367.0,8378.0,3928.0,389,14.856359004974365,12
8080.0,8245.0,4026.0,389,14.856374025344849,12
7808.0,8355.0,3988.0,389,14.856382131576538,12
8605.0,7822.0,4075.0,461,16.922322034835815,13
7325.0,8995.0,3936.0,463,17.05134916305542,13
5763.0,8510.0,5879.0,549,19.478459119796753,14
8835.0,5927.0,5673.0,606,20.80781102180481,15
7637.0,8578.0,3925.0,616,21.18495512008667,15
7924.0,8711.0,3827.0,616,21.184967041015625,15
7658.0,8251.0,4084.0,674,22.73802900314331,16
8434.0,8045.0,4012.0,680,22.882949113845825,16
7612.0,9128.0,3838.0,750,24.804426193237305,17
