z1,z2,z3,node,time,depth
-10194.0,-9144.0,-9856.0,1,0.0053348541259765625,1
-9815.0,-9881.0,-9120.0,1,0.005337953567504883,1
-8784.0,-9930.0,-10249.0,1,0.0053408145904541016,1
-7839.0,-9989.0,-10003.0,1,0.005354881286621094,1
-10236.0,-8333.0,-9944.0,1,0.005357980728149414,1
-10431.0,-9378.0,-8620.0,1,0.005360841751098633,1
-10599.0,-9081.0,-8140.0,1,0.005363941192626953,1
-10562.0,-8128.0,-9712.0,1,0.005366802215576172,1
-9230.0,-9691.0,-10381.0,1,0.005369901657104492,1
-8972.0,-9396.0,-10538.0,1,0.0053730010986328125,1
-9053.0,-8763.0,-10665.0,1,0.005375862121582031,1
-8980.0,-9102.0,-10658.0,1,0.0053789615631103516,1
-9585.0,-8537.0,-10361.0,1,0.00538182258605957,1
-9509.0,-9331.0,-10316.0,1,0.005384922027587891,1
-9868.0,-9349.0,-10088.0,1,0.005388021469116211,1
-9860.0,-9643.0,-9968.0,1,0.00539088249206543,1
-9414.0,-9882.0,-9836.0,1,0.00539398193359375,1
-9489.0,-10086.0,-9352.0,1,0.005396842956542969,1
-9525.0,-9923.0,-9441.0,2,0.012677907943725586,2
-10030.0,-8354.0,-10016.0,2,0.012694835662841797,2
-9662.0,-9370.0,-10160.0,2,0.012700796127319336,2
-10015.0,-9162.0,-9456.0,4,0.019588947296142578,4
-10141.0,-9420.0,-8941.0,40,0.052162885665893555,3
-10544.0,-8255.0,-9134.0,40,0.052168846130371094,3
-10344.0,-8974.0,-8798.0,40,0.052171945571899414,3
-9458.0,-9425.0,-10045.0,41,0.05746889114379883,4
-10302.0,-8439.0,-9117.0,82,0.09815096855163574,4
-8526.0,-9635.0,-10406.0,139,0.16231584548950195,2
-10228.0,-8627.0,-9824.0,139,0.162322998046875,2
-10105.0,-9583.0,-8852.0,139,0.16232585906982422,2
-10300.0,-9431.0,-8589.0,139,0.16235589981079102,2
-10328.0,-8382.0,-9673.0,139,0.16235995292663574,2
-10469.0,-8214.0,-9341.0,139,0.16236281394958496,2
-10506.0,-9167.0,-7769.0,139,0.16236591339111328,2
-10500.0,-8712.0,-8925.0,139,0.1623690128326416,2
-10565.0,-8616.0,-8437.0,139,0.16237187385559082,2
-10066.0,-9379.0,-9148.0,140,0.17537283897399902,3
-10293.0,-8531.0,-9336.0,141,0.18263483047485352,4
-9063.0,-8392.0,-10498.0,220,0.28641700744628906,6
