z1,z2,z3,node,time,depth
19067.0,18132.0,20583.0,1,0.018603086471557617,1
20006.0,18795.0,19702.0,1,0.018610000610351562,1
20398.0,19430.0,19309.0,1,0.018618106842041016,1
17786.0,21015.0,18459.0,1,0.018625974655151367,1
18065.0,18958.0,21600.0,1,0.018633127212524414,1
18546.0,20499.0,19335.0,5,0.06027412414550781,3
19482.0,19147.0,19990.0,11,0.08384513854980469,4
18955.0,19915.0,19634.0,13,0.1009371280670166,5
20249.0,19418.0,19431.0,15,0.11894392967224121,6
18824.0,20052.0,20214.0,15,0.11897897720336914,6
