z1,z2,z3,node,time,depth
-7473.0,-9188.0,-7698.0,1,0.0007028579711914062,1
-7593.0,-8889.0,-8377.0,16,0.008059978485107422,5
-7687.0,-8719.0,-8413.0,32,0.016130924224853516,6
-7788.0,-8589.0,-8367.0,52,0.024036884307861328,7
