z1,z2,z3,node,time,depth
22644.0,19323.0,22970.0,1,0.016364097595214844,1
18784.0,23913.0,19111.0,1,0.016376018524169922,1
20176.0,22776.0,19702.0,1,0.016387224197387695,1
19499.0,22870.0,19824.0,1,0.016398191452026367,1
22628.0,19520.0,22497.0,1,0.016410112380981445,1
20639.0,22199.0,20369.0,21,0.2534501552581787,3
21190.0,21428.0,21658.0,55,0.6082620620727539,5
22389.0,20489.0,22232.0,77,0.833064079284668,7
22029.0,21467.0,21649.0,89,1.0542171001434326,9
