z1,z2,z3,node,time,depth
-2541.0,-5329.0,-3177.0,1,0.0031709671020507812,1
-3659.0,-3638.0,-4153.0,1,0.0031740665435791016,1
-4072.0,-3069.0,-3652.0,1,0.0031769275665283203,1
-2311.0,-4750.0,-4719.0,1,0.0031800270080566406,1
-2371.0,-3828.0,-4719.0,1,0.0031828880310058594,1
-1839.0,-3367.0,-4839.0,1,0.0031850337982177734,1
-3431.0,-3886.0,-4276.0,1,0.003187894821166992,1
-3445.0,-4245.0,-3814.0,1,0.0031909942626953125,1
-3046.0,-4766.0,-3622.0,1,0.003194093704223633,1
-3640.0,-4497.0,-3105.0,1,0.0031969547271728516,1
-3557.0,-4689.0,-2926.0,1,0.003200054168701172,1
-3635.0,-4709.0,-2160.0,1,0.0032019615173339844,1
-3970.0,-4120.0,-2425.0,1,0.0032050609588623047,1
-4192.0,-3665.0,-3210.0,1,0.0032079219818115234,1
-4105.0,-2011.0,-3400.0,2,0.006272077560424805,2
-2736.0,-4133.0,-4498.0,3,0.008919000625610352,2
-3018.0,-4963.0,-2882.0,4,0.01385807991027832,3
-2599.0,-3580.0,-4596.0,4,0.01386404037475586,3
-3124.0,-4786.0,-2856.0,4,0.01388692855834961,3
-3096.0,-4983.0,-2116.0,4,0.013889074325561523,3
-3015.0,-4477.0,-4048.0,4,0.013891935348510742,3
-3056.0,-4142.0,-4206.0,5,0.016969919204711914,3
-2899.0,-3425.0,-4396.0,5,0.016978979110717773,3
-2988.0,-3855.0,-4349.0,5,0.016980886459350586,3
-3874.0,-2597.0,-3669.0,5,0.016987085342407227,3
-3737.0,-3658.0,-3387.0,5,0.01699209213256836,3
-3471.0,-4149.0,-3401.0,6,0.02093505859375,3
-4118.0,-2340.0,-3251.0,6,0.020952939987182617,3
-2456.0,-4486.0,-3729.0,8,0.027079105377197266,4
-2686.0,-5065.0,-2187.0,8,0.027085065841674805,4
-2592.0,-4984.0,-2958.0,8,0.027087926864624023,4
-3120.0,-3912.0,-4109.0,8,0.027093887329101562,4
-2879.0,-3831.0,-4381.0,9,0.0309600830078125,4
-2469.0,-3657.0,-4630.0,9,0.03096604347229004,4
-3718.0,-3221.0,-3511.0,11,0.03638410568237305,4
-3692.0,-3582.0,-3678.0,11,0.036392927169799805,4
-3122.0,-2792.0,-4286.0,16,0.04973196983337402,5
-2798.0,-4236.0,-4273.0,18,0.05553698539733887,5
-3769.0,-4172.0,-2120.0,28,0.07602095603942871,5
-2332.0,-4718.0,-4348.0,39,0.09874510765075684,6
-3488.0,-3938.0,-3881.0,56,0.1269059181213379,6
-3088.0,-4442.0,-3210.0,70,0.15485906600952148,7
-2382.0,-4357.0,-4057.0,129,0.23634910583496094,8
-3871.0,-3121.0,-3347.0,159,0.2647581100463867,8
