z1,z2,z3,node,time,depth
51.0,48.0,57.0,1,0.0048410892486572266,1
57.0,88.0,53.0,1,0.004848957061767578,1
64.0,75.0,55.0,3,0.022529125213623047,2
62.0,81.0,54.0,3,0.02255392074584961,2
59.0,82.0,54.0,3,0.02256298065185547,2
58.0,81.0,55.0,4,0.026798009872436523,3
63.0,74.0,56.0,11,0.06075596809387207,4
60.0,75.0,56.0,11,0.06076312065124512,4
