z1,z2,z3,node,time,depth
-10502.0,-9579.0,-8839.0,1,0.0009918212890625,1
-9888.0,-9817.0,-8828.0,3,0.0026459693908691406,2
-10781.0,-9761.0,-8127.0,5,0.0037670135498046875,3
-10468.0,-10112.0,-8308.0,16,0.009827852249145508,5
-10695.0,-9420.0,-8636.0,50,0.023638010025024414,9
