z1,z2,z3,node,time,depth
55.0,82.0,73.0,1,0.0742790699005127,1
99.0,98.0,52.0,1,0.07429003715515137,1
57.0,75.0,73.0,1,0.07431197166442871,1
63.0,60.0,93.0,1,0.07432317733764648,1
68.0,81.0,55.0,1,0.07433414459228516,1
96.0,54.0,108.0,1,0.07434511184692383,1
100.0,54.0,105.0,1,0.0743560791015625,1
93.0,54.0,112.0,1,0.07436704635620117,1
83.0,58.0,71.0,1,0.07441020011901855,1
87.0,55.0,118.0,1,0.07444310188293457,1
101.0,55.0,100.0,168,2.1865410804748535,6
98.0,56.0,101.0,168,2.186624050140381,6
116.0,70.0,69.0,168,2.186635971069336,6
111.0,70.0,70.0,168,2.18664813041687,6
99.0,57.0,96.0,168,2.1868741512298584,6
97.0,55.0,103.0,355,6.038608074188232,2
76.0,72.0,62.0,355,6.038701057434082,2
79.0,59.0,115.0,356,6.1528401374816895,3
81.0,57.0,119.0,356,6.152850151062012,3
87.0,56.0,113.0,356,6.1529951095581055,3
88.0,57.0,108.0,356,6.153026103973389,3
94.0,55.0,107.0,356,6.153036117553711,3
92.0,57.0,103.0,356,6.153046131134033,3
91.0,56.0,108.0,376,6.582329988479614,10
85.0,57.0,114.0,376,6.5823609828948975,10
82.0,58.0,114.0,405,6.755588054656982,12
90.0,55.0,114.0,419,6.89638614654541,3
100.0,94.0,54.0,420,6.967288970947266,4
97.0,99.0,53.0,420,6.967298984527588,4
90.0,56.0,109.0,455,7.748983144760132,7
91.0,57.0,104.0,455,7.748993158340454,7
84.0,57.0,115.0,464,7.876603126525879,9
82.0,59.0,111.0,464,7.876676082611084,9
94.0,56.0,104.0,472,8.055912971496582,7
95.0,57.0,99.0,472,8.055986166000366,7
65.0,65.0,83.0,493,8.312757015228271,5
64.0,77.0,66.0,521,8.98636507987976,7
102.0,93.0,53.0,555,10.050374031066895,18
92.0,103.0,54.0,555,10.050491094589233,18
98.0,96.0,54.0,558,10.074186086654663,20
95.0,100.0,54.0,561,10.119356155395508,22
