z1,z2,z3,node,time,depth
-824.0,-4732.0,-759.0,1,0.0012540817260742188,1
-4540.0,-996.0,-3824.0,1,0.0012638568878173828,1
-3112.0,-3456.0,-2672.0,2,0.0023310184478759766,2
-3735.0,-2546.0,-3337.0,3,0.003720998764038086,2
-2283.0,-4179.0,-2170.0,30,0.030026912689208984,5
-3925.0,-1885.0,-3382.0,32,0.031239032745361328,6
-3199.0,-2699.0,-2775.0,64,0.054312944412231445,7
-3243.0,-2553.0,-2771.0,218,0.1308729648590088,9
-3177.0,-2783.0,-2956.0,258,0.1484389305114746,9
-3120.0,-3435.0,-2895.0,354,0.18261098861694336,11
