z1,z2,z3,node,time,depth
-7909.0,-11674.0,-7871.0,1,0.002733945846557617,1
-10257.0,-11003.0,-10316.0,1,0.002736806869506836,1
-9300.0,-9421.0,-11163.0,1,0.0027399063110351562,1
-9344.0,-9955.0,-11106.0,1,0.0027430057525634766,1
-10856.0,-9651.0,-10094.0,1,0.0027458667755126953,1
-9257.0,-11063.0,-10554.0,1,0.0027489662170410156,1
-9239.0,-11672.0,-9603.0,1,0.0027518272399902344,1
-9797.0,-11238.0,-10216.0,1,0.0027549266815185547,1
-9840.0,-10216.0,-10679.0,2,0.006448984146118164,2
-9993.0,-9463.0,-10491.0,4,0.01178598403930664,3
-9640.0,-10271.0,-10550.0,4,0.01178884506225586,3
-9856.0,-9711.0,-10332.0,8,0.0211789608001709,4
-9380.0,-10451.0,-10579.0,11,0.027733802795410156,4
-10396.0,-9886.0,-9994.0,25,0.04816699028015137,5
