z1,z2,z3,node,time,depth
13206.0,18343.0,12757.0,1,0.0048749446868896484,1
14818.0,15826.0,15098.0,1,0.004879951477050781,1
16484.0,14463.0,17121.0,1,0.004884958267211914,1
15962.0,14524.0,15511.0,1,0.004889965057373047,1
15448.0,15879.0,14823.0,3,0.011864900588989258,2
15810.0,15249.0,15948.0,5,0.018159866333007812,3
14742.0,16917.0,14506.0,13,0.03995680809020996,7
