z1,z2,z3,node,time,depth
49.0,97.0,81.0,1,0.061779022216796875,1
76.0,57.0,58.0,1,0.06178689002990723,1
74.0,67.0,49.0,1,0.06179499626159668,1
56.0,72.0,51.0,1,0.06184196472167969,1
56.0,62.0,56.0,1,0.06184983253479004,1
55.0,56.0,61.0,1,0.06185793876647949,1
49.0,95.0,82.0,1,0.06189680099487305,1
49.0,91.0,85.0,1,0.0619049072265625,1
65.0,51.0,74.0,1,0.061920881271362305,1
95.0,47.0,92.0,1,0.06193685531616211,1
49.0,85.0,92.0,1,0.06194496154785156,1
53.0,75.0,59.0,3,0.1319139003753662,2
50.0,82.0,92.0,3,0.13192200660705566,2
96.0,49.0,91.0,4,0.17944788932800293,3
49.0,87.0,90.0,6,0.20806384086608887,3
50.0,87.0,87.0,7,0.21926403045654297,3
52.0,80.0,89.0,9,0.27414703369140625,4
52.0,82.0,87.0,9,0.2741549015045166,4
89.0,48.0,93.0,10,0.2928009033203125,4
92.0,50.0,89.0,11,0.30872082710266113,4
52.0,79.0,92.0,12,0.3204188346862793,4
50.0,91.0,84.0,14,0.33391880989074707,4
49.0,93.0,84.0,15,0.34377384185791016,4
90.0,50.0,92.0,16,0.3807229995727539,5
51.0,85.0,89.0,24,0.5518388748168945,5
50.0,84.0,90.0,26,0.5792179107666016,5
50.0,93.0,83.0,28,0.5949339866638184,5
52.0,86.0,86.0,30,0.6168749332427979,5
51.0,90.0,84.0,30,0.6169168949127197,5
51.0,92.0,83.0,30,0.6169478893280029,5
51.0,96.0,80.0,74,1.1637749671936035,7
52.0,92.0,82.0,76,1.1715128421783447,7
51.0,94.0,81.0,78,1.1868460178375244,7
52.0,90.0,83.0,80,1.1959798336029053,7
52.0,88.0,85.0,82,1.2036030292510986,7
50.0,89.0,86.0,85,1.23185396194458,7
91.0,95.0,47.0,87,1.3167409896850586,8
86.0,97.0,48.0,87,1.3167510032653809,8
