z1,z2,z3,node,time,depth
81.0,56.0,85.0,1,0.029032230377197266,1
91.0,51.0,97.0,1,0.029041051864624023,1
49.0,115.0,54.0,1,0.029056072235107422,1
56.0,77.0,63.0,1,0.029066085815429688,1
63.0,75.0,63.0,1,0.029075145721435547,1
75.0,65.0,71.0,1,0.02909111976623535,1
65.0,67.0,69.0,1,0.02910017967224121,1
62.0,102.0,60.0,2,0.0403439998626709,2
55.0,107.0,62.0,2,0.040351152420043945,2
68.0,65.0,73.0,42,0.48442816734313965,3
58.0,107.0,60.0,45,0.5128481388092041,6
54.0,109.0,58.0,84,1.0031001567840576,6
54.0,108.0,61.0,113,1.4010250568389893,11
53.0,110.0,62.0,119,1.4782490730285645,15
61.0,105.0,60.0,184,2.5938010215759277,4
61.0,103.0,62.0,184,2.593808174133301,4
114.0,49.0,124.0,224,3.1537981033325195,6
