z1,z2,z3,node,time,depth
-8177.0,-9234.0,-7487.0,1,0.0008680820465087891,1
-7958.0,-9208.0,-7925.0,130,0.05908203125,7
-7696.0,-10021.0,-8261.0,136,0.06197619438171387,6
-7770.0,-9685.0,-8198.0,138,0.06323719024658203,4
-7668.0,-9767.0,-8347.0,151,0.0691831111907959,5
