z1,z2,z3,node,time,depth
23962.0,25224.0,23342.0,1,0.06382012367248535,1
22634.0,26100.0,22561.0,1,0.06383514404296875,1
24455.0,23972.0,24913.0,1,0.06384992599487305,1
25055.0,23346.0,25098.0,1,0.06386494636535645,1
25900.0,22695.0,26116.0,1,0.06392407417297363,1
25688.0,23224.0,25440.0,25,1.5999939441680908,4
25288.0,24074.0,24443.0,25,1.6000080108642578,4
23639.0,25739.0,23684.0,55,3.6694869995117188,6
24709.0,23970.0,24781.0,55,3.6695470809936523,6
25009.0,23886.0,25315.0,107,7.748629093170166,12
