z1,z2,z3,node,time,depth
-3129.0,-3165.0,-2995.0,1,0.0015499591827392578,1
-4108.0,-2265.0,-3812.0,1,0.001561880111694336,1
-4297.0,-902.0,-4555.0,42,0.03178906440734863,6
-3783.0,-1792.0,-4069.0,90,0.05538296699523926,7
-3829.0,-2570.0,-3892.0,96,0.05818796157836914,7
-3488.0,-1851.0,-3957.0,168,0.09332799911499023,8
-1738.0,-3537.0,-1367.0,192,0.10256695747375488,8
-3271.0,-2983.0,-2972.0,222,0.1139380931854248,9
-4224.0,-671.0,-4594.0,228,0.1161799430847168,10
