z1,z2,z3,node,time,depth
63.0,53.0,40.0,1,0.01016998291015625,1
51.0,57.0,50.0,1,0.010177135467529297,1
45.0,70.0,51.0,1,0.010184049606323242,1
48.0,62.0,52.0,1,0.010200977325439453,1
52.0,51.0,55.0,1,0.010215997695922852,1
61.0,53.0,43.0,11,0.08436703681945801,2
53.0,60.0,48.0,19,0.14280200004577637,4
