z1,z2,z3,node,time,depth
9452.0,4298.0,8978.0,1,0.04942798614501953,1
4868.0,11499.0,4017.0,1,0.0494389533996582,1
6907.0,5825.0,7367.0,1,0.04944896697998047,1
5435.0,7579.0,4891.0,1,0.049458980560302734,1
5703.0,6960.0,6162.0,1,0.049469947814941406,1
12782.0,4048.0,11389.0,1,0.04947996139526367,1
4531.0,8354.0,4343.0,1,0.04950094223022461,1
4377.0,11857.0,4354.0,1,0.04952192306518555,1
4553.0,11755.0,4213.0,1,0.04953193664550781,1
4632.0,11745.0,4152.0,1,0.04954195022583008,1
4789.0,11509.0,4078.0,2,0.08420801162719727,2
4456.0,11847.0,4293.0,7,0.23226094245910645,5
4692.0,11601.0,4158.0,43,0.6122250556945801,15
4613.0,11611.0,4219.0,208,2.453866958618164,5
8798.0,4747.0,8659.0,465,5.643501043319702,9
12130.0,4160.0,12548.0,474,5.744482040405273,16
12290.0,4258.0,12354.0,479,5.758821964263916,19
12638.0,4251.0,11641.0,512,5.853672027587891,19
12651.0,4153.0,11263.0,550,6.010304927825928,12
12598.0,4291.0,11541.0,559,6.050679922103882,19
