z1,z2,z3,node,time,depth
-28.0,-46.0,-41.0,5,0.0042340755462646484,3
-29.0,-44.0,-42.0,9,0.007009983062744141,4
-30.0,-46.0,-40.0,16,0.011841058731079102,5
-34.0,-44.0,-40.0,40,0.02180004119873047,6
-35.0,-41.0,-40.0,52,0.02641892433166504,7
-36.0,-32.0,-31.0,82,0.03733396530151367,11
-36.0,-33.0,-29.0,84,0.03790903091430664,11
