z1,z2,z3,node,time,depth
-1387.0,-2589.0,-3484.0,1,0.002331972122192383,1
-1603.0,-3025.0,-2939.0,2,0.0044078826904296875,2
-1630.0,-1604.0,-2925.0,5,0.010404825210571289,3
-2195.0,-3244.0,-1921.0,6,0.012082815170288086,3
-1937.0,-3253.0,-1583.0,15,0.024913787841796875,4
-1711.0,-2832.0,-2630.0,16,0.02547478675842285,5
-2244.0,-2774.0,-1075.0,47,0.05612778663635254,6
-2438.0,-2259.0,-1362.0,47,0.05613589286804199,6
-1848.0,-3430.0,-974.0,50,0.058583974838256836,6
-1427.0,-3182.0,-2813.0,62,0.06777191162109375,7
-2404.0,-2649.0,-1029.0,146,0.11750197410583496,8
-1874.0,-2454.0,-1947.0,170,0.12981295585632324,8
-1080.0,-3368.0,-1866.0,192,0.14072680473327637,9
-2364.0,-2056.0,-1700.0,224,0.1546168327331543,9
-2455.0,-2981.0,-1016.0,240,0.16110491752624512,9
-2209.0,-2436.0,-1751.0,246,0.16350293159484863,9
-1890.0,-2422.0,-2119.0,254,0.16672897338867188,9
-1908.0,-2064.0,-2280.0,258,0.16853594779968262,9
-1925.0,-2786.0,-1934.0,264,0.17096590995788574,9
-1493.0,-3434.0,-1621.0,290,0.1806938648223877,10
-2192.0,-1714.0,-2097.0,308,0.1875319480895996,10
-2239.0,-2545.0,-1561.0,314,0.18990397453308105,10
-2261.0,-3496.0,-729.0,316,0.19052696228027344,10
-1993.0,-2000.0,-2296.0,320,0.1922149658203125,10
-2084.0,-1907.0,-2406.0,328,0.19519281387329102,10
-1868.0,-1471.0,-2951.0,330,0.19603490829467773,10
-1714.0,-2579.0,-1993.0,332,0.19666695594787598,10
-1885.0,-2193.0,-2605.0,336,0.19825077056884766,10
-1731.0,-3301.0,-1647.0,340,0.19949579238891602,10
-1424.0,-1652.0,-2989.0,346,0.20177793502807617,11
-1721.0,-2523.0,-1937.0,352,0.20365095138549805,11
-2205.0,-2935.0,-1228.0,366,0.2078409194946289,11
-1799.0,-2515.0,-2009.0,368,0.20848584175109863,11
-1959.0,-2390.0,-1963.0,370,0.2091968059539795,11
-1834.0,-1861.0,-2618.0,372,0.20985198020935059,11
-1674.0,-1986.0,-2664.0,374,0.21047592163085938,11
