z1,z2,z3,node,time,depth
19920.0,17900.0,21196.0,1,0.020133018493652344,1
20968.0,19121.0,18705.0,1,0.020140886306762695,1
20554.0,19163.0,18682.0,1,0.02014780044555664,1
20582.0,18158.0,19922.0,1,0.0201568603515625,1
19311.0,18293.0,20416.0,1,0.020164966583251953,1
17492.0,21654.0,19385.0,1,0.020172834396362305,1
17911.0,20388.0,20165.0,1,0.020180940628051758,1
19820.0,18449.0,20138.0,5,0.06366586685180664,3
19184.0,19844.0,19468.0,13,0.12379097938537598,7
19819.0,19038.0,20028.0,16,0.13929390907287598,9
