z1,z2,z3,node,time,depth
23095.0,22488.0,24251.0,1,0.05312705039978027,1
21609.0,23961.0,23042.0,1,0.053140878677368164,1
21195.0,24846.0,22360.0,1,0.053154945373535156,1
26985.0,21701.0,21821.0,1,0.05316901206970215,1
24083.0,21921.0,23323.0,1,0.05318307876586914,1
22651.0,23010.0,22808.0,1,0.05319690704345703,1
23845.0,23575.0,21599.0,1,0.05321097373962402,1
22279.0,24033.0,22211.0,1,0.05322408676147461,1
23763.0,22881.0,22567.0,39,3.5132501125335693,4
23802.0,22577.0,23629.0,39,3.5132639408111572,4
22809.0,25564.0,22032.0,45,3.927381992340088,6
22251.0,24565.0,22452.0,45,3.9274098873138428,6
22612.0,23933.0,23965.0,71,6.178981065750122,11
