z1,z2,z3,node,time,depth
72.0,55.0,90.0,1,0.0061719417572021484,1
60.0,72.0,55.0,1,0.0061991214752197266,1
87.0,70.0,81.0,5,0.060220956802368164,3
82.0,70.0,86.0,9,0.12961506843566895,4
92.0,67.0,84.0,15,0.24668097496032715,5
79.0,70.0,88.0,15,0.24672508239746094,5
84.0,68.0,83.0,15,0.24673199653625488,5
79.0,71.0,87.0,25,0.4059150218963623,6
82.0,71.0,83.0,53,0.9410159587860107,10
85.0,70.0,82.0,56,0.9830279350280762,10
90.0,66.0,88.0,78,1.3034889698028564,15
