z1,z2,z3,node,time,depth
-18125.0,-18867.0,-18340.0,1,0.0012760162353515625,1
-18335.0,-19053.0,-17643.0,3,0.0036220550537109375,2
-17757.0,-19237.0,-16676.0,4,0.004790067672729492,3
-18358.0,-18347.0,-17720.0,8,0.009341001510620117,4
-18568.0,-18533.0,-17023.0,105,0.08923912048339844,8
-18492.0,-18852.0,-17479.0,218,0.16263604164123535,10
-17619.0,-19296.0,-17602.0,444,0.30824899673461914,14
