z1,z2,z3,node,time,depth
-14818.0,-11894.0,-13462.0,33,0.015013933181762695,15
-14968.0,-12396.0,-12841.0,57,0.027295827865600586,8
-14725.0,-12491.0,-13595.0,105,0.050122976303100586,11
-14589.0,-13081.0,-13051.0,107,0.05104398727416992,6
-14127.0,-12665.0,-13418.0,149,0.06920790672302246,11
-14674.0,-12800.0,-13199.0,223,0.10322093963623047,15
-14581.0,-13397.0,-13332.0,259,0.12084794044494629,11
-14172.0,-13557.0,-12494.0,304,0.13880586624145508,8
-13602.0,-13453.0,-12749.0,309,0.14133405685424805,6
