z1,z2,z3,node,time,depth
63.0,53.0,40.0,1,0.010215997695922852,1
51.0,57.0,50.0,1,0.01022195816040039,1
45.0,70.0,51.0,1,0.010229110717773438,1
48.0,62.0,52.0,1,0.010235071182250977,1
52.0,51.0,55.0,1,0.010241985321044922,1
61.0,53.0,43.0,2,0.01920008659362793,2
53.0,60.0,48.0,8,0.07666015625,4
