z1,z2,z3,node,time,depth
89.0,48.0,78.0,1,0.04239082336425781,1
77.0,51.0,82.0,1,0.04241204261779785,1
70.0,64.0,76.0,1,0.04242300987243652,1
68.0,71.0,66.0,1,0.04247403144836426,1
61.0,102.0,66.0,1,0.04254484176635742,1
68.0,102.0,64.0,2,0.06806397438049316,2
69.0,69.0,71.0,2,0.06807494163513184,2
64.0,99.0,68.0,2,0.0680849552154541,2
62.0,98.0,71.0,2,0.06809496879577637,2
64.0,95.0,72.0,47,0.6477210521697998,26
66.0,91.0,78.0,47,0.6477389335632324,26
66.0,96.0,69.0,47,0.6477558612823486,26
69.0,100.0,65.0,85,0.8349349498748779,24
71.0,103.0,63.0,88,0.9154658317565918,3
75.0,67.0,70.0,88,0.9154820442199707,3
63.0,101.0,65.0,88,0.9154889583587646,3
65.0,99.0,66.0,105,1.053844928741455,12
67.0,92.0,74.0,105,1.0538678169250488,12
65.0,93.0,75.0,124,1.178764820098877,14
67.0,91.0,76.0,125,1.1888270378112793,15
63.0,100.0,67.0,125,1.188858985900879,15
67.0,104.0,63.0,137,1.2448968887329102,3
74.0,66.0,73.0,146,1.3301868438720703,5
115.0,44.0,115.0,154,1.388638973236084,6
109.0,46.0,105.0,154,1.3886468410491943,6
117.0,43.0,114.0,179,1.5764658451080322,6
75.0,62.0,75.0,187,1.621539831161499,7
