z1,z2,z3,node,time,depth
23582.0,19722.0,18683.0,1,0.03967714309692383,1
21034.0,19328.0,20014.0,1,0.039689064025878906,1
22730.0,18613.0,19804.0,1,0.03970003128051758,1
20123.0,20674.0,19070.0,1,0.03971219062805176,1
18768.0,21764.0,20671.0,1,0.03972315788269043,1
18739.0,20535.0,22074.0,1,0.03973507881164551,1
19312.0,20230.0,20850.0,1,0.03974604606628418,1
20100.0,18715.0,22598.0,1,0.03975701332092285,1
20921.0,19570.0,20627.0,2,0.045454978942871094,2
20575.0,20079.0,19697.0,16,0.17432713508605957,4
20894.0,19674.0,20043.0,33,0.32773399353027344,6
20910.0,19220.0,20888.0,38,0.39729905128479004,9
