z1,z2,z3,node,time,depth
-11870.0,-15897.0,-11580.0,1,0.0012021064758300781,1
-13282.0,-14382.0,-13414.0,5,0.005032062530517578,3
-12763.0,-14998.0,-12611.0,17,0.01621413230895996,5
-11851.0,-15413.0,-12001.0,22,0.019663095474243164,5
-12627.0,-15140.0,-12335.0,64,0.04814004898071289,7
-12605.0,-15288.0,-12471.0,67,0.050399065017700195,7
-12690.0,-15039.0,-12539.0,106,0.07499003410339355,8
-11983.0,-15721.0,-11856.0,122,0.08614110946655273,8
-12653.0,-15055.0,-12426.0,129,0.09021997451782227,8
-12802.0,-15105.0,-12278.0,129,0.09022116661071777,8
-12777.0,-15079.0,-12316.0,129,0.09022307395935059,8
-13387.0,-14275.0,-13286.0,164,0.11273598670959473,9
-13302.0,-14524.0,-13218.0,226,0.14911508560180664,10
