z1,z2,z3,node,time,depth
-22019.0,-20906.0,-19195.0,1,0.0006270408630371094,1
-21740.0,-21259.0,-18647.0,1,0.0006341934204101562,1
-22129.0,-20767.0,-18999.0,2,0.0018010139465332031,2
-21850.0,-21120.0,-18451.0,58,0.030570030212402344,6
-22220.0,-20460.0,-19029.0,71,0.0377202033996582,8
