z1,z2,z3,node,time,depth
-12578.0,-12179.0,-13216.0,1,0.002279996871948242,1
-12344.0,-12450.0,-12932.0,1,0.0022821426391601562,1
-12978.0,-12235.0,-12890.0,1,0.0022830963134765625,1
-13062.0,-11179.0,-9543.0,146,0.10875105857849121,13
-13037.0,-12215.0,-12372.0,299,0.2037191390991211,7
