z1,z2,z3,node,time,depth
77.0,41.0,63.0,1,0.01333308219909668,1
59.0,58.0,62.0,1,0.013341188430786133,1
65.0,72.0,54.0,1,0.013349056243896484,1
49.0,63.0,65.0,1,0.013356208801269531,1
83.0,62.0,48.0,1,0.013364076614379883,1
60.0,62.0,60.0,17,0.38289523124694824,2
73.0,60.0,58.0,18,0.4122450351715088,3
72.0,49.0,63.0,152,3.4859890937805176,9
