z1,z2,z3,node,time,depth
-27.0,-40.0,-27.0,1,0.0008690357208251953,1
-23.0,-37.0,-30.0,2,0.0015940666198730469,2
-32.0,-38.0,-28.0,16,0.011644124984741211,5
-23.0,-38.0,-29.0,32,0.020574092864990234,6
-26.0,-32.0,-29.0,50,0.027300119400024414,7
-22.0,-30.0,-31.0,72,0.0351710319519043,8
-18.0,-36.0,-31.0,74,0.03593802452087402,8
