z1,z2,z3,node,time,depth
84.0,100.0,70.0,1,0.1671128273010254,1
104.0,76.0,99.0,1,0.16714191436767578,1
70.0,109.0,66.0,1,0.1676769256591797,1
62.0,156.0,56.0,2,0.2572178840637207,2
67.0,136.0,62.0,2,0.2572319507598877,2
67.0,137.0,61.0,2,0.2572457790374756,2
65.0,138.0,65.0,2,0.2572598457336426,2
65.0,139.0,64.0,2,0.25727391242980957,2
70.0,146.0,57.0,2,0.25728678703308105,2
64.0,156.0,55.0,2,0.25730180740356445,2
70.0,135.0,60.0,2,0.25731492042541504,2
65.0,155.0,55.0,2,0.25732898712158203,2
78.0,128.0,64.0,438,19.114656925201416,12
78.0,129.0,63.0,438,19.11468482017517,12
63.0,155.0,56.0,438,19.114698886871338,12
70.0,134.0,61.0,438,19.11471199989319,12
69.0,147.0,59.0,439,19.175554990768433,13
68.0,148.0,59.0,439,19.175678968429565,13
69.0,135.0,64.0,543,23.294883966445923,27
72.0,133.0,63.0,576,24.12445878982544,26
64.0,145.0,68.0,668,27.3402259349823,3
75.0,129.0,65.0,923,39.69557285308838,13
75.0,130.0,64.0,923,39.69569683074951,13
72.0,132.0,65.0,923,39.69571089744568,13
100.0,81.0,110.0,967,43.32446098327637,3
79.0,108.0,85.0,967,43.3266339302063,3
68.0,143.0,60.0,968,43.45956087112427,4
69.0,141.0,60.0,1031,47.55948090553284,4
88.0,97.0,90.0,1074,50.79567193984985,6
103.0,88.0,97.0,1116,53.852818965911865,7
105.0,83.0,94.0,1355,77.542160987854,8
92.0,95.0,95.0,1474,86.73061180114746,14
145.0,62.0,134.0,1508,91.97119879722595,20
141.0,65.0,132.0,1512,92.22933292388916,23
142.0,65.0,131.0,1512,92.22936201095581,23
139.0,66.0,128.0,1805,106.3799250125885,23
133.0,70.0,123.0,1805,106.37993884086609,23
137.0,68.0,130.0,1966,112.4324460029602,37
131.0,72.0,124.0,1966,112.43245887756348,37
130.0,74.0,124.0,1968,112.49641394615173,39
132.0,72.0,123.0,2008,113.46535086631775,43
144.0,64.0,134.0,2008,113.46536493301392,43
138.0,68.0,128.0,2008,113.46537899971008,43
137.0,71.0,121.0,2174,121.00030589103699,22
132.0,73.0,120.0,2174,121.00051283836365,22
138.0,69.0,125.0,2185,122.18575596809387,28
130.0,75.0,121.0,2193,122.65120196342468,34
131.0,75.0,120.0,2218,123.57955384254456,42
136.0,71.0,122.0,2248,124.97692394256592,28
135.0,72.0,122.0,2275,125.90492582321167,32
136.0,72.0,121.0,2314,127.22424387931824,34
132.0,71.0,136.0,2400,135.0054168701172,29
103.0,85.0,107.0,2478,139.458753824234,26
129.0,75.0,126.0,2537,143.48665499687195,30
