z1,z2,z3,node,time,depth
-39.0,-40.0,-43.0,1,0.0010008811950683594,1
-48.0,-31.0,-41.0,1,0.0010077953338623047,1
-42.0,-39.0,-42.0,43,0.020399808883666992,7
-47.0,-33.0,-43.0,54,0.02577686309814453,6
-43.0,-37.0,-40.0,56,0.026938915252685547,3
-43.0,-35.0,-43.0,66,0.03178596496582031,6
-44.0,-34.0,-44.0,67,0.03216695785522461,4
-47.0,-26.0,-44.0,69,0.03284883499145508,5
