z1,z2,z3,node,time,depth
-19922.0,-19265.0,-19643.0,1,0.0009970664978027344,1
-20060.0,-19303.0,-19542.0,1,0.0009980201721191406,1
-19434.0,-20113.0,-18985.0,4,0.005181074142456055,3
-19296.0,-20075.0,-19086.0,11,0.013386011123657227,4
