z1,z2,z3,node,time,depth
71.0,42.0,74.0,1,0.005216836929321289,1
58.0,52.0,66.0,1,0.00522303581237793,1
36.0,85.0,37.0,1,0.0052280426025390625,1
47.0,66.0,50.0,1,0.005233049392700195,1
40.0,80.0,40.0,1,0.005238056182861328,1
61.0,55.0,61.0,31,0.15097784996032715,5
52.0,64.0,59.0,31,0.15098786354064941,5
73.0,51.0,69.0,46,0.21992993354797363,7
