z1,z2,z3,node,time,depth
53.0,82.0,45.0,1,0.032195091247558594,1
77.0,51.0,75.0,1,0.03221607208251953,1
121.0,50.0,109.0,1,0.03223013877868652,1
50.0,115.0,44.0,3,0.05633711814880371,2
51.0,114.0,44.0,3,0.05634498596191406,2
70.0,72.0,60.0,3,0.05635213851928711,2
49.0,118.0,49.0,5,0.08430314064025879,3
63.0,75.0,70.0,8,0.17290806770324707,4
73.0,61.0,71.0,34,0.8052761554718018,7
