z1,z2,z3,node,time,depth
-19432.0,-20187.0,-18661.0,1,0.0023441314697265625,1
-18411.0,-19327.0,-19512.0,6,0.013871908187866211,3
-18998.0,-18830.0,-19417.0,6,0.013873100280761719,3
-19144.0,-19306.0,-19379.0,15,0.03132200241088867,4
-18616.0,-20125.0,-19143.0,22,0.044454097747802734,5
-19636.0,-18568.0,-18694.0,338,0.2930769920349121,9
-18672.0,-19379.0,-19171.0,752,0.49678802490234375,13
-19298.0,-19388.0,-18959.0,754,0.49751806259155273,13
-19242.0,-20134.0,-18931.0,790,0.5140640735626221,14
