z1,z2,z3,node,time,depth
7264.0,8376.0,6186.0,1,0.03144502639770508,1
9684.0,7203.0,5880.0,1,0.031455039978027344,1
5724.0,9670.0,11760.0,1,0.031466007232666016,1
6073.0,7667.0,8653.0,1,0.031475067138671875,1
8656.0,7046.0,6911.0,1,0.03154492378234863,1
7851.0,7267.0,7585.0,2,0.06338000297546387,2
8777.0,7068.0,6834.0,2,0.06341099739074707,2
11199.0,6927.0,8597.0,3,0.09538507461547852,2
6716.0,7631.0,8917.0,4,0.14001107215881348,3
6688.0,7742.0,8276.0,4,0.14016509056091309,3
6837.0,9041.0,7790.0,26,0.4457850456237793,5
11644.0,6960.0,8528.0,45,0.5649619102478027,5
7206.0,7821.0,8247.0,46,0.6270999908447266,6
5789.0,9646.0,11755.0,134,1.5825738906860352,10
