z1,z2,z3,node,time,depth
-4593.0,-1167.0,-4955.0,1,0.001399993896484375,1
-4097.0,-1783.0,-4293.0,3,0.0034399032592773438,2
-3643.0,-2367.0,-3674.0,3,0.003442049026489258,2
-4139.0,-1751.0,-4336.0,4,0.004318952560424805,3
-2191.0,-3020.0,-2157.0,15,0.013717889785766602,4
-3635.0,-2477.0,-3382.0,16,0.014134883880615234,5
-4413.0,-1774.0,-4109.0,34,0.024698972702026367,6
-4209.0,-1747.0,-4272.0,40,0.027447938919067383,6
-2349.0,-2976.0,-2226.0,55,0.03538703918457031,6
-4867.0,-1190.0,-4728.0,72,0.04270505905151367,7
-4089.0,-1893.0,-4001.0,76,0.04465889930725098,7
-2190.0,-3050.0,-2217.0,142,0.06834697723388672,9
