z1,z2,z3,node,time,depth
-56.0,-86.0,-54.0,1,0.002454042434692383,1
-60.0,-71.0,-56.0,1,0.0024840831756591797,1
-59.0,-74.0,-57.0,5,0.014577150344848633,3
-36.0,-100.0,-31.0,8,0.018711090087890625,3
-51.0,-92.0,-45.0,11,0.025593042373657227,4
-52.0,-78.0,-55.0,12,0.026618003845214844,4
-55.0,-57.0,-59.0,17,0.03447103500366211,4
-43.0,-94.0,-37.0,55,0.06731104850769043,5
-50.0,-87.0,-47.0,60,0.07654809951782227,5
-43.0,-93.0,-41.0,192,0.1936500072479248,7
-50.0,-92.0,-46.0,196,0.19734716415405273,8
-39.0,-96.0,-33.0,212,0.21001410484313965,8
-56.0,-67.0,-58.0,348,0.30666613578796387,9
-38.0,-97.0,-34.0,390,0.332517147064209,9
-45.0,-93.0,-38.0,606,0.48142504692077637,12
-44.0,-93.0,-39.0,616,0.4874870777130127,12
-46.0,-87.0,-48.0,642,0.5006020069122314,13
-42.0,-94.0,-41.0,668,0.5201129913330078,13
-57.0,-66.0,-58.0,716,0.5507781505584717,15
-37.0,-99.0,-33.0,740,0.565932035446167,16
-38.0,-99.0,-32.0,752,0.573915958404541,17
