z1,z2,z3,node,time,depth
-8503.0,-10025.0,-9326.0,13,0.005511045455932617,4
-8468.0,-10564.0,-9768.0,14,0.005856037139892578,5
-8255.0,-9742.0,-9831.0,22,0.008656978607177734,7
