z1,z2,z3,node,time,depth
-44.0,-32.0,-38.0,1,0.001981019973754883,1
-38.0,-38.0,-37.0,1,0.002001047134399414,1
-38.0,-36.0,-41.0,2,0.004359006881713867,2
-32.0,-23.0,-43.0,25,0.019958972930908203,10
-31.0,-23.0,-44.0,27,0.021718978881835938,4
-38.0,-35.0,-42.0,142,0.08111906051635742,6
-43.0,-36.0,-34.0,143,0.08147811889648438,5
