z1,z2,z3,node,time,depth
22124.0,27613.0,22513.0,1,0.08071303367614746,1
23266.0,25699.0,22865.0,1,0.08072686195373535,1
22688.0,26290.0,22636.0,1,0.08074092864990234,1
22924.0,25770.0,23555.0,1,0.0808098316192627,1
24908.0,23611.0,24984.0,1,0.0808248519897461,1
26281.0,22118.0,25803.0,1,0.08083796501159668,1
25869.0,22597.0,25832.0,12,0.5989069938659668,4
24006.0,25142.0,24057.0,51,2.6501078605651855,7
25312.0,23576.0,25349.0,91,5.639626979827881,14
25733.0,23388.0,25232.0,91,5.639727830886841,14
25417.0,23549.0,25927.0,119,7.320044040679932,17
