z1,z2,z3,node,time,depth
-7746.0,-10924.0,-6866.0,1,0.003325223922729492,1
-10503.0,-8076.0,-10227.0,1,0.003328084945678711,1
-10094.0,-7640.0,-10709.0,1,0.0033311843872070312,1
-9787.0,-8365.0,-10149.0,1,0.00333404541015625,1
-10196.0,-8801.0,-9667.0,1,0.0033371448516845703,1
-7273.0,-11086.0,-7099.0,1,0.003340005874633789,1
-8984.0,-10045.0,-8414.0,1,0.0033431053161621094,1
-8520.0,-10479.0,-7662.0,1,0.0033462047576904297,1
-7071.0,-10915.0,-7506.0,1,0.0033490657806396484,1
-7108.0,-11015.0,-7304.0,1,0.0033521652221679688,1
-8695.0,-9915.0,-8714.0,1,0.0033550262451171875,1
-8047.0,-10641.0,-7895.0,1,0.003358125686645508,1
-8003.0,-10360.0,-8227.0,1,0.003361225128173828,1
-8575.0,-9609.0,-8896.0,2,0.009406089782714844,2
-9325.0,-9184.0,-9169.0,2,0.00941014289855957,2
-8168.0,-10431.0,-8022.0,3,0.014936208724975586,2
-9732.0,-9235.0,-8915.0,3,0.014939069747924805,2
-9430.0,-9192.0,-9105.0,12,0.041993141174316406,4
-8088.0,-10578.0,-7310.0,12,0.041999101638793945,4
-8862.0,-10133.0,-8106.0,12,0.04200601577758789,4
-8210.0,-10490.0,-7618.0,12,0.04201221466064453,4
-8761.0,-9702.0,-8735.0,13,0.04837918281555176,4
-8853.0,-9047.0,-9327.0,49,0.14594221115112305,6
-9430.0,-9312.0,-8599.0,49,0.14594507217407227,6
-9149.0,-8826.0,-9216.0,50,0.14801716804504395,6
-8861.0,-9664.0,-8596.0,52,0.1535201072692871,6
-7596.0,-10828.0,-7080.0,111,0.2644212245941162,7
-7123.0,-10990.0,-7313.0,111,0.26443004608154297,7
-9469.0,-9285.0,-8498.0,164,0.35468602180480957,8
-8069.0,-10147.0,-8248.0,184,0.3855290412902832,8
-8234.0,-10218.0,-8043.0,184,0.38553404808044434,8
-7763.0,-10470.0,-7993.0,186,0.40122509002685547,8
-8337.0,-10382.0,-7957.0,186,0.4012460708618164,8
-7581.0,-10853.0,-7071.0,286,0.544288158416748,9
-9834.0,-8586.0,-9857.0,332,0.5976121425628662,9
-8955.0,-8969.0,-9566.0,333,0.6029610633850098,9
-8299.0,-9508.0,-8986.0,333,0.6029641628265381,9
-9864.0,-8277.0,-9714.0,333,0.602973222732544,9
-9142.0,-9031.0,-9370.0,441,0.7413551807403564,10
-9218.0,-9202.0,-9177.0,441,0.741361141204834,10
-9364.0,-9405.0,-9084.0,553,0.8654839992523193,11
-8708.0,-9944.0,-8504.0,646,0.9615461826324463,12
-9383.0,-9273.0,-8972.0,647,0.9648981094360352,12
-9549.0,-9138.0,-9210.0,709,1.0364232063293457,13
-9406.0,-9242.0,-8729.0,784,1.1215641498565674,14
-9053.0,-9100.0,-9283.0,858,1.1988561153411865,15
-9745.0,-8655.0,-9770.0,893,1.2356581687927246,16
-8795.0,-9877.0,-8575.0,961,1.304455041885376,17
-9201.0,-9318.0,-9111.0,1050,1.3905861377716064,20
