z1,z2,z3,node,time,depth
-1128.0,-2744.0,-2103.0,1,0.002295970916748047,1
-2332.0,-2601.0,-2172.0,1,0.0023169517517089844,1
-1656.0,-2816.0,-1792.0,1,0.0023190975189208984,1
-2860.0,-2673.0,-1861.0,1,0.0023250579833984375,1
-3058.0,-1835.0,-2252.0,2,0.0045130252838134766,2
-2052.0,-2703.0,-1707.0,7,0.011898994445800781,3
-2530.0,-1763.0,-2563.0,10,0.014868021011352539,4
-3005.0,-1804.0,-2524.0,16,0.02013111114501953,5
-1581.0,-2338.0,-2286.0,25,0.027878999710083008,5
-1524.0,-2631.0,-2018.0,29,0.03127098083496094,5
-2552.0,-2210.0,-2341.0,32,0.03244805335998535,6
-3227.0,-730.0,-2047.0,35,0.03473305702209473,6
-2477.0,-1732.0,-2835.0,38,0.036546945571899414,6
-1977.0,-2225.0,-2201.0,49,0.043151140213012695,6
-2505.0,-2297.0,-1890.0,51,0.044296979904174805,6
-2024.0,-2138.0,-2652.0,66,0.0534970760345459,7
-2732.0,-2044.0,-2188.0,72,0.056333065032958984,7
-2197.0,-1834.0,-2370.0,142,0.08389902114868164,9
-1443.0,-2665.0,-1949.0,172,0.09413695335388184,9
-1273.0,-1875.0,-2766.0,186,0.09860897064208984,10
-1669.0,-1762.0,-2681.0,204,0.10379600524902344,11
