z1,z2,z3,node,time,depth
38.0,29.0,18.0,1,0.005774021148681641,1
26.0,16.0,45.0,1,0.005778074264526367,1
22.0,17.0,50.0,1,0.0057811737060546875,1
23.0,29.0,24.0,1,0.0057849884033203125,1
37.0,36.0,15.0,1,0.005788087844848633,1
35.0,37.0,15.0,1,0.0057909488677978516,1
32.0,33.0,17.0,1,0.005795001983642578,1
32.0,18.0,30.0,1,0.0057981014251708984,1
33.0,26.0,20.0,1,0.005802154541015625,1
30.0,23.0,24.0,1,0.005805015563964844,1
17.0,20.0,45.0,1,0.005808115005493164,1
23.0,22.0,30.0,1,0.005812168121337891,1
28.0,22.0,26.0,1,0.005815029144287109,1
26.0,23.0,26.0,1,0.00581812858581543,1
20.0,28.0,32.0,1,0.005821943283081055,1
18.0,28.0,40.0,1,0.005825042724609375,1
36.0,30.0,18.0,2,0.011569023132324219,2
19.0,23.0,39.0,2,0.011594057083129883,2
22.0,24.0,31.0,2,0.011604070663452148,2
25.0,28.0,24.0,3,0.01654815673828125,2
22.0,20.0,41.0,3,0.016561031341552734,2
27.0,29.0,22.0,3,0.016584157943725586,2
28.0,19.0,35.0,4,0.02091813087463379,3
29.0,17.0,38.0,5,0.02585005760192871,3
19.0,21.0,43.0,6,0.03242206573486328,3
25.0,23.0,28.0,6,0.03242897987365723,3
32.0,26.0,23.0,7,0.037017107009887695,3
30.0,20.0,33.0,8,0.04189896583557129,4
32.0,28.0,21.0,9,0.045784950256347656,4
25.0,18.0,43.0,10,0.050729990005493164,4
33.0,25.0,23.0,12,0.06030011177062988,4
28.0,26.0,24.0,12,0.06031012535095215,4
29.0,30.0,21.0,13,0.06531715393066406,4
20.0,21.0,38.0,15,0.07259917259216309,4
25.0,21.0,34.0,15,0.07260894775390625,4
24.0,25.0,29.0,17,0.08081603050231934,5
35.0,20.0,29.0,18,0.08481311798095703,5
29.0,25.0,25.0,18,0.08482599258422852,5
30.0,27.0,23.0,19,0.08828115463256836,5
21.0,24.0,37.0,21,0.09590816497802734,5
27.0,19.0,41.0,21,0.09592103958129883,5
31.0,33.0,19.0,24,0.10430312156677246,5
22.0,22.0,36.0,27,0.11601400375366211,5
30.0,41.0,19.0,32,0.13038301467895508,6
30.0,33.0,20.0,32,0.1304030418395996,6
27.0,33.0,21.0,33,0.13460397720336914,6
32.0,21.0,28.0,38,0.14831900596618652,6
24.0,18.0,48.0,42,0.1594860553741455,6
32.0,32.0,20.0,50,0.17823004722595215,6
29.0,34.0,20.0,61,0.1979529857635498,7
31.0,35.0,18.0,61,0.19795608520507812,7
26.0,39.0,22.0,94,0.25142502784729004,8
25.0,30.0,23.0,94,0.251431941986084,8
