z1,z2,z3,node,time,depth
-4631.0,-1632.0,-3995.0,1,0.0014729499816894531,1
-4488.0,-1611.0,-4221.0,14,0.01792287826538086,4
-3114.0,-2214.0,-2497.0,53,0.05959582328796387,6
-2831.0,-2110.0,-2711.0,72,0.07474994659423828,7
-2430.0,-2721.0,-1870.0,76,0.07750582695007324,7
-2839.0,-2336.0,-2705.0,98,0.0961599349975586,7
-4356.0,-1754.0,-4203.0,108,0.10231995582580566,7
-2512.0,-2525.0,-1880.0,130,0.11822700500488281,8
-2237.0,-2647.0,-2088.0,136,0.12205696105957031,8
-3231.0,-1937.0,-2623.0,198,0.16264081001281738,9
-3038.0,-1863.0,-2841.0,206,0.1659538745880127,9
-2956.0,-2059.0,-2831.0,212,0.1682889461517334,9
-2944.0,-2086.0,-2841.0,244,0.18374085426330566,9
-3219.0,-1964.0,-2633.0,246,0.18505191802978516,9
-2418.0,-2748.0,-1880.0,258,0.19063591957092285,9
-2933.0,-2113.0,-2705.0,282,0.20569396018981934,10
-3137.0,-2160.0,-2623.0,298,0.21338295936584473,10
-2982.0,-2357.0,-2479.0,302,0.21473288536071777,10
-2819.0,-2137.0,-2721.0,308,0.2167809009552002,10
-2714.0,-2387.0,-2585.0,312,0.21888399124145508,10
-2989.0,-2265.0,-2377.0,336,0.2283928394317627,11
-2857.0,-2408.0,-2359.0,338,0.2291278839111328,11
-3012.0,-2211.0,-2503.0,340,0.2298569679260254,11
