z1,z2,z3,node,time,depth
-59.0,-45.0,-65.0,1,0.0018630027770996094,1
-25.0,-67.0,-34.0,1,0.0018699169158935547,1
-62.0,-48.0,-62.0,1,0.0018780231475830078,1
-53.0,-49.0,-61.0,564,0.31230807304382324,10
-50.0,-56.0,-53.0,806,0.47957897186279297,15
-49.0,-57.0,-53.0,807,0.47997498512268066,15
-51.0,-56.0,-52.0,811,0.4820120334625244,13
-41.0,-63.0,-50.0,813,0.4831719398498535,12
-43.0,-62.0,-49.0,816,0.48479604721069336,14
-40.0,-64.0,-49.0,818,0.4855639934539795,12
-55.0,-50.0,-60.0,838,0.49856090545654297,10
-47.0,-56.0,-57.0,839,0.4989168643951416,9
-54.0,-52.0,-59.0,851,0.5081748962402344,9
-46.0,-58.0,-56.0,852,0.5085370540618896,8
-63.0,-30.0,-63.0,857,0.5151660442352295,6
-62.0,-32.0,-64.0,881,0.5315060615539551,12
-54.0,-54.0,-56.0,916,0.5632920265197754,7
-60.0,-48.0,-63.0,959,0.5938270092010498,9
-52.0,-54.0,-60.0,960,0.594170093536377,8
-56.0,-53.0,-58.0,1028,0.6426820755004883,8
-48.0,-59.0,-55.0,1029,0.6430189609527588,7
