z1,z2,z3,node,time,depth
-35.0,-39.0,-46.0,3,0.002850055694580078,2
-30.0,-39.0,-48.0,16,0.014490842819213867,5
-38.0,-38.0,-43.0,32,0.02782583236694336,6
-30.0,-40.0,-33.0,86,0.062181949615478516,9
-25.0,-42.0,-34.0,104,0.0696098804473877,10
