z1,z2,z3,node,time,depth
-16002.0,-21005.0,-17948.0,1,0.0008969306945800781,1
-16264.0,-20438.0,-18560.0,1,0.0009009838104248047,1
-16443.0,-20723.0,-17618.0,9,0.006452798843383789,4
-16705.0,-20156.0,-18230.0,9,0.006453990936279297,4
-16650.0,-20193.0,-18239.0,54,0.03197884559631348,8
