z1,z2,z3,node,time,depth
23383.0,23769.0,24454.0,1,0.04564404487609863,1
24435.0,24303.0,22085.0,1,0.0457000732421875,1
23621.0,23725.0,24505.0,1,0.04576897621154785,1
25136.0,23660.0,24772.0,5,0.09732604026794434,3
24097.0,25813.0,23708.0,8,0.2388019561767578,5
24213.0,25276.0,24407.0,12,0.45957207679748535,7
