z1,z2,z3,node,time,depth
-77.0,-75.0,-82.0,1,0.005590200424194336,1
-86.0,-64.0,-82.0,1,0.0056111812591552734,1
-86.0,-72.0,-74.0,1,0.0056362152099609375,1
-83.0,-74.0,-77.0,2,0.011246204376220703,2
-74.0,-76.0,-69.0,368,0.4002702236175537,19
-72.0,-77.0,-70.0,372,0.405515193939209,10
-68.0,-77.0,-76.0,384,0.42050909996032715,17
-70.0,-79.0,-72.0,553,0.6377010345458984,4
-73.0,-76.0,-72.0,557,0.6481521129608154,8
-87.0,-64.0,-64.0,681,0.8199632167816162,7
-87.0,-57.0,-69.0,709,0.8644511699676514,11
-75.0,-77.0,-68.0,775,0.9463341236114502,18
-77.0,-76.0,-65.0,1062,1.2815430164337158,17
-83.0,-75.0,-74.0,1104,1.3302621841430664,3
-68.0,-78.0,-73.0,1170,1.4357881546020508,17
-73.0,-77.0,-69.0,1269,1.5754361152648926,11
-87.0,-65.0,-61.0,1405,1.7644751071929932,8
-87.0,-58.0,-66.0,1409,1.77294921875,11
-72.0,-78.0,-67.0,1583,2.0165231227874756,10
-77.0,-77.0,-62.0,1654,2.1041131019592285,17
-81.0,-73.0,-78.0,1768,2.2521932125091553,10
-86.0,-65.0,-79.0,1770,2.2612252235412598,3
-80.0,-71.0,-83.0,1770,2.261229991912842,3
-76.0,-76.0,-66.0,1899,2.4541001319885254,10
-64.0,-76.0,-78.0,2001,2.616230010986328,11
-83.0,-69.0,-80.0,2575,3.3201801776885986,7
-80.0,-73.0,-79.0,2575,3.3201920986175537,7
-67.0,-59.0,-90.0,2955,3.830883026123047,11
-71.0,-54.0,-88.0,2980,3.858947992324829,15
-68.0,-60.0,-88.0,3028,3.902273178100586,15
-69.0,-55.0,-88.0,3310,4.1982362270355225,15
-80.0,-62.0,-87.0,3432,4.337400197982788,5
-81.0,-70.0,-81.0,3432,4.3374011516571045,5
-84.0,-68.0,-78.0,3432,4.337411165237427,5
-77.0,-66.0,-86.0,3674,4.618213176727295,6
-80.0,-72.0,-82.0,3716,4.688863039016724,6
-83.0,-68.0,-83.0,3716,4.688868045806885,6
-85.0,-71.0,-77.0,3807,4.794002056121826,11
-84.0,-63.0,-83.0,3863,4.868360996246338,13
-86.0,-66.0,-77.0,3864,4.868774175643921,12
-83.0,-70.0,-78.0,3866,4.8695290088653564,10
-81.0,-65.0,-86.0,3899,4.909139156341553,13
-78.0,-69.0,-85.0,3902,4.910329103469849,10
