z1,z2,z3,node,time,depth
-14735.0,-13286.0,-13689.0,1,0.0016248226165771484,1
-14624.0,-13166.0,-13931.0,1,0.0016279220581054688,1
-14192.0,-13239.0,-13864.0,6,0.008026838302612305,3
-14048.0,-12731.0,-14129.0,41,0.030084848403930664,6
-14263.0,-13400.0,-13719.0,58,0.04023599624633789,7
