z1,z2,z3,node,time,depth
-10020.0,-10412.0,-8350.0,1,0.0010118484497070312,1
-9470.0,-10358.0,-9206.0,1,0.0010128021240234375,1
-9684.0,-10169.0,-8688.0,23,0.010886907577514648,7
-10095.0,-10074.0,-8483.0,33,0.014616966247558594,2
-10166.0,-9889.0,-8875.0,41,0.018748998641967773,7
