z1,z2,z3,node,time,depth
-10540.0,-8951.0,-9207.0,117,0.04303908348083496,7
-9836.0,-9566.0,-9931.0,142,0.05418205261230469,6
-9675.0,-9341.0,-10043.0,143,0.054618120193481445,2
-10379.0,-8726.0,-9319.0,144,0.05504012107849121,3
-9851.0,-8992.0,-9213.0,156,0.06003713607788086,6
-9127.0,-9445.0,-9971.0,159,0.061071157455444336,5
