z1,z2,z3,node,time,depth
-37.0,-44.0,-44.0,1,0.0035719871520996094,1
-46.0,-37.0,-42.0,2,0.0068359375,2
-43.0,-44.0,-38.0,2,0.006841897964477539,2
-39.0,-45.0,-27.0,6,0.016494035720825195,6
-37.0,-46.0,-27.0,15,0.02238297462463379,8
-35.0,-46.0,-29.0,52,0.04417610168457031,13
-36.0,-45.0,-29.0,53,0.045744895935058594,6
-45.0,-42.0,-35.0,200,0.16988110542297363,10
-40.0,-39.0,-47.0,375,0.33650994300842285,5
-45.0,-38.0,-42.0,450,0.4010779857635498,10
-43.0,-40.0,-41.0,451,0.4014298915863037,9
-45.0,-40.0,-40.0,487,0.44571709632873535,2
-31.0,-45.0,-36.0,583,0.5262908935546875,14
-38.0,-41.0,-46.0,587,0.5297470092773438,5
-20.0,-39.0,-53.0,627,0.563075065612793,8
-36.0,-39.0,-52.0,680,0.6033239364624023,10
-22.0,-37.0,-54.0,681,0.6050679683685303,6
-38.0,-37.0,-53.0,706,0.6300070285797119,10
-29.0,-45.0,-40.0,709,0.6351490020751953,5
-39.0,-42.0,-45.0,802,0.726201057434082,7
-43.0,-42.0,-39.0,803,0.7273769378662109,8
-42.0,-43.0,-39.0,832,0.7543010711669922,10
-38.0,-40.0,-47.0,835,0.7586801052093506,8
-40.0,-37.0,-50.0,839,0.7619390487670898,12
-38.0,-38.0,-50.0,840,0.762578010559082,13
-42.0,-36.0,-47.0,844,0.7645399570465088,12
-37.0,-40.0,-51.0,884,0.797645092010498,12
-43.0,-38.0,-46.0,885,0.7980139255523682,11
-39.0,-35.0,-53.0,886,0.7983798980712891,10
-42.0,-39.0,-46.0,887,0.7987279891967773,9
-40.0,-41.0,-45.0,888,0.7990739345550537,8
-41.0,-41.0,-42.0,890,0.8042058944702148,4
-22.0,-33.0,-57.0,912,0.8310239315032959,11
-32.0,-34.0,-56.0,915,0.836759090423584,6
-35.0,-36.0,-55.0,915,0.8367600440979004,6
-41.0,-34.0,-50.0,915,0.8367741107940674,6
-23.0,-30.0,-57.0,935,0.8603980541229248,12
-41.0,-37.0,-49.0,942,0.8690309524536133,10
-39.0,-39.0,-48.0,943,0.8693909645080566,9
-38.0,-33.0,-56.0,944,0.8697528839111328,8
-38.0,-35.0,-54.0,952,0.8839879035949707,8
-39.0,-32.0,-54.0,958,0.893157958984375,8
-41.0,-40.0,-43.0,959,0.8943030834197998,6
-45.0,-36.0,-43.0,968,0.9010920524597168,12
-42.0,-35.0,-49.0,970,0.9018070697784424,10
-44.0,-37.0,-43.0,971,0.9021658897399902,9
