z1,z2,z3,node,time,depth
-20014.0,-21748.0,-19946.0,1,0.0008130073547363281,1
-19864.0,-21348.0,-20927.0,1,0.0008151531219482422,1
-20259.0,-21281.0,-20445.0,1,0.0008370876312255859,1
-19619.0,-21815.0,-20428.0,3,0.002382993698120117,2
-19385.0,-21829.0,-20495.0,36,0.020635128021240234,8
