z1,z2,z3,node,time,depth
-20757.0,-18068.0,-20872.0,1,0.0010221004486083984,1
-20879.0,-17916.0,-21069.0,804,0.4267141819000244,4
-20856.0,-17689.0,-21205.0,880,0.46990013122558594,5
-21639.0,-17334.0,-21689.0,1023,0.541741132736206,8
