z1,z2,z3,node,time,depth
-9192.0,-10212.0,-9784.0,3,0.0012021064758300781,2
-9364.0,-9857.0,-9955.0,3,0.0012030601501464844,2
-8936.0,-10134.0,-10062.0,12,0.0042760372161865234,5
-8722.0,-10521.0,-9863.0,13,0.004611015319824219,5
-8894.0,-10166.0,-10034.0,13,0.004611968994140625,5
-9158.0,-10050.0,-10023.0,22,0.008111953735351562,6
-8986.0,-10405.0,-9852.0,30,0.011595964431762695,7
-8773.0,-10649.0,-9505.0,32,0.012475967407226562,7
