z1,z2,z3,node,time,depth
-63.0,-44.0,-84.0,1,0.0033431053161621094,1
-52.0,-37.0,-90.0,1,0.003345966339111328,1
-56.0,-34.0,-90.0,1,0.0033478736877441406,1
-65.0,-47.0,-77.0,1,0.0033559799194335938,1
-73.0,-40.0,-62.0,3,0.01094198226928711,2
-67.0,-46.0,-72.0,4,0.013778924942016602,3
-58.0,-48.0,-68.0,8,0.02731800079345703,4
-59.0,-48.0,-65.0,8,0.027319908142089844,4
-72.0,-40.0,-63.0,12,0.04188799858093262,4
-71.0,-37.0,-70.0,12,0.04190802574157715,4
-66.0,-47.0,-63.0,23,0.07415890693664551,5
-58.0,-33.0,-85.0,32,0.10235810279846191,6
-65.0,-43.0,-79.0,56,0.17078804969787598,7
-68.0,-44.0,-77.0,94,0.27077198028564453,8
-53.0,-49.0,-53.0,112,0.3109109401702881,8
-52.0,-49.0,-56.0,112,0.3109159469604492,8
-68.0,-46.0,-58.0,191,0.504486083984375,9
-56.0,-40.0,-87.0,264,0.6749429702758789,10
-70.0,-43.0,-57.0,640,1.4514470100402832,13
-69.0,-39.0,-70.0,682,1.5089008808135986,13
-71.0,-42.0,-63.0,770,1.6526169776916504,14
-70.0,-38.0,-69.0,828,1.7288908958435059,14
-69.0,-44.0,-63.0,1018,1.9235389232635498,17
-70.0,-42.0,-66.0,1022,1.9260339736938477,17
-72.0,-41.0,-49.0,1048,1.9446709156036377,17
