z1,z2,z3,node,time,depth
-2081.0,-2090.0,-2272.0,1,0.0027780532836914062,1
-2501.0,-1869.0,-2465.0,1,0.002783060073852539,1
-2787.0,-1538.0,-1365.0,68,0.04365897178649902,9
-2115.0,-2083.0,-1247.0,77,0.04865407943725586,8
-2714.0,-1495.0,-2517.0,80,0.05299115180969238,5
-2350.0,-1051.0,-2606.0,118,0.07258296012878418,11
-2258.0,-1152.0,-2545.0,122,0.07438111305236816,11
-2883.0,-1230.0,-1942.0,123,0.07474899291992188,10
-3076.0,-1064.0,-1767.0,132,0.07946515083312988,9
-1692.0,-1291.0,-2840.0,184,0.10886907577514648,11
-2056.0,-1735.0,-2751.0,207,0.11977910995483398,7
-2681.0,-1813.0,-2148.0,208,0.12018513679504395,6
-2418.0,-1890.0,-1508.0,237,0.14128708839416504,8
-1998.0,-2111.0,-1315.0,251,0.15143799781799316,8
-1285.0,-1988.0,-2296.0,258,0.15628695487976074,9
-2476.0,-1927.0,-1398.0,265,0.15983009338378906,8
-1818.0,-2167.0,-1632.0,266,0.16023707389831543,7
-2233.0,-1079.0,-2674.0,287,0.17613506317138672,9
-2174.0,-1237.0,-2574.0,290,0.17742514610290527,9
-2141.0,-1180.0,-2613.0,302,0.18359994888305664,11
-2766.0,-1258.0,-2010.0,303,0.18399810791015625,10
-2959.0,-1092.0,-1835.0,306,0.18561100959777832,9
-2779.0,-1148.0,-2152.0,314,0.18920016288757324,9
-1575.0,-1319.0,-2908.0,336,0.20406603813171387,11
-1516.0,-1477.0,-2808.0,346,0.20908594131469727,9
