z1,z2,z3,node,time,depth
-13709.0,-14330.0,-13330.0,1,0.0007090568542480469,1
-13768.0,-15106.0,-12646.0,2,0.001497030258178711,2
-14399.0,-14375.0,-12533.0,3,0.0024750232696533203,2
-13817.0,-14628.0,-12842.0,172,0.0984950065612793,12
