z1,z2,z3,node,time,depth
70.0,65.0,68.0,1,0.1568009853363037,1
55.0,104.0,91.0,1,0.15683197975158691,1
71.0,81.0,60.0,1,0.15692591667175293,1
74.0,58.0,77.0,1,0.1570420265197754,1
63.0,74.0,74.0,1,0.1571660041809082,1
82.0,58.0,67.0,1,0.1574258804321289,1
65.0,70.0,74.0,1,0.1574690341949463,1
61.0,80.0,76.0,2,0.32499003410339355,2
66.0,69.0,74.0,3,0.3783700466156006,2
59.0,112.0,82.0,5,0.5879390239715576,3
58.0,112.0,87.0,5,0.58797287940979,3
59.0,109.0,86.0,6,0.6609840393066406,3
58.0,110.0,88.0,6,0.6609950065612793,3
57.0,98.0,97.0,7,0.706169843673706,3
60.0,99.0,88.0,7,0.7062039375305176,3
59.0,99.0,89.0,7,0.7062389850616455,3
56.0,104.0,90.0,7,0.7063758373260498,3
60.0,97.0,101.0,10,0.8974740505218506,4
60.0,110.0,82.0,10,0.8974988460540771,4
59.0,104.0,87.0,12,0.9624340534210205,4
59.0,94.0,105.0,12,0.9624509811401367,4
58.0,105.0,89.0,14,1.0561158657073975,4
58.0,98.0,96.0,15,1.081671953201294,4
93.0,57.0,105.0,17,1.2463769912719727,5
103.0,95.0,57.0,17,1.2463979721069336,5
91.0,97.0,58.0,17,1.2464089393615723,5
96.0,97.0,57.0,17,1.246419906616211,5
94.0,99.0,57.0,17,1.2464299201965332,5
95.0,57.0,100.0,17,1.2464599609375,5
100.0,92.0,58.0,17,1.246480941772461,5
107.0,90.0,58.0,17,1.2464919090270996,5
59.0,98.0,92.0,28,1.4324140548706055,5
60.0,98.0,91.0,31,1.4769110679626465,5
83.0,74.0,62.0,32,1.6345438957214355,6
104.0,88.0,59.0,35,1.8460159301757812,6
93.0,95.0,58.0,35,1.8460400104522705,6
97.0,90.0,59.0,35,1.8460519313812256,6
60.0,93.0,103.0,42,1.9788389205932617,6
60.0,104.0,86.0,45,2.0191080570220947,6
95.0,92.0,59.0,60,2.5261969566345215,7
98.0,94.0,58.0,60,2.5262179374694824,7
71.0,63.0,79.0,118,3.4454100131988525,9
