z1,z2,z3,node,time,depth
-55.0,-47.0,-50.0,1,0.0031518936157226562,1
-49.0,-51.0,-47.0,2,0.00548100471496582,2
-44.0,-48.0,-49.0,3,0.0075609683990478516,3
-55.0,-30.0,-58.0,4,0.009212970733642578,4
-51.0,-42.0,-54.0,53,0.03769707679748535,15
-56.0,-30.0,-56.0,90,0.05899500846862793,15
-59.0,-17.0,-58.0,216,0.14680099487304688,16
-58.0,-28.0,-56.0,230,0.15904998779296875,13
-57.0,-29.0,-57.0,281,0.19590497016906738,5
-41.0,-55.0,-43.0,617,0.46012401580810547,6
-44.0,-58.0,-40.0,679,0.5032219886779785,15
-30.0,-60.0,-25.0,694,0.5117969512939453,13
-28.0,-60.0,-28.0,728,0.5339810848236084,15
-42.0,-55.0,-42.0,747,0.5500519275665283,7
-45.0,-56.0,-40.0,747,0.5500528812408447,7
-51.0,-52.0,-45.0,759,0.5581400394439697,15
-48.0,-49.0,-48.0,777,0.5721380710601807,15
-27.0,-59.0,-30.0,801,0.5965919494628906,12
-56.0,-37.0,-48.0,858,0.6713449954986572,9
-58.0,-32.0,-52.0,927,0.7519469261169434,16
-57.0,-32.0,-55.0,931,0.7546138763427734,11
-59.0,-30.0,-55.0,936,0.75724196434021,13
-54.0,-45.0,-52.0,944,0.7653141021728516,10
