z1,z2,z3,node,time,depth
-8739.0,-8367.0,-8544.0,4,0.0024139881134033203,4
-9091.0,-7462.0,-8803.0,14,0.005728960037231445,10
-9109.0,-8090.0,-8687.0,21,0.008173942565917969,9
-8941.0,-8388.0,-8308.0,29,0.012007951736450195,7
-9323.0,-8067.0,-8215.0,43,0.01829814910888672,7
-9286.0,-8149.0,-7977.0,47,0.020045995712280273,2
-9072.0,-8172.0,-8449.0,48,0.020620107650756836,3
-8904.0,-8470.0,-8070.0,62,0.026855945587158203,6
-8733.0,-8432.0,-8332.0,97,0.04137897491455078,5
