z1,z2,z3,node,time,depth
-57.0,-53.0,-68.0,1,0.0030760765075683594,1
-47.0,-47.0,-73.0,1,0.0030939579010009766,1
-56.0,-60.0,-56.0,1,0.0030951499938964844,1
-60.0,-54.0,-62.0,1,0.003108978271484375,1
-62.0,-45.0,-52.0,1,0.0031299591064453125,1
-53.0,-59.0,-62.0,3,0.01135706901550293,2
-52.0,-61.0,-51.0,25,0.056221961975097656,4
-49.0,-62.0,-55.0,25,0.056246042251586914,4
-61.0,-50.0,-52.0,59,0.09697103500366211,5
-43.0,-65.0,-53.0,61,0.10336709022521973,5
-51.0,-61.0,-53.0,64,0.10793495178222656,5
-45.0,-64.0,-51.0,237,0.2716059684753418,7
-44.0,-65.0,-51.0,237,0.27161693572998047,7
-46.0,-64.0,-49.0,237,0.2716209888458252,7
-52.0,-60.0,-63.0,272,0.3082420825958252,8
-46.0,-50.0,-71.0,283,0.32002902030944824,8
-50.0,-61.0,-55.0,367,0.37593698501586914,8
-40.0,-66.0,-41.0,397,0.4011650085449219,8
-39.0,-66.0,-43.0,397,0.40117502212524414,8
-49.0,-49.0,-69.0,421,0.42788100242614746,9
-61.0,-42.0,-56.0,536,0.52630615234375,10
-61.0,-45.0,-54.0,562,0.5396919250488281,10
-57.0,-55.0,-53.0,602,0.5721371173858643,10
-44.0,-56.0,-66.0,653,0.6126899719238281,11
-61.0,-51.0,-48.0,670,0.6294729709625244,11
-51.0,-62.0,-45.0,782,0.7204310894012451,12
-50.0,-62.0,-48.0,801,0.733288049697876,12
-53.0,-61.0,-44.0,801,0.7332899570465088,12
-45.0,-56.0,-64.0,833,0.7619740962982178,13
-47.0,-50.0,-69.0,835,0.7643139362335205,13
-47.0,-63.0,-35.0,876,0.7951600551605225,13
-58.0,-55.0,-49.0,944,0.8501801490783691,14
-50.0,-54.0,-64.0,1032,0.9172720909118652,16
-41.0,-57.0,-66.0,1042,0.9269030094146729,16
-48.0,-61.0,-56.0,1052,0.9349989891052246,16
-57.0,-56.0,-49.0,1076,0.951030969619751,16
-44.0,-64.0,-52.0,1080,0.9531149864196777,16
-47.0,-55.0,-64.0,1094,0.9603090286254883,17
-46.0,-63.0,-54.0,1116,0.976464033126831,17
-42.0,-65.0,-54.0,1144,0.9921951293945312,17
-42.0,-54.0,-68.0,1166,1.0039360523223877,18
-43.0,-62.0,-56.0,1196,1.0233259201049805,18
-42.0,-57.0,-64.0,1208,1.0301809310913086,19
-43.0,-61.0,-58.0,1270,1.0613200664520264,21
