z1,z2,z3,node,time,depth
19488.0,23768.0,25763.0,1,0.03516507148742676,1
22000.0,25071.0,21867.0,1,0.03518104553222656,1
22365.0,21835.0,25062.0,1,0.03519701957702637,1
22008.0,23307.0,22832.0,1,0.03521299362182617,1
22734.0,23250.0,22458.0,1,0.03522992134094238,1
23769.0,23468.0,22418.0,2,0.07840800285339355,2
22714.0,23984.0,22748.0,5,0.1557919979095459,3
20974.0,23959.0,24679.0,16,0.9816770553588867,6
21792.0,24916.0,23174.0,16,0.9816908836364746,6
22474.0,23146.0,23584.0,26,1.6307439804077148,8
