z1,z2,z3,node,time,depth
-45.0,-23.0,-41.0,3,0.0026199817657470703,2
-43.0,-25.0,-40.0,3,0.0026209354400634766,2
-42.0,-25.0,-44.0,5,0.004244804382324219,3
-51.0,-19.0,-49.0,38,0.02601790428161621,6
-42.0,-26.0,-42.0,88,0.05253791809082031,8
-25.0,-30.0,-26.0,118,0.06508994102478027,9
-44.0,-24.0,-43.0,142,0.07342791557312012,10
-27.0,-28.0,-27.0,150,0.07574295997619629,10
-27.0,-29.0,-25.0,154,0.07695794105529785,10
