z1,z2,z3,node,time,depth
-15076.0,-12290.0,-14130.0,1,0.0006968975067138672,1
-14882.0,-12379.0,-14321.0,3,0.0021109580993652344,2
-14409.0,-13202.0,-13684.0,25,0.014746904373168945,5
-13494.0,-13926.0,-12891.0,29,0.016919851303100586,5
-14283.0,-13219.0,-13567.0,29,0.016922950744628906,5
-14196.0,-13121.0,-13768.0,49,0.028528928756713867,6
-13281.0,-13845.0,-12975.0,107,0.056752920150756836,7
-14060.0,-13055.0,-13824.0,115,0.06009483337402344,7
-13549.0,-13561.0,-13117.0,183,0.08941483497619629,8
-14471.0,-13024.0,-13577.0,194,0.09393596649169922,9
-13743.0,-13472.0,-12926.0,203,0.09750795364379883,9
-14277.0,-13113.0,-13768.0,220,0.1056058406829834,9
-13494.0,-13789.0,-13079.0,222,0.10627079010009766,9
-13045.0,-14202.0,-12329.0,241,0.11429286003112793,10
-13688.0,-13700.0,-12888.0,248,0.11810183525085449,10
-13608.0,-13761.0,-12893.0,290,0.1358189582824707,11
-13556.0,-13611.0,-12972.0,294,0.1375408172607422,11
-13362.0,-13837.0,-12975.0,326,0.14982891082763672,11
-13559.0,-13308.0,-12991.0,402,0.17993688583374023,15
-13597.0,-13564.0,-12962.0,420,0.1866319179534912,16
-13403.0,-13653.0,-13153.0,424,0.18789100646972656,16
