z1,z2,z3,node,time,depth
80.0,82.0,65.0,1,0.032083988189697266,1
67.0,76.0,94.0,1,0.03209495544433594,1
100.0,77.0,62.0,1,0.0321040153503418,1
85.0,89.0,63.0,1,0.03211402893066406,1
89.0,71.0,87.0,1,0.032124996185302734,1
75.0,77.0,89.0,2,0.07528400421142578,2
74.0,78.0,84.0,2,0.07541489601135254,2
