z1,z2,z3,node,time,depth
84.0,56.0,51.0,1,0.030498981475830078,1
65.0,55.0,58.0,1,0.030507802963256836,1
51.0,74.0,58.0,1,0.03052687644958496,1
48.0,73.0,66.0,1,0.03053593635559082,1
45.0,59.0,79.0,1,0.030562877655029297,1
76.0,49.0,60.0,1,0.030579805374145508,1
66.0,51.0,63.0,1,0.03058791160583496,1
89.0,46.0,94.0,5,0.15277385711669922,3
51.0,73.0,65.0,9,0.2851879596710205,4
93.0,48.0,85.0,15,0.4844648838043213,5
63.0,65.0,60.0,37,1.1473138332366943,7
91.0,48.0,90.0,62,1.9511828422546387,8
