z1,z2,z3,node,time,depth
19830.0,22774.0,19500.0,1,0.022160053253173828,1
21252.0,20911.0,21730.0,1,0.022175073623657227,1
23328.0,19253.0,23273.0,1,0.02218914031982422,1
23058.0,19563.0,22613.0,1,0.02220296859741211,1
21550.0,21847.0,20572.0,4,0.0801091194152832,3
21297.0,21683.0,21338.0,4,0.08015108108520508,3
21623.0,22026.0,20512.0,10,0.19603204727172852,5
22759.0,20271.0,22509.0,30,0.38221216201782227,8
21977.0,21392.0,21653.0,38,0.4626040458679199,9
