z1,z2,z3,node,time,depth
-19.0,-35.0,-31.0,5,0.005469799041748047,3
-20.0,-34.0,-32.0,16,0.013827800750732422,5
-25.0,-30.0,-30.0,32,0.02473282814025879,6
-21.0,-35.0,-29.0,34,0.02646493911743164,6
-22.0,-37.0,-28.0,46,0.03345179557800293,6
