z1,z2,z3,node,time,depth
70.0,58.0,56.0,1,0.03943991661071777,1
56.0,67.0,57.0,1,0.03944802284240723,1
69.0,71.0,38.0,1,0.03945493698120117,1
51.0,67.0,64.0,1,0.039494991302490234,1
56.0,55.0,73.0,1,0.039517879486083984,1
85.0,53.0,95.0,2,0.07392692565917969,2
87.0,53.0,92.0,2,0.07393383979797363,2
73.0,53.0,97.0,3,0.09148883819580078,2
66.0,62.0,54.0,4,0.1358628273010254,3
91.0,54.0,89.0,8,0.272230863571167,4
62.0,64.0,57.0,8,0.27228498458862305,4
59.0,72.0,53.0,8,0.27236199378967285,4
82.0,54.0,96.0,18,0.5262880325317383,5
