z1,z2,z3,node,time,depth
-31.0,-32.0,-36.0,2,0.0032138824462890625,2
-23.0,-37.0,-32.0,16,0.01910400390625,5
-23.0,-36.0,-33.0,17,0.020012855529785156,5
-33.0,-25.0,-33.0,91,0.07393383979797363,7
-8.0,-41.0,-16.0,136,0.09651589393615723,8
-32.0,-27.0,-36.0,148,0.10226702690124512,8
-39.0,-19.0,-40.0,216,0.13384795188903809,9
-39.0,-20.0,-39.0,220,0.1354818344116211,9
-31.0,-31.0,-37.0,284,0.1614828109741211,10
