z1,z2,z3,node,time,depth
-30.0,-39.0,-35.0,1,0.001055002212524414,1
-39.0,-32.0,-42.0,1,0.0010569095611572266,1
-46.0,-23.0,-45.0,1,0.0010600090026855469,1
-46.0,-17.0,-46.0,31,0.02549290657043457,5
-32.0,-36.0,-31.0,100,0.07274794578552246,4
-16.0,-43.0,-19.0,149,0.12262892723083496,10
