z1,z2,z3,node,time,depth
-43.0,-42.0,-65.0,238,0.1743009090423584,9
-48.0,-46.0,-60.0,256,0.18308687210083008,9
-52.0,-47.0,-58.0,292,0.2045130729675293,9
-47.0,-43.0,-63.0,424,0.2756030559539795,10
-50.0,-40.0,-59.0,438,0.2829320430755615,11
-54.0,-47.0,-54.0,448,0.28760600090026855,11
-46.0,-48.0,-61.0,468,0.2966618537902832,11
-50.0,-49.0,-58.0,492,0.30745697021484375,12
-49.0,-43.0,-59.0,534,0.32903599739074707,13
-52.0,-49.0,-55.0,546,0.3338189125061035,15
