z1,z2,z3,node,time,depth
-3223.0,-4536.0,-4448.0,1,0.002825021743774414,1
-4952.0,-3533.0,-3151.0,1,0.0028269290924072266,1
-4138.0,-2822.0,-4758.0,1,0.002830028533935547,1
-4646.0,-3399.0,-4462.0,1,0.0028328895568847656,1
-4262.0,-3752.0,-4624.0,1,0.002835988998413086,1
-5060.0,-3106.0,-3973.0,1,0.0028388500213623047,1
-4348.0,-4133.0,-3938.0,1,0.002841949462890625,1
-5217.0,-3164.0,-3411.0,1,0.0028438568115234375,1
-2245.0,-4682.0,-3458.0,1,0.002846956253051758,1
-3519.0,-4599.0,-4132.0,1,0.002850055694580078,1
-3919.0,-3341.0,-4625.0,2,0.006755828857421875,2
-4436.0,-3717.0,-4092.0,2,0.006762027740478516,2
-4803.0,-3457.0,-3900.0,2,0.006764888763427734,2
-3545.0,-4271.0,-3915.0,2,0.006783962249755859,2
-3356.0,-3521.0,-4656.0,3,0.00969696044921875,2
-4741.0,-3545.0,-3529.0,4,0.012953996658325195,3
-3938.0,-4161.0,-4040.0,6,0.01820683479309082,3
-3530.0,-4458.0,-3763.0,6,0.01821303367614746,3
-5023.0,-3210.0,-3275.0,8,0.023344993591308594,4
-4584.0,-3487.0,-4091.0,10,0.029016971588134766,4
-3740.0,-4140.0,-4133.0,13,0.03549385070800781,4
-4148.0,-3843.0,-4410.0,13,0.03549790382385254,4
-4807.0,-3192.0,-3513.0,16,0.04111790657043457,5
-3933.0,-4306.0,-3643.0,58,0.10128903388977051,6
-4537.0,-3706.0,-2856.0,76,0.11986684799194336,7
