z1,z2,z3,node,time,depth
72.0,63.0,52.0,1,0.03612494468688965,1
60.0,73.0,81.0,1,0.03616189956665039,1
71.0,56.0,88.0,2,0.07462096214294434,2
97.0,59.0,69.0,3,0.0951850414276123,2
70.0,62.0,68.0,3,0.0952000617980957,2
64.0,71.0,87.0,3,0.09520792961120605,2
65.0,68.0,91.0,3,0.0952150821685791,2
74.0,55.0,96.0,3,0.0952301025390625,2
80.0,53.0,104.0,3,0.09523797035217285,2
75.0,54.0,98.0,3,0.0952451229095459,2
101.0,58.0,72.0,3,0.09525299072265625,2
65.0,72.0,65.0,4,0.17974090576171875,3
94.0,59.0,71.0,6,0.21315789222717285,3
94.0,61.0,69.0,6,0.2131800651550293,3
91.0,61.0,71.0,6,0.2132101058959961,3
80.0,55.0,92.0,7,0.2240750789642334,3
90.0,62.0,66.0,9,0.32603001594543457,4
87.0,57.0,82.0,9,0.3260369300842285,4
68.0,70.0,84.0,13,0.38843202590942383,4
69.0,67.0,88.0,13,0.3884389400482178,4
70.0,70.0,65.0,16,0.4731109142303467,5
60.0,99.0,80.0,17,0.4961400032043457,5
98.0,58.0,74.0,25,0.6136960983276367,5
75.0,59.0,81.0,26,0.6210849285125732,5
82.0,60.0,79.0,31,0.7236800193786621,6
63.0,93.0,79.0,32,0.7468879222869873,6
91.0,62.0,60.0,36,0.8121109008789062,6
99.0,54.0,95.0,78,1.3477139472961426,8
88.0,58.0,81.0,79,1.3652939796447754,8
82.0,57.0,83.0,166,2.382009983062744,12
67.0,67.0,100.0,189,2.6696670055389404,14
