z1,z2,z3,node,time,depth
-79.0,-66.0,-76.0,1,0.0038619041442871094,1
-85.0,-58.0,-85.0,1,0.0038650035858154297,1
-91.0,-32.0,-92.0,1,0.003921985626220703,1
-88.0,-51.0,-89.0,3,0.0120849609375,2
-89.0,-35.0,-92.0,7,0.02959299087524414,3
-83.0,-45.0,-91.0,9,0.03702187538146973,4
-74.0,-69.0,-72.0,16,0.05714988708496094,5
-85.0,-42.0,-91.0,38,0.10774898529052734,6
-91.0,-42.0,-85.0,77,0.17336082458496094,7
-92.0,-26.0,-87.0,163,0.27666282653808594,8
-84.0,-59.0,-80.0,224,0.3244669437408447,9
-89.0,-43.0,-86.0,466,0.507375955581665,11
-79.0,-64.0,-79.0,548,0.5595920085906982,12
-73.0,-70.0,-67.0,727,0.6688449382781982,13
-62.0,-73.0,-52.0,774,0.6909499168395996,13
-58.0,-72.0,-58.0,1013,0.8145599365234375,17
-61.0,-74.0,-54.0,1044,0.8310179710388184,18
-93.0,-27.0,-86.0,1074,0.846977949142456,18
-59.0,-73.0,-57.0,1086,0.8523259162902832,19
-60.0,-72.0,-57.0,1096,0.8574368953704834,19
-60.0,-73.0,-55.0,1099,0.8588459491729736,19
-59.0,-74.0,-55.0,1130,0.8739650249481201,20
