z1,z2,z3,node,time,depth
21029.0,15069.0,21376.0,1,0.01775813102722168,1
19904.0,16849.0,19331.0,1,0.017770051956176758,1
17272.0,18409.0,18015.0,1,0.01778101921081543,1
17489.0,19850.0,17820.0,1,0.017802953720092773,1
18929.0,18372.0,18770.0,12,0.10119414329528809,6
18359.0,18025.0,19458.0,12,0.10121893882751465,6
19585.0,17874.0,20142.0,12,0.1012270450592041,6
