z1,z2,z3,node,time,depth
-35.0,-48.0,-43.0,3,0.008350849151611328,2
-40.0,-52.0,-37.0,5,0.013780832290649414,3
-26.0,-40.0,-44.0,5,0.013830900192260742,3
-37.0,-43.0,-42.0,9,0.02367997169494629,4
-36.0,-60.0,-32.0,13,0.03335094451904297,4
-31.0,-60.0,-38.0,13,0.03335380554199219,4
-37.0,-50.0,-41.0,13,0.033360958099365234,4
-36.0,-48.0,-42.0,26,0.06003093719482422,5
-39.0,-45.0,-40.0,37,0.0788578987121582,6
-39.0,-55.0,-35.0,49,0.10140585899353027,6
-38.0,-55.0,-36.0,49,0.10141801834106445,6
-43.0,-56.0,-31.0,64,0.12424182891845703,7
-39.0,-46.0,-39.0,69,0.13169598579406738,7
-38.0,-43.0,-41.0,74,0.14116787910461426,7
-39.0,-56.0,-34.0,95,0.17832088470458984,7
-27.0,-38.0,-44.0,151,0.26129984855651855,8
-32.0,-59.0,-39.0,156,0.26844000816345215,8
-42.0,-49.0,-36.0,188,0.3094630241394043,9
-36.0,-52.0,-40.0,228,0.35666584968566895,9
-43.0,-51.0,-35.0,266,0.4021878242492676,10
-37.0,-59.0,-35.0,304,0.4414379596710205,10
-36.0,-55.0,-38.0,332,0.47048091888427734,10
-44.0,-51.0,-34.0,356,0.495074987411499,11
-37.0,-55.0,-37.0,406,0.5352458953857422,11
-33.0,-51.0,-42.0,426,0.5528709888458252,12
-33.0,-56.0,-41.0,448,0.5677249431610107,12
-39.0,-49.0,-38.0,494,0.6024060249328613,13
-31.0,-35.0,-44.0,496,0.6036319732666016,13
-37.0,-54.0,-39.0,506,0.6098439693450928,13
-40.0,-54.0,-33.0,536,0.6266109943389893,14
-40.0,-53.0,-34.0,538,0.6276319026947021,14
-38.0,-58.0,-35.0,548,0.6328909397125244,14
-38.0,-49.0,-39.0,570,0.6441388130187988,15
-38.0,-54.0,-38.0,582,0.6497819423675537,15
-40.0,-58.0,-20.0,594,0.6552369594573975,15
-34.0,-49.0,-42.0,596,0.6561388969421387,16
-32.0,-33.0,-44.0,598,0.6568000316619873,16
-34.0,-54.0,-41.0,600,0.6574540138244629,16
-19.0,-33.0,-45.0,602,0.6581308841705322,16
-25.0,-42.0,-44.0,604,0.6588070392608643,16
-21.0,-49.0,-43.0,606,0.6594748497009277,16
