z1,z2,z3,node,time,depth
93.0,70.0,75.0,1,0.01799607276916504,1
94.0,85.0,60.0,1,0.01800394058227539,1
88.0,72.0,75.0,1,0.018012046813964844,1
72.0,84.0,84.0,1,0.01801896095275879,1
75.0,73.0,88.0,1,0.018027067184448242,1
83.0,91.0,66.0,1,0.018035173416137695,1
77.0,84.0,78.0,1,0.018043041229248047,1
125.0,83.0,74.0,24,0.13396906852722168,5
83.0,82.0,76.0,61,0.4402601718902588,5
