z1,z2,z3,node,time,depth
80.0,136.0,106.0,1,0.09700703620910645,1
82.0,96.0,95.0,1,0.09701704978942871,1
101.0,75.0,95.0,1,0.09702801704406738,1
103.0,76.0,91.0,1,0.09704899787902832,1
126.0,122.0,70.0,1,0.09707999229431152,1
90.0,99.0,81.0,1,0.0970909595489502,1
111.0,86.0,77.0,1,0.09711194038391113,1
135.0,70.0,106.0,1,0.0971219539642334,1
123.0,124.0,70.0,1,0.09716510772705078,1
102.0,98.0,78.0,2,0.1849360466003418,2
103.0,103.0,77.0,2,0.18497705459594727,2
116.0,129.0,72.0,3,0.23084712028503418,2
96.0,94.0,85.0,4,0.33570408821105957,3
131.0,73.0,109.0,5,0.4017040729522705,3
119.0,127.0,72.0,12,0.4640331268310547,3
117.0,123.0,76.0,12,0.46408605575561523,3
124.0,118.0,74.0,12,0.46410608291625977,3
136.0,71.0,102.0,14,0.5688700675964355,4
131.0,113.0,74.0,15,0.752208948135376,4
124.0,122.0,73.0,15,0.752223014831543,4
125.0,117.0,73.0,15,0.7527549266815186,4
127.0,117.0,72.0,15,0.7527689933776855,4
113.0,131.0,76.0,30,0.9153239727020264,4
118.0,128.0,73.0,35,1.0276360511779785,4
121.0,120.0,74.0,35,1.0276949405670166,4
133.0,72.0,108.0,36,1.1394309997558594,5
120.0,126.0,74.0,59,1.5649590492248535,5
111.0,133.0,75.0,61,1.6038379669189453,5
114.0,125.0,76.0,61,1.6038849353790283,5
117.0,128.0,74.0,63,1.6692471504211426,5
127.0,74.0,110.0,70,1.9764330387115479,6
132.0,73.0,105.0,70,1.9765450954437256,6
110.0,133.0,76.0,114,2.420403003692627,6
100.0,85.0,94.0,120,2.6985089778900146,7
96.0,92.0,87.0,120,2.698681116104126,7
119.0,125.0,75.0,126,2.810616970062256,7
133.0,74.0,101.0,139,3.038578987121582,7
140.0,73.0,100.0,139,3.0386080741882324,7
129.0,112.0,75.0,141,3.0953409671783447,7
127.0,112.0,76.0,143,3.155867099761963,7
119.0,122.0,76.0,181,3.478595018386841,7
121.0,126.0,72.0,182,3.5070650577545166,7
131.0,72.0,110.0,216,4.124253988265991,8
130.0,111.0,76.0,237,4.3261399269104,8
114.0,131.0,74.0,261,4.533373117446899,8
134.0,73.0,104.0,285,5.067820072174072,9
128.0,116.0,73.0,333,5.48091197013855,9
126.0,116.0,74.0,417,6.362127065658569,10
134.0,72.0,106.0,559,7.890378952026367,13
135.0,73.0,102.0,563,7.902192115783691,13
99.0,91.0,102.0,569,7.962309122085571,14
81.0,132.0,110.0,573,8.066826105117798,14
81.0,137.0,104.0,616,8.515286922454834,17
