z1,z2,z3,node,time,depth
-5128.0,-4380.0,-4359.0,1,0.002991199493408203,1
-3671.0,-3650.0,-5127.0,1,0.003020048141479492,1
-4797.0,-3921.0,-4530.0,4,0.01005411148071289,4
-3958.0,-5054.0,-4176.0,22,0.020576000213623047,15
-4623.0,-4874.0,-4521.0,51,0.03390622138977051,14
-4678.0,-4605.0,-4096.0,171,0.10376405715942383,12
-5278.0,-3787.0,-3669.0,172,0.10491800308227539,6
-4813.0,-4397.0,-3527.0,198,0.11868000030517578,15
-4663.0,-4990.0,-4217.0,207,0.12344598770141602,12
-4922.0,-4248.0,-4424.0,232,0.13885712623596191,5
-4417.0,-4742.0,-4586.0,328,0.19875311851501465,13
-4591.0,-3948.0,-4767.0,431,0.2584960460662842,14
-4631.0,-4064.0,-4463.0,459,0.2773761749267578,12
-4126.0,-4558.0,-4625.0,520,0.3139791488647461,11
-4018.0,-4130.0,-4724.0,543,0.32781004905700684,7
-4616.0,-4438.0,-4561.0,703,0.43868112564086914,2
-4285.0,-3979.0,-4732.0,706,0.44373512268066406,5
-3446.0,-5112.0,-4378.0,726,0.45615220069885254,15
-4111.0,-4932.0,-4723.0,746,0.4679222106933594,13
-4151.0,-5048.0,-4419.0,769,0.482619047164917,12
-4410.0,-4306.0,-4626.0,844,0.533951997756958,4
-4079.0,-3847.0,-4797.0,848,0.53885817527771,8
-3905.0,-4800.0,-4788.0,940,0.5965020656585693,13
-3512.0,-4059.0,-4825.0,983,0.6199860572814941,13
-3711.0,-3766.0,-4823.0,1060,0.6732242107391357,12
-3707.0,-3734.0,-4877.0,1149,0.7268061637878418,11
-3206.0,-4260.0,-4985.0,1229,0.7724912166595459,13
-3412.0,-4392.0,-4920.0,1281,0.8009622097015381,13
