z1,z2,z3,node,time,depth
-39.0,-47.0,-42.0,51,0.017379045486450195,4
-39.0,-42.0,-44.0,51,0.0173799991607666,4
