z1,z2,z3,node,time,depth
20478.0,17188.0,20229.0,1,0.012112140655517578,1
15571.0,21473.0,14400.0,1,0.012122154235839844,1
18951.0,17835.0,18624.0,1,0.012133121490478516,1
17476.0,19067.0,17743.0,1,0.012143135070800781,1
17709.0,18983.0,18075.0,3,0.03470420837402344,2
18879.0,18013.0,18520.0,11,0.10709500312805176,3
18742.0,18029.0,18852.0,13,0.15401411056518555,4
18571.0,18220.0,18641.0,13,0.1540231704711914,4
