z1,z2,z3,node,time,depth
-49.0,-34.0,-46.0,1,0.004951000213623047,1
-51.0,-31.0,-39.0,4,0.021456003189086914,4
-55.0,-28.0,-35.0,5,0.02410292625427246,5
-43.0,-37.0,-37.0,135,0.11028099060058594,14
-44.0,-38.0,-36.0,162,0.1305539608001709,13
-53.0,-30.0,-34.0,174,0.1401691436767578,9
-45.0,-37.0,-34.0,193,0.1525859832763672,14
-52.0,-33.0,-35.0,198,0.15641212463378906,13
-42.0,-40.0,-30.0,208,0.16618013381958008,13
-57.0,-18.0,-30.0,304,0.2517211437225342,16
-58.0,-20.0,-26.0,320,0.2598531246185303,16
-57.0,-24.0,-22.0,392,0.31577301025390625,16
-50.0,-35.0,-28.0,400,0.3210470676422119,13
-50.0,-34.0,-31.0,401,0.3222780227661133,9
-53.0,-34.0,-28.0,416,0.33310508728027344,13
-51.0,-36.0,-27.0,421,0.3374519348144531,12
-56.0,-27.0,-32.0,447,0.36568593978881836,16
-53.0,-32.0,-32.0,451,0.36717700958251953,12
-55.0,-30.0,-33.0,452,0.3675260543823242,11
-46.0,-37.0,-33.0,710,0.6145780086517334,13
-35.0,-43.0,-34.0,730,0.6332759857177734,13
-44.0,-39.0,-32.0,731,0.6336390972137451,12
-57.0,-22.0,-24.0,774,0.6742820739746094,16
-52.0,-34.0,-30.0,801,0.7033729553222656,12
-54.0,-32.0,-31.0,802,0.7037739753723145,11
-36.0,-42.0,-36.0,819,0.7218141555786133,12
-31.0,-43.0,-38.0,921,0.8151259422302246,14
-32.0,-42.0,-40.0,1067,0.9506490230560303,9
-26.0,-43.0,-41.0,1082,0.9709420204162598,13
-51.0,-29.0,-41.0,1180,1.060157060623169,8
-55.0,-26.0,-37.0,1181,1.0618000030517578,9
-53.0,-28.0,-36.0,1194,1.0715341567993164,11
-52.0,-31.0,-37.0,1204,1.0781149864196777,13
-56.0,-25.0,-34.0,1225,1.0949840545654297,16
-52.0,-28.0,-38.0,1228,1.0961179733276367,13
-49.0,-36.0,-44.0,1297,1.1536669731140137,2
-41.0,-41.0,-45.0,1297,1.153681993484497,2
-20.0,-42.0,-44.0,1649,1.544403076171875,12
-54.0,-24.0,-38.0,1787,1.6891670227050781,16
-50.0,-27.0,-42.0,1790,1.6903059482574463,13
-40.0,-40.0,-46.0,1838,1.7300851345062256,7
-42.0,-39.0,-48.0,1853,1.7451729774475098,7
