z1,z2,z3,node,time,depth
17724.0,19790.0,17137.0,1,0.019794940948486328,1
19324.0,17576.0,19367.0,1,0.01980304718017578,1
18337.0,18251.0,19057.0,1,0.01981806755065918,1
18726.0,18074.0,18753.0,1,0.01982712745666504,1
18749.0,18160.0,18472.0,1,0.01983499526977539,1
17211.0,20098.0,17695.0,1,0.019843101501464844,1
17164.0,20189.0,16823.0,1,0.019858121871948242,1
17495.0,20093.0,16942.0,3,0.04304003715515137,2
18241.0,19174.0,18386.0,17,0.15495014190673828,7
