z1,z2,z3,node,time,depth
-12423.0,-13069.0,-13152.0,1,0.0009748935699462891,1
-13095.0,-12904.0,-12363.0,2,0.0018088817596435547,2
-13694.0,-12516.0,-12033.0,53,0.03327608108520508,13
-13824.0,-12387.0,-11911.0,83,0.050711870193481445,7
-13690.0,-12547.0,-12009.0,103,0.0617070198059082,8
-13687.0,-12839.0,-11919.0,126,0.07485508918762207,10
-13022.0,-12681.0,-12822.0,171,0.10188007354736328,13
-13018.0,-12712.0,-12798.0,217,0.12960505485534668,8
-13015.0,-13004.0,-12708.0,240,0.14330005645751953,10
-13217.0,-12344.0,-12864.0,271,0.16229605674743652,7
-13210.0,-12667.0,-12750.0,284,0.1708219051361084,10
-13203.0,-12775.0,-12243.0,332,0.19793200492858887,10
-12478.0,-12645.0,-12865.0,341,0.20252299308776855,7
-12744.0,-13328.0,-12046.0,343,0.2037200927734375,9
-12808.0,-13161.0,-12510.0,343,0.2037210464477539,9
-12769.0,-13313.0,-12209.0,343,0.20372295379638672,9
-13069.0,-12935.0,-12341.0,356,0.21048688888549805,10
-13117.0,-13189.0,-12162.0,359,0.21184086799621582,8
-13073.0,-12904.0,-12365.0,362,0.21326303482055664,8
-12477.0,-13000.0,-12785.0,365,0.21464204788208008,7
