z1,z2,z3,node,time,depth
-8536.0,-9175.0,-7766.0,2,0.0018680095672607422,2
-8519.0,-9102.0,-8011.0,3,0.0027430057525634766,2
-8383.0,-8552.0,-8176.0,7,0.005436897277832031,3
-8528.0,-8620.0,-8098.0,108,0.04628801345825195,8
-8323.0,-9352.0,-7906.0,112,0.04771995544433594,9
