z1,z2,z3,node,time,depth
-21.0,-40.0,-28.0,1,0.002070903778076172,1
-29.0,-35.0,-24.0,1,0.0020809173583984375,1
-24.0,-32.0,-32.0,2,0.004494905471801758,2
-22.0,-38.0,-30.0,22,0.029295921325683594,5
-20.0,-17.0,-34.0,30,0.03417801856994629,5
-14.0,-25.0,-34.0,156,0.09457802772521973,9
-30.0,-25.0,-18.0,160,0.09577298164367676,9
-28.0,-34.0,-27.0,166,0.09791398048400879,9
