z1,z2,z3,node,time,depth
20738.0,18796.0,20521.0,1,0.04028010368347168,1
18841.0,19989.0,22524.0,1,0.04029417037963867,1
21699.0,21189.0,18339.0,1,0.04030799865722656,1
19154.0,20385.0,20491.0,1,0.040322065353393555,1
20160.0,22113.0,19309.0,1,0.04033517837524414,1
20900.0,20438.0,18826.0,1,0.04035019874572754,1
20066.0,21437.0,19836.0,15,0.1990680694580078,4
20515.0,20416.0,20486.0,23,0.2978792190551758,6
20842.0,20269.0,19955.0,29,0.43851304054260254,9
