z1,z2,z3,node,time,depth
73.0,70.0,54.0,1,0.00786900520324707,1
74.0,63.0,64.0,1,0.007875204086303711,1
70.0,58.0,76.0,1,0.007879972457885742,1
64.0,63.0,74.0,1,0.007884979248046875,1
58.0,78.0,71.0,1,0.007889986038208008,1
60.0,67.0,77.0,1,0.00789499282836914,1
68.0,68.0,66.0,6,0.037199974060058594,4
