z1,z2,z3,node,time,depth
14011.0,15458.0,14288.0,1,0.007052183151245117,1
13835.0,16124.0,14143.0,1,0.00705718994140625,1
13950.0,14604.0,15263.0,1,0.007062196731567383,1
14396.0,13806.0,15946.0,1,0.007067203521728516,1
16342.0,14105.0,14012.0,1,0.0070722103118896484,1
15141.0,14381.0,14475.0,1,0.00707697868347168,1
15678.0,14568.0,14189.0,9,0.03270411491394043,5
