z1,z2,z3,node,time,depth
-15419.0,-13967.0,-15231.0,1,0.0005040168762207031,1
-15087.0,-13988.0,-14456.0,40,0.02172112464904785,12
-15058.0,-14114.0,-14348.0,67,0.03477621078491211,5
-14829.0,-14101.0,-14523.0,83,0.04293513298034668,6
-15081.0,-14100.0,-14381.0,106,0.055262088775634766,8
