z1,z2,z3,node,time,depth
-36.0,-44.0,-39.0,1,0.0009000301361083984,1
-29.0,-39.0,-44.0,1,0.000904083251953125,1
-40.0,-40.0,-28.0,1,0.0009090900421142578,1
-37.0,-42.0,-32.0,58,0.0269620418548584,3
-30.0,-28.0,-40.0,85,0.03959798812866211,8
