z1,z2,z3,node,time,depth
-74.0,-26.0,-69.0,1,0.0018219947814941406,1
-51.0,-48.0,-54.0,1,0.0018391609191894531,1
-60.0,-40.0,-56.0,4,0.007018089294433594,3
-61.0,-38.0,-58.0,22,0.030931949615478516,5
-55.0,-44.0,-50.0,45,0.06159615516662598,6
-62.0,-38.0,-56.0,182,0.192108154296875,8
-66.0,-32.0,-64.0,292,0.2914140224456787,9
-67.0,-32.0,-63.0,481,0.4450490474700928,10
-53.0,-47.0,-52.0,564,0.5132830142974854,10
-42.0,-49.0,-44.0,565,0.5146510601043701,10
-52.0,-47.0,-54.0,590,0.534135103225708,10
-41.0,-49.0,-46.0,591,0.5354709625244141,10
-22.0,-56.0,-22.0,1067,0.8487200736999512,13
-60.0,-39.0,-57.0,1144,0.8887779712677002,14
-30.0,-53.0,-29.0,1162,0.896960973739624,14
-61.0,-39.0,-56.0,1222,0.929405927658081,15
-68.0,-33.0,-62.0,1228,0.9315860271453857,15
-62.0,-39.0,-54.0,1232,0.9328961372375488,15
-55.0,-45.0,-49.0,1236,0.9342341423034668,15
-41.0,-51.0,-37.0,1248,0.9389309883117676,15
-40.0,-52.0,-37.0,1256,0.9418289661407471,15
-42.0,-50.0,-34.0,1262,0.9440610408782959,15
-39.0,-52.0,-39.0,1266,0.9454140663146973,15
-59.0,-42.0,-58.0,1284,0.9523930549621582,16
-59.0,-41.0,-60.0,1288,0.9537310600280762,16
