z1,z2,z3,node,time,depth
82.0,109.0,80.0,1,0.07593798637390137,1
96.0,112.0,64.0,1,0.07594990730285645,1
120.0,86.0,113.0,1,0.07596111297607422,1
84.0,89.0,104.0,1,0.07598400115966797,1
87.0,106.0,74.0,1,0.07599401473999023,1
81.0,98.0,95.0,1,0.0760049819946289,1
74.0,97.0,108.0,1,0.07601594924926758,1
72.0,114.0,134.0,1,0.0760500431060791,1
118.0,86.0,115.0,1,0.07608199119567871,1
102.0,88.0,87.0,1,0.07611513137817383,1
93.0,91.0,92.0,2,0.1382911205291748,2
73.0,108.0,139.0,3,0.21310806274414062,2
73.0,114.0,131.0,3,0.21319007873535156,2
80.0,140.0,91.0,9,0.6036851406097412,4
75.0,139.0,97.0,9,0.6037919521331787,4
111.0,87.0,121.0,12,0.8331959247589111,4
79.0,126.0,104.0,16,1.127047061920166,5
76.0,135.0,101.0,16,1.1270570755004883,5
78.0,134.0,97.0,29,1.9954509735107422,6
78.0,130.0,100.0,29,1.9954710006713867,6
113.0,87.0,119.0,33,2.2627499103546143,6
77.0,138.0,97.0,86,5.448678016662598,9
80.0,133.0,97.0,86,5.448688983917236,9
80.0,129.0,100.0,89,5.571880102157593,9
73.0,113.0,133.0,96,5.933779001235962,9
129.0,104.0,85.0,103,6.321329116821289,10
99.0,107.0,72.0,161,9.14954400062561,12
129.0,105.0,84.0,198,10.98496413230896,13
80.0,139.0,96.0,244,12.89160704612732,14
117.0,87.0,117.0,360,17.655050039291382,19
