z1,z2,z3,node,time,depth
-24.0,-57.0,-30.0,1,0.002902984619140625,1
-47.0,-26.0,-37.0,2,0.007765054702758789,2
-34.0,-50.0,-44.0,435,0.3437790870666504,9
-44.0,-37.0,-45.0,1045,0.8432140350341797,12
-39.0,-43.0,-46.0,1051,0.8460450172424316,13
-45.0,-38.0,-43.0,1052,0.8464560508728027,12
-39.0,-38.0,-49.0,1053,0.8468880653381348,11
-41.0,-40.0,-48.0,1054,0.8472609519958496,10
-43.0,-37.0,-47.0,1056,0.8479540348052979,8
-35.0,-47.0,-46.0,1059,0.8552188873291016,4
-34.0,-54.0,-37.0,1252,1.0489110946655273,4
-37.0,-50.0,-39.0,1253,1.0514090061187744,5
-31.0,-55.0,-42.0,1349,1.137645959854126,9
-39.0,-47.0,-39.0,1398,1.188835859298706,14
-36.0,-48.0,-44.0,1399,1.1892099380493164,13
-42.0,-43.0,-41.0,1400,1.1895880699157715,12
-38.0,-45.0,-46.0,1402,1.1902830600738525,10
-37.0,-49.0,-41.0,1403,1.1906299591064453,9
-32.0,-52.0,-45.0,1407,1.1972858905792236,6
-32.0,-53.0,-41.0,1408,1.19936203956604,7
-30.0,-50.0,-46.0,1449,1.2327449321746826,7
-30.0,-55.0,-43.0,1455,1.2391750812530518,11
-33.0,-54.0,-38.0,1456,1.2395269870758057,10
-36.0,-50.0,-40.0,1457,1.2398779392242432,9
-37.0,-48.0,-42.0,1484,1.266016960144043,15
-38.0,-47.0,-40.0,1485,1.2664079666137695,15
-35.0,-48.0,-45.0,1486,1.266798973083496,14
-41.0,-43.0,-42.0,1488,1.2675349712371826,12
-37.0,-45.0,-47.0,1490,1.2682678699493408,10
-38.0,-51.0,-36.0,1495,1.2736749649047852,7
-41.0,-47.0,-38.0,1495,1.2736990451812744,7
-35.0,-52.0,-41.0,1515,1.2950589656829834,9
-36.0,-49.0,-43.0,1526,1.3021268844604492,16
-34.0,-49.0,-46.0,1528,1.3028960227966309,14
-34.0,-44.0,-49.0,1531,1.303999900817871,11
-36.0,-46.0,-48.0,1532,1.304373025894165,10
-35.0,-50.0,-43.0,1533,1.3047618865966797,9
-38.0,-43.0,-47.0,1534,1.3051209449768066,8
-45.0,-39.0,-42.0,1537,1.3069939613342285,8
-43.0,-44.0,-38.0,1546,1.3123819828033447,14
-42.0,-42.0,-45.0,1548,1.3131740093231201,12
-44.0,-39.0,-44.0,1549,1.3135459423065186,11
-40.0,-43.0,-45.0,1550,1.313899040222168,10
-40.0,-45.0,-43.0,1551,1.3142368793487549,9
-46.0,-40.0,-40.0,1552,1.3145670890808105,8
-41.0,-46.0,-40.0,1553,1.314924955368042,7
