z1,z2,z3,node,time,depth
-8468.0,-10166.0,-8438.0,1,0.0005600452423095703,1
-9208.0,-9526.0,-9156.0,16,0.008744955062866211,5
-9185.0,-9629.0,-8925.0,36,0.0186159610748291,6
