z1,z2,z3,node,time,depth
-20736.0,-17829.0,-18187.0,1,0.0010631084442138672,1
-20424.0,-17439.0,-19059.0,2,0.0023069381713867188,2
-19750.0,-18362.0,-19226.0,2,0.002312898635864258,2
-20246.0,-18645.0,-18388.0,2,0.002315998077392578,2
-19867.0,-17652.0,-19416.0,3,0.004125118255615234,3
-20179.0,-18042.0,-18544.0,3,0.004127979278564453,3
-20269.0,-17871.0,-18919.0,3,0.00413203239440918,3
-20045.0,-17610.0,-19147.0,67,0.05113697052001953,6
-20334.0,-17610.0,-18684.0,150,0.1115410327911377,5
-20512.0,-17568.0,-18415.0,152,0.1135261058807373,7
-19891.0,-18086.0,-19268.0,362,0.27730393409729004,12
-20358.0,-18044.0,-18536.0,369,0.28360891342163086,11
-20203.0,-18476.0,-18396.0,380,0.2952101230621338,10
-19620.0,-17316.0,-19845.0,383,0.2990589141845703,4
-20489.0,-17493.0,-18616.0,383,0.29906296730041504,4
-20022.0,-17535.0,-19348.0,383,0.29906392097473145,4
-20177.0,-17103.0,-19488.0,383,0.2990751266479492,4
-19798.0,-17274.0,-19576.0,423,0.3304409980773926,7
-20199.0,-17509.0,-19420.0,591,0.46914005279541016,12
-19667.0,-18060.0,-19462.0,607,0.479633092880249,15
-19808.0,-17784.0,-19504.0,612,0.48819899559020996,14
-20163.0,-18343.0,-18624.0,622,0.496445894241333,12
-20275.0,-17742.0,-18772.0,629,0.5030059814453125,11
-20120.0,-18174.0,-18632.0,640,0.5151031017303467,10
-20381.0,-17901.0,-18446.0,641,0.5160388946533203,3
-20036.0,-17897.0,-19053.0,642,0.5172610282897949,4
-19569.0,-17939.0,-19785.0,642,0.5172629356384277,4
-19881.0,-18329.0,-18913.0,642,0.517266035079956,4
-19479.0,-18110.0,-19410.0,643,0.5187571048736572,5
-19914.0,-17943.0,-19178.0,766,0.6248440742492676,6
-19503.0,-18026.0,-19655.0,787,0.644305944442749,10
-19999.0,-18309.0,-18817.0,788,0.6454360485076904,11
-19956.0,-18140.0,-18825.0,802,0.6550741195678711,12
-19742.0,-18389.0,-18981.0,803,0.6554961204528809,11
-19644.0,-17750.0,-19697.0,804,0.6559040546417236,10
-20111.0,-17708.0,-18965.0,809,0.6594109535217285,9
