z1,z2,z3,node,time,depth
-2756.0,-1724.0,-2268.0,1,0.002686023712158203,1
-2404.0,-2276.0,-1951.0,2,0.005053997039794922,2
-1801.0,-2593.0,-1790.0,2,0.0050640106201171875,2
-1865.0,-1387.0,-2449.0,16,0.01332998275756836,11
-2432.0,-1830.0,-2307.0,25,0.01727008819580078,11
-2199.0,-2251.0,-2283.0,39,0.022942066192626953,11
-2431.0,-945.0,-2517.0,60,0.0321500301361084,11
-1795.0,-1450.0,-2507.0,68,0.03530097007751465,11
-2362.0,-1893.0,-2365.0,87,0.04326891899108887,11
-2801.0,-843.0,-2252.0,137,0.06751799583435059,5
-1871.0,-1317.0,-2563.0,180,0.09066200256347656,11
-2275.0,-2118.0,-2339.0,195,0.09755802154541016,11
-2507.0,-812.0,-2573.0,222,0.10995101928710938,11
-1941.0,-1254.0,-2505.0,227,0.11168313026428223,10
-2672.0,-685.0,-2640.0,250,0.12505698204040527,11
-2274.0,-1233.0,-2549.0,274,0.13761305809020996,11
-2344.0,-1170.0,-2491.0,277,0.13860011100769043,10
-1708.0,-1675.0,-2481.0,288,0.14281010627746582,9
-2599.0,-2012.0,-2300.0,309,0.1520540714263916,2
-2686.0,-1787.0,-2326.0,309,0.15205597877502441,2
-1258.0,-2806.0,-1689.0,311,0.15453410148620605,4
-2264.0,-2405.0,-1836.0,345,0.17191505432128906,9
-1661.0,-2722.0,-1675.0,387,0.19510698318481445,10
-1818.0,-2434.0,-1643.0,388,0.19543099403381348,9
-1182.0,-2939.0,-1633.0,389,0.19575190544128418,8
-2523.0,-2145.0,-2244.0,390,0.1960620880126953,6
-1790.0,-2880.0,-1287.0,402,0.20333290100097656,11
-2023.0,-2459.0,-1311.0,412,0.2075200080871582,9
-1866.0,-2747.0,-1343.0,420,0.21170997619628906,11
-1953.0,-2522.0,-1369.0,440,0.22247600555419922,11
-2779.0,-1222.0,-1779.0,461,0.23492693901062012,8
-2866.0,-997.0,-1805.0,466,0.23730993270874023,7
