z1,z2,z3,node,time,depth
-44.0,-40.0,-31.0,1,0.0006401538848876953,1
-31.0,-27.0,-34.0,1,0.0006442070007324219,1
-33.0,-28.0,-32.0,28,0.012574195861816406,9
-46.0,-41.0,-29.0,46,0.020251989364624023,6
-47.0,-42.0,-26.0,75,0.03288912773132324,7
