z1,z2,z3,node,time,depth
77.0,41.0,63.0,1,0.019541025161743164,1
59.0,58.0,62.0,1,0.019553184509277344,1
65.0,72.0,54.0,1,0.019565105438232422,1
49.0,63.0,65.0,1,0.0195770263671875,1
83.0,62.0,48.0,1,0.01958918571472168,1
60.0,62.0,60.0,19,0.40137219429016113,2
73.0,60.0,58.0,20,0.44449305534362793,3
72.0,49.0,63.0,90,1.4162390232086182,9
