z1,z2,z3,node,time,depth
-27.0,-40.0,-27.0,1,0.0008161067962646484,1
-23.0,-37.0,-30.0,2,0.0014801025390625,2
-32.0,-38.0,-28.0,16,0.011888980865478516,5
-23.0,-38.0,-29.0,32,0.022119998931884766,6
-26.0,-32.0,-29.0,50,0.03151297569274902,7
-22.0,-30.0,-31.0,74,0.042086124420166016,8
-18.0,-36.0,-31.0,78,0.04369997978210449,8
