z1,z2,z3,node,time,depth
-8369.0,-10060.0,-9091.0,5,0.0024149417877197266,3
-8735.0,-9531.0,-9045.0,12,0.005276918411254883,5
-8500.0,-9853.0,-8292.0,20,0.014410018920898438,6
