z1,z2,z3,node,time,depth
23051.0,20361.0,22698.0,1,0.026866912841796875,1
22971.0,20466.0,22317.0,1,0.02688002586364746,1
22855.0,21545.0,20542.0,1,0.026894092559814453,1
20695.0,21072.0,20569.0,1,0.02690601348876953,1
20358.0,21997.0,21936.0,1,0.026931047439575195,1
