z1,z2,z3,node,time,depth
6535.0,3668.0,3835.0,1,0.0060498714447021484,1
5434.0,4278.0,3486.0,1,0.006054878234863281,1
4739.0,6086.0,6395.0,1,0.006064891815185547,1
5052.0,6505.0,5442.0,2,0.015332937240600586,2
5115.0,7043.0,5355.0,2,0.015337944030761719,2
4924.0,6233.0,5607.0,2,0.015342950820922852,2
5339.0,6306.0,5495.0,3,0.02266693115234375,3
5402.0,6844.0,5408.0,13,0.05421590805053711,6
6098.0,4184.0,4416.0,32,0.15187907218933105,4
5384.0,5768.0,6982.0,32,0.1519150733947754,4
