z1,z2,z3,node,time,depth
-20493.0,-21514.0,-21024.0,1,0.0006101131439208984,1
-20509.0,-21484.0,-21061.0,3,0.002140045166015625,2
-20497.0,-21070.0,-21133.0,3,0.002142190933227539,2
-20481.0,-21100.0,-21096.0,17,0.012135982513427734,5
-20616.0,-20817.0,-21238.0,54,0.032273054122924805,8
