z1,z2,z3,node,time,depth
-4321.0,-3626.0,-3368.0,147,0.08857202529907227,7
-4367.0,-3672.0,-2771.0,176,0.10215306282043457,6
-4136.0,-3691.0,-3134.0,209,0.11742997169494629,7
-3971.0,-3724.0,-3191.0,221,0.12241291999816895,5
-3995.0,-3750.0,-3154.0,253,0.1341559886932373,6
-3925.0,-3678.0,-3788.0,276,0.14265704154968262,4
-3949.0,-3704.0,-3751.0,302,0.15225696563720703,5
-4090.0,-3645.0,-3731.0,311,0.15526604652404785,5
