z1,z2,z3,node,time,depth
-8005.0,-8781.0,-9088.0,1,0.0006380081176757812,1
-8109.0,-9384.0,-8505.0,2,0.0010900497436523438,2
-8080.0,-9588.0,-7997.0,23,0.010093927383422852,7
-8594.0,-9079.0,-7909.0,51,0.01955103874206543,7
-8625.0,-9320.0,-7665.0,53,0.020370960235595703,6
-8596.0,-8984.0,-8142.0,56,0.021548986434936523,6
-8521.0,-8717.0,-8248.0,57,0.022001981735229492,3
-7976.0,-8985.0,-8580.0,66,0.025474071502685547,6
-8490.0,-8476.0,-8492.0,67,0.02593708038330078,5
