z1,z2,z3,node,time,depth
-23.0,-47.0,-16.0,1,0.0016751289367675781,1
-21.0,-48.0,-17.0,6,0.008710145950317383,3
-22.0,-46.0,-17.0,28,0.03163909912109375,5
-24.0,-36.0,-16.0,130,0.10103702545166016,8
-33.0,-24.0,-28.0,140,0.10555601119995117,8
-27.0,-28.0,-23.0,230,0.15299701690673828,9
-25.0,-33.0,-21.0,248,0.1605210304260254,9
-25.0,-29.0,-24.0,276,0.17341303825378418,9
-27.0,-32.0,-21.0,328,0.19689321517944336,10
-28.0,-31.0,-22.0,332,0.19832515716552734,10
-33.0,-22.0,-29.0,342,0.20169711112976074,10
-25.0,-31.0,-23.0,366,0.21000909805297852,10
-30.0,-22.0,-30.0,368,0.21081018447875977,10
-23.0,-45.0,-18.0,422,0.23034119606018066,11
