z1,z2,z3,node,time,depth
-30.0,-37.0,-46.0,1,0.0011379718780517578,1
-31.0,-43.0,-39.0,121,0.046859025955200195,7
-33.0,-41.0,-40.0,122,0.0476069450378418,3
-31.0,-46.0,-35.0,122,0.04760885238647461,3
-35.0,-45.0,-37.0,131,0.051470041275024414,9
-39.0,-42.0,-33.0,148,0.0577390193939209,6
-28.0,-42.0,-41.0,149,0.0585939884185791,2
-36.0,-38.0,-39.0,159,0.06307387351989746,9
-32.0,-41.0,-43.0,186,0.07327699661254883,6
