z1,z2,z3,node,time,depth
23582.0,19722.0,18683.0,1,0.032109975814819336,1
21034.0,19328.0,20014.0,1,0.0321199893951416,1
22730.0,18613.0,19804.0,1,0.03213095664978027,1
20123.0,20674.0,19070.0,1,0.03214097023010254,1
18768.0,21764.0,20671.0,1,0.03215193748474121,1
18739.0,20535.0,22074.0,1,0.03216195106506348,1
19312.0,20230.0,20850.0,1,0.03217291831970215,1
20100.0,18715.0,22598.0,1,0.032182931900024414,1
20575.0,20079.0,19697.0,21,1.0499398708343506,4
20921.0,19570.0,20627.0,22,1.0549249649047852,5
20894.0,19674.0,20043.0,27,1.279282808303833,6
20910.0,19220.0,20888.0,41,1.6517360210418701,11
