z1,z2,z3,node,time,depth
-17880.0,-16250.0,-16737.0,1,0.0012249946594238281,1
-17997.0,-15931.0,-16911.0,1,0.0012440681457519531,1
-17986.0,-15604.0,-17428.0,4,0.00506901741027832,3
-17851.0,-15115.0,-17719.0,10,0.01225900650024414,4
-17825.0,-15890.0,-17269.0,45,0.04990816116333008,6
-17700.0,-15979.0,-17176.0,176,0.14960312843322754,9
-17348.0,-15484.0,-18149.0,222,0.18931317329406738,10
-17645.0,-15436.0,-17884.0,246,0.2100820541381836,10
-17780.0,-15925.0,-17593.0,278,0.23168611526489258,11
-17528.0,-15755.0,-17710.0,302,0.24697303771972656,11
