z1,z2,z3,node,time,depth
22080.0,23070.0,20327.0,1,0.020520925521850586,1
22260.0,19092.0,22106.0,1,0.02053380012512207,1
21060.0,22711.0,21060.0,1,0.020547866821289062,1
23383.0,20125.0,21037.0,1,0.02056097984313965,1
22271.0,20860.0,20756.0,1,0.020573854446411133,1
20544.0,21053.0,22211.0,1,0.02058577537536621,1
20658.0,22353.0,21918.0,1,0.020599842071533203,1
22103.0,21621.0,20900.0,4,0.05532979965209961,3
21855.0,21863.0,21540.0,16,0.1567859649658203,8
21461.0,20152.0,23665.0,20,0.1873610019683838,9
