z1,z2,z3,node,time,depth
-8579.0,-9060.0,-7887.0,3,0.001971006393432617,2
-8819.0,-8706.0,-7688.0,11,0.006006002426147461,4
-8314.0,-9141.0,-7819.0,16,0.008135080337524414,5
