z1,z2,z3,node,time,depth
-76.0,-88.0,-79.0,1,0.003373861312866211,1
-75.0,-80.0,-80.0,340,0.2961709499359131,5
-78.0,-73.0,-75.0,408,0.3517458438873291,18
-66.0,-85.0,-82.0,783,0.6781108379364014,6
-64.0,-92.0,-67.0,817,0.7041518688201904,18
-58.0,-92.0,-71.0,869,0.7499740123748779,16
-76.0,-66.0,-80.0,996,0.8685088157653809,18
-79.0,-80.0,-68.0,1417,1.253532886505127,17
-81.0,-67.0,-69.0,1490,1.3038809299468994,15
-79.0,-74.0,-74.0,1495,1.3077340126037598,17
-77.0,-74.0,-79.0,1511,1.3215398788452148,17
-75.0,-72.0,-81.0,1607,1.41597580909729,13
-68.0,-73.0,-87.0,1859,1.64998197555542,7
-66.0,-74.0,-87.0,1894,1.6799519062042236,8
-62.0,-82.0,-83.0,1912,1.6949028968811035,18
-69.0,-59.0,-87.0,2046,1.8077290058135986,16
-71.0,-67.0,-82.0,2204,1.9500508308410645,5
-56.0,-86.0,-82.0,2204,1.9500539302825928,5
-55.0,-62.0,-91.0,2206,1.953657865524292,7
-66.0,-72.0,-88.0,2253,1.993168830871582,17
-63.0,-71.0,-89.0,2283,2.017469882965088,17
-64.0,-80.0,-88.0,2333,2.05940580368042,17
-67.0,-65.0,-88.0,2398,2.1173248291015625,16
-58.0,-55.0,-90.0,2447,2.151956796646118,16
-57.0,-69.0,-90.0,2524,2.2142508029937744,16
-58.0,-78.0,-89.0,2549,2.236802816390991,13
-78.0,-75.0,-74.0,2695,2.372677803039551,17
-70.0,-67.0,-86.0,2731,2.4013679027557373,15
-69.0,-82.0,-81.0,2768,2.438586950302124,12
-72.0,-75.0,-81.0,2796,2.467787981033325,9
-69.0,-81.0,-86.0,2817,2.489698886871338,4
-63.0,-86.0,-80.0,2877,2.5564539432525635,15
