z1,z2,z3,node,time,depth
-32.0,-29.0,-33.0,1,0.001965045928955078,1
-27.0,-34.0,-25.0,2,0.003376007080078125,2
-33.0,-28.0,-32.0,16,0.017400026321411133,5
-26.0,-33.0,-26.0,32,0.029170989990234375,6
-20.0,-35.0,-17.0,47,0.03772401809692383,6
-34.0,-21.0,-31.0,64,0.046087026596069336,7
-12.0,-39.0,-10.0,134,0.07726788520812988,8
-37.0,-17.0,-38.0,154,0.08461809158325195,9
-36.0,-19.0,-36.0,160,0.08678293228149414,9
-38.0,-18.0,-37.0,164,0.08861207962036133,9
-40.0,-16.0,-37.0,198,0.10022091865539551,11
