z1,z2,z3,node,time,depth
21485.0,19520.0,20066.0,1,0.019304990768432617,1
18548.0,19728.0,22219.0,1,0.019316911697387695,1
20322.0,20578.0,19693.0,1,0.01932692527770996,1
20350.0,19499.0,20207.0,1,0.019340038299560547,1
20566.0,18890.0,20397.0,1,0.019366979598999023,1
20073.0,19320.0,20796.0,9,0.1670839786529541,4
19817.0,20449.0,21048.0,9,0.16709399223327637,4
19943.0,19998.0,21110.0,11,0.1852128505706787,5
20147.0,20039.0,20618.0,15,0.22021985054016113,7
20783.0,19877.0,20135.0,21,0.34018802642822266,9
