z1,z2,z3,node,time,depth
-52.0,-58.0,-55.0,1,0.004744052886962891,1
-67.0,-44.0,-44.0,1,0.004776954650878906,1
-55.0,-52.0,-55.0,1,0.00481104850769043,1
-62.0,-51.0,-47.0,3,0.013972043991088867,2
-66.0,-49.0,-45.0,4,0.01727604866027832,3
-64.0,-55.0,-44.0,4,0.01727890968322754,3
-63.0,-55.0,-45.0,9,0.03366994857788086,4
-58.0,-52.0,-51.0,14,0.048831939697265625,4
-53.0,-58.0,-54.0,15,0.05129194259643555,4
-52.0,-47.0,-56.0,68,0.15047001838684082,6
-59.0,-61.0,-43.0,183,0.26682186126708984,8
-65.0,-51.0,-40.0,366,0.40045785903930664,9
-67.0,-45.0,-41.0,578,0.5326359272003174,10
-69.0,-36.0,-37.0,785,0.6380579471588135,11
-58.0,-59.0,-49.0,960,0.7280619144439697,12
-61.0,-53.0,-49.0,968,0.7317159175872803,12
-49.0,-61.0,-51.0,1028,0.7598438262939453,12
-54.0,-54.0,-50.0,1050,0.7709629535675049,12
-68.0,-37.0,-35.0,1082,0.7845768928527832,13
-54.0,-61.0,-48.0,1090,0.7878539562225342,13
-58.0,-48.0,-52.0,1096,0.7905230522155762,13
-59.0,-59.0,-48.0,1114,0.7988860607147217,14
