z1,z2,z3,node,time,depth
-14369.0,-12534.0,-12832.0,1,0.002866983413696289,1
-12994.0,-10377.0,-13019.0,234,0.14087700843811035,13
-14764.0,-12617.0,-12469.0,483,0.28153204917907715,2
-12206.0,-12796.0,-10279.0,554,0.3201150894165039,11
-14085.0,-12044.0,-12873.0,572,0.3311440944671631,7
-12068.0,-10590.0,-12918.0,729,0.4293191432952881,14
-12398.0,-12742.0,-11448.0,1003,0.5884740352630615,13
