z1,z2,z3,node,time,depth
-47.0,-38.0,-35.0,1,0.003345966339111328,1
-35.0,-27.0,-40.0,3,0.009408950805664062,2
-45.0,-46.0,-33.0,4,0.012902975082397461,3
-44.0,-47.0,-28.0,5,0.015785932540893555,3
-34.0,-30.0,-39.0,5,0.015811920166015625,3
-46.0,-41.0,-34.0,9,0.027667999267578125,4
-44.0,-39.0,-36.0,25,0.06647515296936035,5
-39.0,-47.0,-33.0,40,0.09247112274169922,6
-31.0,-52.0,-23.0,42,0.0966501235961914,6
-39.0,-50.0,-20.0,87,0.1519911289215088,7
-40.0,-48.0,-21.0,87,0.15199708938598633,7
-42.0,-42.0,-36.0,126,0.18544697761535645,8
-46.0,-43.0,-33.0,148,0.20386195182800293,8
-33.0,-33.0,-38.0,152,0.20937013626098633,8
-32.0,-48.0,-29.0,157,0.2143700122833252,8
-44.0,-42.0,-35.0,175,0.22786593437194824,8
-43.0,-44.0,-34.0,242,0.271942138671875,9
-37.0,-48.0,-25.0,267,0.29012513160705566,9
-47.0,-40.0,-34.0,288,0.30219006538391113,9
-37.0,-31.0,-37.0,324,0.32182908058166504,10
-37.0,-28.0,-38.0,330,0.325437068939209,10
-38.0,-28.0,-37.0,338,0.32984495162963867,10
-42.0,-47.0,-31.0,350,0.3351171016693115,10
-41.0,-47.0,-32.0,351,0.33565711975097656,10
-33.0,-34.0,-37.0,450,0.39287900924682617,11
-39.0,-48.0,-22.0,466,0.4005711078643799,11
-29.0,-36.0,-37.0,480,0.4081900119781494,11
-35.0,-32.0,-37.0,484,0.41025495529174805,11
-33.0,-48.0,-28.0,528,0.4296700954437256,12
-38.0,-48.0,-23.0,536,0.4330930709838867,12
-36.0,-48.0,-26.0,538,0.4338951110839844,12
-36.0,-50.0,-24.0,541,0.4356551170349121,12
-34.0,-32.0,-38.0,546,0.43827104568481445,12
-39.0,-27.0,-37.0,554,0.44187498092651367,12
-36.0,-27.0,-39.0,556,0.44266605377197266,12
-36.0,-29.0,-38.0,558,0.44345593452453613,12
-32.0,-51.0,-23.0,562,0.44527506828308105,12
-35.0,-30.0,-38.0,574,0.45119500160217285,13
-34.0,-52.0,-21.0,586,0.4563720226287842,14
-33.0,-49.0,-27.0,598,0.4609990119934082,16
