z1,z2,z3,node,time,depth
-61.0,-38.0,-27.0,1,0.003906965255737305,1
-47.0,-49.0,-55.0,1,0.003911018371582031,1
-59.0,-44.0,-33.0,1,0.00391387939453125,1
-46.0,-59.0,-50.0,1,0.0039179325103759766,1
-47.0,-53.0,-53.0,1,0.003921031951904297,1
-55.0,-50.0,-41.0,1,0.0039250850677490234,1
-56.0,-44.0,-44.0,1,0.003927946090698242,1
-53.0,-37.0,-50.0,1,0.003931999206542969,1
-61.0,-37.0,-40.0,1,0.003935098648071289,1
-53.0,-43.0,-49.0,1,0.003938913345336914,1
-41.0,-49.0,-58.0,1,0.003942012786865234,1
-40.0,-61.0,-54.0,1,0.003946065902709961,1
-35.0,-56.0,-60.0,1,0.003949880599975586,1
-45.0,-53.0,-56.0,1,0.003952980041503906,1
-53.0,-44.0,-45.0,19,0.027484893798828125,4
-55.0,-43.0,-46.0,44,0.05472993850708008,3
-57.0,-42.0,-37.0,44,0.0547480583190918,3
-54.0,-36.0,-48.0,91,0.10657405853271484,6
-52.0,-46.0,-49.0,93,0.1109318733215332,2
-50.0,-50.0,-50.0,93,0.11093592643737793,2
-48.0,-48.0,-54.0,93,0.1109459400177002,2
-41.0,-55.0,-57.0,94,0.11524200439453125,3
-50.0,-53.0,-42.0,94,0.11526298522949219,3
-51.0,-48.0,-46.0,95,0.11873507499694824,4
-44.0,-54.0,-52.0,109,0.1335909366607666,7
-51.0,-47.0,-50.0,140,0.16692209243774414,5
-46.0,-52.0,-55.0,150,0.17593598365783691,5
-42.0,-57.0,-53.0,161,0.18742704391479492,3
-32.0,-58.0,-56.0,161,0.18742990493774414,3
-48.0,-55.0,-49.0,161,0.18744802474975586,3
-51.0,-53.0,-37.0,161,0.18745207786560059,3
-50.0,-51.0,-44.0,201,0.23840093612670898,4
-49.0,-47.0,-52.0,202,0.24320602416992188,5
-36.0,-52.0,-58.0,220,0.26532697677612305,8
