z1,z2,z3,node,time,depth
-20.0,-41.0,-25.0,93,0.04000592231750488,10
-21.0,-56.0,-14.0,179,0.07861089706420898,7
-19.0,-58.0,-17.0,180,0.07895207405090332,6
-18.0,-58.0,-18.0,181,0.07979702949523926,2
-20.0,-56.0,-15.0,182,0.08125805854797363,3
-19.0,-41.0,-26.0,210,0.09522700309753418,9
-25.0,-48.0,-21.0,256,0.11911296844482422,6
-23.0,-50.0,-24.0,257,0.12252998352050781,5
