z1,z2,z3,node,time,depth
-87.0,-56.0,-89.0,1,0.002318143844604492,1
-93.0,-30.0,-92.0,1,0.0023250579833984375,1
-92.0,-29.0,-94.0,4,0.010151147842407227,3
-90.0,-43.0,-89.0,5,0.013132095336914062,3
-78.0,-57.0,-80.0,97,0.12439703941345215,7
-79.0,-58.0,-78.0,131,0.15208697319030762,7
-90.0,-41.0,-92.0,256,0.23444700241088867,9
-84.0,-53.0,-90.0,270,0.24247407913208008,9
-88.0,-43.0,-93.0,702,0.503615140914917,14
-71.0,-61.0,-74.0,742,0.5266060829162598,15
-88.0,-45.0,-90.0,754,0.5341520309448242,15
-72.0,-59.0,-74.0,780,0.5478191375732422,17
