z1,z2,z3,node,time,depth
7612.0,5864.0,9472.0,1,0.03719282150268555,1
7978.0,6466.0,8011.0,1,0.037200927734375,1
7494.0,8161.0,7177.0,1,0.03720879554748535,1
10041.0,9924.0,6784.0,1,0.037216901779174805,1
6162.0,8570.0,7317.0,1,0.037239789962768555,1
9184.0,11368.0,6881.0,2,0.055809974670410156,2
6771.0,8510.0,11367.0,63,0.3083338737487793,5
6893.0,8548.0,11181.0,83,0.40924596786499023,6
9412.0,10911.0,7033.0,197,1.0858678817749023,4
8365.0,11514.0,7115.0,197,1.0859289169311523,4
6905.0,8100.0,7457.0,245,1.426698923110962,2
6150.0,10400.0,10807.0,245,1.4267199039459229,2
7255.0,6659.0,8775.0,245,1.4268109798431396,2
9068.0,11308.0,6969.0,246,1.4798588752746582,3
9296.0,10851.0,7121.0,249,1.5020129680633545,5
6655.0,8450.0,11455.0,288,1.7271850109100342,5
7805.0,6737.0,8080.0,348,2.1546568870544434,4
9856.0,9485.0,7063.0,426,2.6555979251861572,5
8523.0,11118.0,7170.0,456,2.8417398929595947,7
6979.0,7806.0,9213.0,589,3.614954948425293,8
