z1,z2,z3,node,time,depth
65.0,79.0,44.0,1,0.03749799728393555,1
60.0,58.0,65.0,1,0.03750801086425781,1
53.0,70.0,56.0,1,0.03751802444458008,1
45.0,77.0,58.0,1,0.03752899169921875,1
88.0,52.0,53.0,1,0.03755903244018555,1
70.0,54.0,54.0,1,0.037631988525390625,1
92.0,78.0,52.0,2,0.0764150619506836,2
52.0,74.0,57.0,44,0.5493779182434082,6
102.0,74.0,51.0,81,1.0631990432739258,13
96.0,75.0,52.0,81,1.0632500648498535,13
