z1,z2,z3,node,time,depth
12115.0,3511.0,12154.0,1,0.11239314079284668,1
6771.0,5836.0,6847.0,1,0.11240410804748535,1
8605.0,4515.0,8399.0,1,0.11241507530212402,1
7367.0,6255.0,6266.0,1,0.11249208450317383,1
4917.0,7708.0,5466.0,1,0.1125030517578125,1
6133.0,7321.0,5655.0,1,0.11251401901245117,1
10840.0,4333.0,11558.0,2,0.1487879753112793,2
10777.0,4380.0,10744.0,2,0.14879608154296875,2
10724.0,4390.0,10692.0,2,0.1488051414489746,2
10844.0,4428.0,10675.0,56,1.304203987121582,10
6507.0,6672.0,6629.0,74,1.665743112564087,3
11277.0,4094.0,11393.0,274,5.819147109985352,4
11258.0,4311.0,11538.0,299,6.267317056655884,11
11110.0,4292.0,11576.0,307,6.367090940475464,11
11948.0,3709.0,12337.0,311,6.398010015487671,12
11565.0,3920.0,11256.0,337,7.025912046432495,3
5345.0,10587.0,5177.0,337,7.025990009307861,3
5254.0,10361.0,5193.0,337,7.026005983352661,3
5068.0,10365.0,5390.0,341,7.110018968582153,7
5412.0,10117.0,5350.0,356,7.285593032836914,7
5331.0,10160.0,5342.0,356,7.2856340408325195,7
5159.0,10591.0,5374.0,377,7.580392122268677,6
5503.0,10343.0,5334.0,377,7.580444097518921,6
5556.0,10185.0,5243.0,407,8.069348096847534,4
5633.0,9984.0,5392.0,409,8.12589716911316,6
5714.0,9941.0,5400.0,409,8.125919103622437,6
6390.0,7162.0,6194.0,463,9.17110300064087,5
7254.0,6263.0,6792.0,483,9.656078100204468,7
11634.0,3966.0,11089.0,633,13.24743914604187,16
11408.0,4077.0,11295.0,637,13.40498399734497,18
11477.0,4123.0,11128.0,645,13.78956413269043,23
11597.0,4028.0,11240.0,646,13.846862077713013,24
11440.0,4185.0,11279.0,651,13.937036037445068,27
11528.0,3982.0,11407.0,729,16.247458934783936,27
8333.0,5058.0,8372.0,785,17.87135410308838,13
