z1,z2,z3,node,time,depth
-13922.0,-15162.0,-12030.0,1,0.0007040500640869141,1
-13670.0,-14791.0,-12064.0,7,0.0038831233978271484,7
-14299.0,-14778.0,-11850.0,64,0.026851177215576172,8
-13578.0,-14453.0,-12640.0,66,0.02806711196899414,3
-13696.0,-14395.0,-12397.0,110,0.0471949577331543,4
-14073.0,-14011.0,-12217.0,131,0.0558171272277832,9
-14070.0,-14344.0,-11966.0,134,0.057264089584350586,5
