z1,z2,z3,node,time,depth
64.0,87.0,59.0,1,0.14231109619140625,1
74.0,86.0,54.0,1,0.14243793487548828,1
57.0,82.0,76.0,1,0.14246797561645508,1
59.0,76.0,71.0,1,0.14251399040222168,1
79.0,54.0,71.0,1,0.14271211624145508,1
79.0,68.0,60.0,1,0.14284706115722656,1
72.0,72.0,93.0,111,3.831460952758789,4
74.0,72.0,91.0,111,3.8315670490264893,4
73.0,71.0,95.0,169,5.673102140426636,11
74.0,70.0,93.0,185,5.977867126464844,6
75.0,69.0,95.0,201,6.315433025360107,13
62.0,73.0,84.0,211,6.82973313331604,2
106.0,103.0,51.0,212,6.891798973083496,3
89.0,68.0,59.0,212,6.891912937164307,3
111.0,95.0,53.0,227,7.405055046081543,8
105.0,101.0,52.0,227,7.405179977416992,8
108.0,99.0,53.0,271,9.043651103973389,5
87.0,72.0,57.0,393,16.028895139694214,4
100.0,108.0,52.0,418,17.329555988311768,6
96.0,120.0,53.0,418,17.32956600189209,6
99.0,106.0,53.0,426,17.65687394142151,12
76.0,64.0,71.0,466,20.19222092628479,8
113.0,85.0,56.0,491,21.37399196624756,8
72.0,69.0,114.0,492,21.420639991760254,9
73.0,69.0,112.0,492,21.420653104782104,9
75.0,68.0,104.0,604,28.79940700531006,18
72.0,70.0,106.0,604,28.799417972564697,18
71.0,71.0,105.0,604,28.79942798614502,18
74.0,69.0,103.0,604,28.799437999725342,18
