z1,z2,z3,node,time,depth
-20208.0,-18840.0,-20990.0,1,0.0008039474487304688,1
-19891.0,-18593.0,-21501.0,1,0.0008080005645751953,1
