z1,z2,z3,node,time,depth
-7990.0,-9378.0,-7888.0,66,0.02307605743408203,8
-7696.0,-9566.0,-7761.0,73,0.025744915008544922,7
-8269.0,-9059.0,-7819.0,106,0.037928104400634766,8
-7642.0,-9367.0,-7970.0,124,0.044413089752197266,4
-7936.0,-9179.0,-8097.0,124,0.04441404342651367,4
-8164.0,-9044.0,-7908.0,140,0.05047106742858887,5
-8025.0,-8978.0,-8303.0,143,0.051629066467285156,5
