z1,z2,z3,node,time,depth
-1450.0,-3181.0,-3358.0,1,0.0024101734161376953,1
-1751.0,-2657.0,-3550.0,1,0.0024230480194091797,1
-1645.0,-1911.0,-4235.0,1,0.002432107925415039,1
-1488.0,-2358.0,-3922.0,16,0.02483820915222168,5
-1771.0,-2547.0,-3489.0,32,0.04116702079772949,6
-1827.0,-1056.0,-3345.0,106,0.0926811695098877,7
-1787.0,-1881.0,-2779.0,116,0.09834003448486328,8
-1953.0,-1692.0,-2599.0,118,0.09928011894226074,8
-1824.0,-1768.0,-2752.0,202,0.1437821388244629,9
-790.0,-2151.0,-3976.0,218,0.15118408203125,9
-1331.0,-1055.0,-4304.0,224,0.15411114692687988,9
-1053.0,-2450.0,-3604.0,228,0.15569519996643066,9
-1825.0,-1058.0,-3343.0,284,0.1785881519317627,11
