z1,z2,z3,node,time,depth
-9166.0,-10157.0,-9214.0,1,0.0008020401000976562,1
-9901.0,-9451.0,-8993.0,2,0.001455068588256836,2
-9797.0,-9560.0,-9373.0,38,0.017872095108032227,3
-9885.0,-9259.0,-9344.0,76,0.03506302833557129,6
