z1,z2,z3,node,time,depth
-12423.0,-13069.0,-13152.0,1,0.0010409355163574219,1
-13824.0,-12387.0,-11911.0,5,0.004515886306762695,3
-13217.0,-12344.0,-12864.0,7,0.0066640377044677734,3
-13095.0,-12904.0,-12363.0,9,0.008065938949584961,4
-12769.0,-13313.0,-12209.0,35,0.03259110450744629,6
-12744.0,-13328.0,-12046.0,35,0.0325930118560791,6
-13073.0,-12904.0,-12365.0,56,0.051203012466430664,7
-13117.0,-13189.0,-12162.0,57,0.0517270565032959,7
-13018.0,-12712.0,-12798.0,61,0.054641008377075195,7
-13690.0,-12547.0,-12009.0,65,0.05865287780761719,7
-13015.0,-13004.0,-12708.0,96,0.0844581127166748,8
-13069.0,-12935.0,-12341.0,100,0.08761000633239746,8
-12808.0,-13161.0,-12510.0,105,0.09183287620544434,8
-12478.0,-12645.0,-12865.0,105,0.09183597564697266,8
-13687.0,-12839.0,-11919.0,106,0.09232902526855469,8
-13203.0,-12775.0,-12243.0,118,0.10243511199951172,8
-13210.0,-12667.0,-12750.0,130,0.1150350570678711,8
-13022.0,-12681.0,-12822.0,138,0.12135004997253418,9
-12477.0,-13000.0,-12785.0,144,0.12621688842773438,9
-13694.0,-12516.0,-12033.0,150,0.1306309700012207,9
