z1,z2,z3,node,time,depth
-20154.0,-17297.0,-18110.0,1,0.0025119781494140625,1
-19385.0,-17353.0,-18383.0,1,0.002552032470703125,1
-20156.0,-17332.0,-18049.0,2,0.004797935485839844,2
-19387.0,-17388.0,-18322.0,4,0.008992910385131836,3
-19925.0,-17581.0,-17755.0,308,0.22446703910827637,9
-19679.0,-17588.0,-17794.0,330,0.23803997039794922,10
-19677.0,-17553.0,-17855.0,370,0.2598538398742676,10
