z1,z2,z3,node,time,depth
17724.0,19790.0,17137.0,1,0.028784990310668945,1
19324.0,17576.0,19367.0,1,0.02879500389099121,1
18337.0,18251.0,19057.0,1,0.028815031051635742,1
18726.0,18074.0,18753.0,1,0.028825998306274414,1
18749.0,18160.0,18472.0,1,0.02883601188659668,1
17211.0,20098.0,17695.0,1,0.02884697914123535,1
17164.0,20189.0,16823.0,1,0.028868913650512695,1
17495.0,20093.0,16942.0,3,0.06301403045654297,2
18241.0,19174.0,18386.0,15,0.1661999225616455,6
