z1,z2,z3,node,time,depth
107.0,56.0,106.0,1,0.11472296714782715,1
74.0,83.0,75.0,1,0.11473298072814941,1
137.0,49.0,138.0,1,0.11474394798278809,1
64.0,99.0,72.0,1,0.11476492881774902,1
64.0,102.0,63.0,1,0.11485099792480469,1
67.0,95.0,66.0,1,0.11508393287658691,1
57.0,135.0,58.0,2,0.15246796607971191,2
56.0,135.0,59.0,2,0.15247893333435059,2
55.0,138.0,61.0,2,0.15249991416931152,2
62.0,130.0,59.0,87,2.0496609210968018,6
62.0,126.0,64.0,88,2.0636539459228516,7
62.0,129.0,60.0,125,2.618370771408081,7
61.0,127.0,64.0,222,4.1150829792022705,6
60.0,127.0,65.0,263,4.9633238315582275,5
61.0,126.0,65.0,263,4.963343858718872,5
59.0,130.0,67.0,267,5.102437973022461,8
60.0,128.0,64.0,304,5.784640789031982,4
61.0,128.0,63.0,304,5.784703969955444,4
59.0,131.0,66.0,403,7.94977593421936,7
63.0,123.0,72.0,404,7.983231782913208,8
65.0,157.0,55.0,423,8.555408954620361,2
53.0,133.0,66.0,424,8.573368787765503,3
53.0,136.0,65.0,424,8.57337999343872,3
55.0,133.0,65.0,426,8.638216972351074,5
59.0,127.0,72.0,428,8.696447849273682,7
60.0,125.0,72.0,463,9.32734990119934,5
62.0,125.0,71.0,514,10.335144996643066,9
61.0,138.0,56.0,528,10.954314947128296,4
64.0,136.0,56.0,528,10.954324960708618,4
54.0,136.0,64.0,529,11.003174781799316,5
60.0,133.0,61.0,529,11.00322699546814,5
57.0,134.0,64.0,531,11.084857940673828,7
63.0,121.0,74.0,635,13.268683910369873,11
61.0,123.0,74.0,687,14.249352931976318,12
62.0,122.0,76.0,693,14.36378288269043,15
63.0,122.0,73.0,750,15.833669900894165,6
64.0,123.0,60.0,774,16.72630000114441,5
74.0,121.0,62.0,1026,23.87768578529358,7
73.0,122.0,62.0,1027,23.905695915222168,8
106.0,76.0,110.0,1177,27.381507873535156,10
132.0,50.0,132.0,1250,29.810383796691895,11
128.0,55.0,127.0,1272,30.195194959640503,15
105.0,75.0,113.0,1295,30.641310930252075,18
112.0,76.0,104.0,1414,34.03125500679016,12
109.0,76.0,105.0,1581,37.62353491783142,15
134.0,52.0,130.0,1632,39.52407884597778,16
96.0,77.0,93.0,1671,41.01827383041382,16
114.0,75.0,105.0,1752,42.878140926361084,27
