z1,z2,z3,node,time,depth
78.0,52.0,69.0,1,0.008041143417358398,1
73.0,59.0,54.0,1,0.008047103881835938,1
67.0,64.0,67.0,1,0.00805211067199707,1
62.0,71.0,68.0,1,0.008057117462158203,1
63.0,73.0,59.0,1,0.008063077926635742,1
72.0,60.0,70.0,8,0.04741716384887695,4
