z1,z2,z3,node,time,depth
-4261.0,-2439.0,-4020.0,1,0.0037848949432373047,1
-3575.0,-2358.0,-4330.0,1,0.003793001174926758,1
-4389.0,-2237.0,-3930.0,1,0.0038299560546875,1
-3073.0,-3049.0,-4019.0,2,0.007828950881958008,2
-2841.0,-2736.0,-4234.0,2,0.00783395767211914,2
-3527.0,-2817.0,-3924.0,2,0.00785207748413086,2
-3746.0,-2951.0,-3554.0,4,0.014007091522216797,4
-3263.0,-3135.0,-2834.0,376,0.39065098762512207,13
-3414.0,-3138.0,-2578.0,472,0.4902510643005371,9
-3034.0,-3146.0,-2918.0,501,0.5135509967803955,14
-3608.0,-3113.0,-3535.0,505,0.5151820182800293,9
-2539.0,-3454.0,-2769.0,750,0.7600479125976562,10
-1406.0,-3320.0,-3652.0,821,0.8218169212341309,14
-2159.0,-3462.0,-3109.0,827,0.8264720439910889,12
-2170.0,-3607.0,-3009.0,829,0.830003023147583,10
-2884.0,-3432.0,-3470.0,1112,1.1225810050964355,5
-2892.0,-3314.0,-3598.0,1113,1.1255640983581543,6
-3456.0,-3040.0,-3672.0,1284,1.2947828769683838,10
-2952.0,-3203.0,-3731.0,1285,1.2951738834381104,9
-3326.0,-3123.0,-3859.0,1288,1.3031270503997803,3
-3845.0,-2684.0,-3067.0,1450,1.487205982208252,13
-1492.0,-2914.0,-4072.0,1601,1.6405529975891113,16
-2822.0,-3286.0,-3918.0,1618,1.6591010093688965,10
-2110.0,-3481.0,-3282.0,1711,1.761565923690796,16
-2490.0,-3473.0,-2942.0,1714,1.7629129886627197,13
-2067.0,-2528.0,-4265.0,1724,1.7730739116668701,5
-2973.0,-3289.0,-3662.0,1771,1.8404309749603271,3
-3618.0,-3054.0,-3566.0,1772,1.8443989753723145,4
-3466.0,-2981.0,-3703.0,1988,2.084101915359497,10
-2962.0,-3144.0,-3762.0,2040,2.1409459114074707,8
-3996.0,-2687.0,-2811.0,2100,2.2082290649414062,13
-3626.0,-2936.0,-3694.0,2165,2.2793450355529785,5
-3612.0,-2701.0,-3850.0,2278,2.377645969390869,7
-3474.0,-2863.0,-3831.0,2301,2.3957340717315674,9
-3807.0,-2671.0,-4115.0,2321,2.4091498851776123,8
-4190.0,-2662.0,-3768.0,2336,2.4188220500946045,10
-3686.0,-2825.0,-3827.0,2337,2.419311046600342,9
-3534.0,-2752.0,-3964.0,2338,2.4197189807891846,8
-4328.0,-2500.0,-3787.0,2339,2.420135021209717,7
