z1,z2,z3,node,time,depth
-17503.0,-18369.0,-21130.0,1,0.0018038749694824219,1
-18813.0,-18166.0,-20306.0,1,0.0018198490142822266,1
-18052.0,-18384.0,-20940.0,2,0.002871990203857422,2
-18756.0,-17332.0,-20860.0,3,0.004124879837036133,3
-18367.0,-17559.0,-20954.0,123,0.10434389114379883,4
-18612.0,-18209.0,-20314.0,219,0.18283700942993164,11
-18604.0,-17733.0,-20895.0,232,0.19214987754821777,10
-18653.0,-17924.0,-20402.0,233,0.19321489334106445,2
-17892.0,-18142.0,-21036.0,234,0.19417786598205566,3
-18207.0,-17317.0,-21050.0,235,0.19533801078796387,4
-18452.0,-17967.0,-20410.0,295,0.24451994895935059,11
-18444.0,-17491.0,-20991.0,306,0.25185298919677734,10
-18264.0,-18151.0,-20496.0,401,0.3226289749145508,9
-18063.0,-18194.0,-20504.0,409,0.32879090309143066,11
-18300.0,-18368.0,-20445.0,412,0.33057403564453125,10
-18055.0,-17718.0,-21085.0,417,0.33392786979675293,9
