z1,z2,z3,node,time,depth
16819.0,19586.0,17647.0,1,0.010411977767944336,1
21131.0,15478.0,21711.0,1,0.010419130325317383,1
19924.0,16563.0,20307.0,1,0.010426998138427734,1
19091.0,18573.0,17459.0,1,0.010435104370117188,1
17377.0,19370.0,17783.0,5,0.06346416473388672,2
18984.0,18059.0,18562.0,21,0.26271700859069824,4
20543.0,17117.0,19941.0,21,0.2627241611480713,4
17722.0,19064.0,17991.0,21,0.2627391815185547,4
19156.0,17993.0,18677.0,22,0.2672910690307617,5
