z1,z2,z3,node,time,depth
-17.0,-28.0,-34.0,7,0.011364936828613281,3
-16.0,-30.0,-29.0,11,0.01682901382446289,4
-20.0,-25.0,-30.0,31,0.04320883750915527,5
-24.0,-22.0,-26.0,68,0.07710790634155273,7
-18.0,-24.0,-32.0,98,0.09529900550842285,7
-20.0,-28.0,-27.0,122,0.11016297340393066,8
-12.0,-33.0,-28.0,124,0.11125802993774414,8
-23.0,-24.0,-24.0,134,0.11600494384765625,8
-13.0,-32.0,-28.0,142,0.11924195289611816,8
-21.0,-26.0,-26.0,146,0.1210939884185791,8
-14.0,-30.0,-33.0,156,0.12596893310546875,8
-22.0,-24.0,-31.0,172,0.1315770149230957,8
-23.0,-25.0,-23.0,184,0.13825583457946777,9
-26.0,-21.0,-20.0,198,0.1432938575744629,9
-24.0,-23.0,-22.0,204,0.14648890495300293,9
-25.0,-21.0,-27.0,216,0.15096092224121094,9
-24.0,-19.0,-29.0,218,0.15202689170837402,9
-21.0,-23.0,-32.0,224,0.15474891662597656,9
-19.0,-26.0,-29.0,226,0.155897855758667,10
-11.0,-31.0,-30.0,230,0.1574549674987793,10
-13.0,-28.0,-35.0,248,0.16311383247375488,10
-21.0,-22.0,-33.0,250,0.16406989097595215,10
-27.0,-16.0,-25.0,252,0.16502785682678223,10
-24.0,-20.0,-28.0,258,0.16708898544311523,10
-26.0,-17.0,-24.0,262,0.16866588592529297,11
-25.0,-17.0,-31.0,268,0.17046403884887695,11
-20.0,-21.0,-34.0,272,0.17171788215637207,11
