z1,z2,z3,node,time,depth
-9353.0,-8955.0,-8938.0,1,0.0008537769317626953,1
-9508.0,-9127.0,-8913.0,1,0.0008549690246582031,1
-9907.0,-8586.0,-8280.0,20,0.010756969451904297,5
