z1,z2,z3,node,time,depth
-44.0,-54.0,-57.0,1,0.0021669864654541016,1
-46.0,-55.0,-53.0,246,0.12924695014953613,14
-46.0,-57.0,-52.0,476,0.25161290168762207,14
-52.0,-60.0,-51.0,517,0.27224183082580566,10
-52.0,-64.0,-45.0,624,0.3214738368988037,11
-49.0,-47.0,-55.0,737,0.3893699645996094,7
-48.0,-53.0,-55.0,753,0.3977658748626709,10
-54.0,-53.0,-52.0,834,0.43866896629333496,11
-48.0,-46.0,-57.0,921,0.4893360137939453,12
-53.0,-52.0,-54.0,952,0.5076038837432861,11
-56.0,-59.0,-47.0,999,0.5355188846588135,5
-57.0,-52.0,-45.0,1014,0.5463030338287354,8
-54.0,-55.0,-51.0,1037,0.558629035949707,6
-53.0,-54.0,-53.0,1058,0.5693268775939941,11
-55.0,-60.0,-49.0,1085,0.5824658870697021,10
-57.0,-62.0,-41.0,1133,0.6107399463653564,12
-56.0,-63.0,-43.0,1156,0.6237690448760986,9
-54.0,-62.0,-47.0,1184,0.6393728256225586,9
