z1,z2,z3,node,time,depth
63.0,53.0,40.0,1,0.010425090789794922,1
51.0,57.0,50.0,1,0.010431051254272461,1
45.0,70.0,51.0,1,0.010435104370117188,1
48.0,62.0,52.0,1,0.01044011116027832,1
52.0,51.0,55.0,1,0.01044607162475586,1
61.0,53.0,43.0,11,0.08605098724365234,2
53.0,60.0,48.0,21,0.15191388130187988,5
