z1,z2,z3,node,time,depth
-10038.0,-9801.0,-9443.0,157,0.0513150691986084,4
-9656.0,-9742.0,-9646.0,165,0.054090023040771484,9
-9440.0,-9888.0,-9792.0,170,0.05573606491088867,8
-9358.0,-10137.0,-9805.0,175,0.05764412879943848,7
-9987.0,-9468.0,-10072.0,180,0.059676170349121094,6
-9413.0,-9908.0,-9820.0,190,0.0641632080078125,4
-8866.0,-10328.0,-9540.0,191,0.06464099884033203,5
-9082.0,-10182.0,-9394.0,191,0.06464219093322754,5
-8784.0,-10577.0,-9553.0,200,0.0679011344909668,6
-9471.0,-9913.0,-9710.0,203,0.0690610408782959,5
