z1,z2,z3,node,time,depth
-9798.0,-9309.0,-9713.0,2,0.0015091896057128906,2
-9915.0,-8997.0,-10011.0,2,0.0015110969543457031,2
-10001.0,-9050.0,-9800.0,6,0.003930091857910156,3
-9884.0,-9362.0,-9502.0,6,0.003931999206542969,3
-9052.0,-9548.0,-10068.0,52,0.02336597442626953,7
-9141.0,-9543.0,-10113.0,62,0.02738499641418457,7
-9138.0,-9601.0,-9857.0,64,0.02823019027709961,7
-9227.0,-9596.0,-9902.0,66,0.029281139373779297,7
-9934.0,-8763.0,-9956.0,68,0.0301821231842041,7
