z1,z2,z3,node,time,depth
14119.0,15721.0,16142.0,1,0.003648042678833008,1
15224.0,15094.0,16207.0,1,0.0036530494689941406,1
14615.0,15574.0,15044.0,1,0.0036590099334716797,1
17471.0,15417.0,15059.0,1,0.0036640167236328125,1
