z1,z2,z3,node,time,depth
-12138.0,-12839.0,-15537.0,35,0.017784833908081055,6
-12026.0,-13517.0,-15403.0,91,0.05007290840148926,7
-12709.0,-13202.0,-14542.0,107,0.057684898376464844,7
-12673.0,-13664.0,-14591.0,107,0.05768585205078125,7
-12132.0,-13088.0,-15666.0,126,0.06734490394592285,8
-12490.0,-13192.0,-15476.0,136,0.07268476486206055,8
-12018.0,-13865.0,-15437.0,153,0.08088493347167969,8
-12455.0,-13356.0,-14884.0,155,0.08179879188537598,8
-12419.0,-13818.0,-14933.0,155,0.08180093765258789,8
-12358.0,-13986.0,-15096.0,203,0.1068120002746582,8
-12447.0,-13704.0,-14918.0,211,0.11076188087463379,9
-12411.0,-14166.0,-14967.0,211,0.1107637882232666,9
-12703.0,-13451.0,-14671.0,298,0.1540849208831787,10
-12274.0,-13612.0,-15190.0,328,0.1703639030456543,11
-12667.0,-13913.0,-14720.0,366,0.18825078010559082,13
-12000.0,-13882.0,-15286.0,374,0.19135093688964844,14
