z1,z2,z3,node,time,depth
-38.0,-36.0,-32.0,13,0.008810043334960938,4
-37.0,-50.0,-34.0,16,0.010834932327270508,5
-30.0,-52.0,-37.0,32,0.02042102813720703,6
-32.0,-52.0,-32.0,33,0.020975828170776367,6
-38.0,-37.0,-29.0,60,0.03481793403625488,7
