z1,z2,z3,node,time,depth
26341.0,21959.0,26771.0,1,0.04600882530212402,1
23880.0,24477.0,23712.0,1,0.04602479934692383,1
22651.0,25699.0,22519.0,1,0.04604196548461914,1
26423.0,22704.0,26178.0,29,2.0324838161468506,3
26203.0,22996.0,26243.0,47,3.2075018882751465,5
25394.0,23639.0,25748.0,57,3.815457820892334,6
26047.0,23425.0,26297.0,57,3.8154728412628174,6
24413.0,24306.0,24862.0,80,5.210549831390381,8
