z1,z2,z3,node,time,depth
-17252.0,-18961.0,-17464.0,1,0.0019989013671875,1
-16953.0,-19258.0,-17226.0,1,0.0020020008087158203,1
-16575.0,-19420.0,-17499.0,1,0.002015829086303711,1
-17346.0,-18603.0,-16953.0,22,0.03153395652770996,5
-17423.0,-16115.0,-15856.0,711,0.4030590057373047,12
-16227.0,-19435.0,-17184.0,778,0.43654799461364746,13
-16698.0,-18824.0,-17798.0,788,0.4407029151916504,13
-17375.0,-18365.0,-17763.0,808,0.44957399368286133,13
-16997.0,-18527.0,-18036.0,1056,0.557135820388794,16
