z1,z2,z3,node,time,depth
-30.0,-35.0,-32.0,3,0.0036368370056152344,2
-14.0,-39.0,-17.0,64,0.04569292068481445,7
-36.0,-32.0,-38.0,106,0.06272602081298828,8
-20.0,-36.0,-23.0,120,0.06786990165710449,9
-40.0,-16.0,-38.0,132,0.07251405715942383,10
-39.0,-17.0,-39.0,146,0.07775187492370605,11
-39.0,-18.0,-38.0,148,0.07843589782714844,11
