z1,z2,z3,node,time,depth
-8992.0,-9868.0,-10051.0,62,0.021767139434814453,8
-9020.0,-9812.0,-10170.0,69,0.02460503578186035,7
-8944.0,-9745.0,-10303.0,100,0.03581500053405762,8
-8972.0,-9689.0,-10422.0,105,0.03785896301269531,7
-8768.0,-9651.0,-10536.0,118,0.04208707809448242,4
-8740.0,-9707.0,-10417.0,118,0.04208803176879883,4
-8742.0,-9932.0,-9927.0,126,0.045053958892822266,5
-8714.0,-9988.0,-9808.0,126,0.04505610466003418,5
-9124.0,-9773.0,-10048.0,131,0.04666709899902344,5
