z1,z2,z3,node,time,depth
-2840.0,-4406.0,-3697.0,1,0.004172086715698242,1
-3991.0,-3566.0,-3517.0,1,0.0041751861572265625,1
-2089.0,-3618.0,-4565.0,1,0.004178047180175781,1
-3183.0,-5236.0,-2868.0,1,0.0041811466217041016,1
-1773.0,-4350.0,-3868.0,1,0.00418400764465332,1
-2432.0,-4448.0,-3736.0,1,0.004187107086181641,1
-3832.0,-4556.0,-3000.0,1,0.004190206527709961,1
-3039.0,-3308.0,-4461.0,1,0.00419306755065918,1
-3489.0,-3726.0,-3829.0,1,0.0041961669921875,1
-4262.0,-3426.0,-2525.0,1,0.004199028015136719,1
-4319.0,-3332.0,-2167.0,1,0.004202127456665039,1
-2673.0,-3128.0,-4544.0,1,0.004204988479614258,1
-2636.0,-2362.0,-4596.0,1,0.004208087921142578,1
-1810.0,-2813.0,-4602.0,1,0.0042111873626708984,1
-2368.0,-3018.0,-4599.0,1,0.004214048385620117,1
-2942.0,-3577.0,-3869.0,2,0.009797096252441406,2
-4035.0,-3838.0,-2950.0,3,0.013527154922485352,3
-3963.0,-4211.0,-2828.0,54,0.06550717353820801,3
-3546.0,-3632.0,-3471.0,73,0.08604121208190918,5
-4094.0,-2751.0,-3028.0,81,0.09477400779724121,6
-3580.0,-3907.0,-3091.0,102,0.11603999137878418,4
-3076.0,-4330.0,-3449.0,103,0.1196901798248291,5
-2393.0,-4918.0,-2967.0,130,0.153853178024292,5
-3180.0,-4138.0,-3116.0,131,0.15835213661193848,6
-2422.0,-4502.0,-3082.0,144,0.17441010475158691,8
-3350.0,-4065.0,-3610.0,187,0.22490811347961426,2
-2394.0,-4584.0,-3505.0,187,0.2249281406402588,2
-3661.0,-3624.0,-3077.0,187,0.22494006156921387,2
-3820.0,-2634.0,-3594.0,187,0.2249431610107422,2
-2599.0,-4065.0,-3920.0,188,0.2363300323486328,3
-2492.0,-3159.0,-4501.0,188,0.23633909225463867,3
-2331.0,-3395.0,-4418.0,188,0.23634099960327148,3
-2628.0,-3649.0,-4035.0,190,0.2532501220703125,5
-2867.0,-3409.0,-3917.0,204,0.2731451988220215,6
-3232.0,-2443.0,-3919.0,226,0.29835009574890137,4
-3151.0,-3091.0,-4311.0,295,0.376035213470459,3
-3553.0,-3347.0,-3560.0,296,0.394848108291626,4
-2213.0,-3593.0,-4409.0,297,0.4022359848022461,5
-3016.0,-3958.0,-3715.0,309,0.4200460910797119,6
-2325.0,-3542.0,-4317.0,343,0.4654381275177002,6
-1802.0,-3934.0,-3983.0,354,0.48488521575927734,8
-2051.0,-3754.0,-4334.0,388,0.5182511806488037,6
-2740.0,-3432.0,-3885.0,400,0.5359752178192139,7
-2287.0,-3678.0,-4086.0,407,0.5491580963134766,9
-1467.0,-3816.0,-4135.0,414,0.5610511302947998,13
-3492.0,-2506.0,-3754.0,457,0.6194000244140625,5
