z1,z2,z3,node,time,depth
23398.0,22161.0,24007.0,1,0.07070112228393555,1
24731.0,23147.0,21571.0,1,0.07071614265441895,1
22016.0,22017.0,24832.0,1,0.07073092460632324,1
23176.0,23825.0,21950.0,1,0.07074499130249023,1
22701.0,22997.0,23075.0,1,0.07076001167297363,1
22136.0,24402.0,22607.0,1,0.07077407836914062,1
21798.0,23711.0,24083.0,1,0.07078909873962402,1
22854.0,24388.0,22638.0,30,0.397381067276001,5
23421.0,23746.0,21978.0,43,0.5637331008911133,6
23450.0,22726.0,23127.0,43,0.5637619495391846,6
22257.0,22629.0,24083.0,51,0.6811470985412598,7
