z1,z2,z3,node,time,depth
-1128.0,-2744.0,-2103.0,1,0.002177000045776367,1
-2332.0,-2601.0,-2172.0,1,0.002198934555053711,1
-1656.0,-2816.0,-1792.0,1,0.002201080322265625,1
-2860.0,-2673.0,-1861.0,1,0.002206087112426758,1
-2052.0,-2703.0,-1707.0,3,0.005267143249511719,3
-1524.0,-2631.0,-2018.0,16,0.017431020736694336,6
-1443.0,-2665.0,-1949.0,32,0.024676084518432617,9
-2505.0,-2297.0,-1890.0,58,0.038108110427856445,6
-1581.0,-2338.0,-2286.0,79,0.048020124435424805,5
-1977.0,-2225.0,-2201.0,80,0.04869794845581055,6
-3058.0,-1835.0,-2252.0,123,0.06853199005126953,2
-2732.0,-2044.0,-2188.0,203,0.10376501083374023,7
-2530.0,-1763.0,-2563.0,204,0.10471105575561523,4
-1669.0,-1762.0,-2681.0,238,0.12171196937561035,11
-1273.0,-1875.0,-2766.0,239,0.12205910682678223,10
-2024.0,-2138.0,-2652.0,241,0.1227409839630127,7
-2477.0,-1732.0,-2835.0,242,0.12316107749938965,6
-3227.0,-730.0,-2047.0,259,0.13449501991271973,6
-2197.0,-1834.0,-2370.0,292,0.15058302879333496,11
-2552.0,-2210.0,-2341.0,304,0.15519499778747559,6
-3005.0,-1804.0,-2524.0,305,0.15558695793151855,5
