z1,z2,z3,node,time,depth
17774.0,18652.0,18052.0,1,0.005880832672119141,1
18860.0,17520.0,18984.0,1,0.0058879852294921875,1
18674.0,17973.0,18546.0,1,0.005895853042602539,1
17959.0,18480.0,18820.0,4,0.02240300178527832,3
18578.0,18127.0,18548.0,4,0.02242588996887207,3
18419.0,18092.0,18618.0,4,0.022433996200561523,3
