z1,z2,z3,node,time,depth
26994.0,27127.0,24025.0,1,0.062184810638427734,1
26771.0,25946.0,24753.0,1,0.06219983100891113,1
25902.0,24021.0,27183.0,1,0.06221485137939453,1
24124.0,27678.0,25464.0,1,0.06222987174987793,1
24627.0,25791.0,26943.0,1,0.06224679946899414,1
25215.0,24990.0,26634.0,1,0.06226181983947754,1
26477.0,24395.0,26839.0,9,0.20154786109924316,3
26969.0,25633.0,25656.0,21,0.3661198616027832,5
25325.0,26252.0,25978.0,29,0.48258090019226074,7
26187.0,24951.0,26815.0,47,0.660740852355957,9
