z1,z2,z3,node,time,depth
-57.0,-65.0,-75.0,1,0.005293846130371094,1
-65.0,-74.0,-61.0,1,0.005301952362060547,1
-70.0,-56.0,-62.0,1,0.005324840545654297,1
-55.0,-75.0,-69.0,3,0.018836021423339844,2
-55.0,-77.0,-54.0,3,0.01888585090637207,2
-65.0,-62.0,-66.0,5,0.030931949615478516,3
-55.0,-40.0,-76.0,6,0.03683900833129883,3
-62.0,-69.0,-67.0,8,0.04730582237243652,4
-62.0,-64.0,-70.0,8,0.0473330020904541,4
-65.0,-69.0,-64.0,10,0.05919599533081055,4
-68.0,-66.0,-58.0,21,0.1068270206451416,5
-57.0,-70.0,-72.0,33,0.14293193817138672,5
-49.0,-83.0,-53.0,58,0.19799399375915527,6
-62.0,-59.0,-71.0,63,0.20919394493103027,6
-53.0,-77.0,-65.0,201,0.4356038570404053,8
-51.0,-82.0,-62.0,201,0.4356088638305664,8
-51.0,-84.0,-47.0,309,0.5597548484802246,8
-58.0,-76.0,-62.0,461,0.6898479461669922,9
-66.0,-56.0,-66.0,704,0.9053750038146973,9
-57.0,-66.0,-73.0,770,0.9554870128631592,9
-57.0,-79.0,-53.0,1065,1.1748948097229004,10
-53.0,-59.0,-76.0,1204,1.2842400074005127,10
-58.0,-73.0,-69.0,1262,1.3181419372558594,11
-63.0,-67.0,-65.0,1320,1.3680448532104492,11
-61.0,-70.0,-62.0,1322,1.368804931640625,11
-64.0,-58.0,-67.0,1572,1.5817179679870605,11
-56.0,-76.0,-66.0,1694,1.6666359901428223,12
-58.0,-66.0,-70.0,1718,1.6860158443450928,12
-60.0,-64.0,-72.0,1936,1.8249139785766602,12
-60.0,-69.0,-69.0,1938,1.825685977935791,12
-63.0,-51.0,-72.0,1957,1.8378329277038574,12
-43.0,-83.0,-54.0,2068,1.9004299640655518,13
-60.0,-73.0,-67.0,2364,2.072842836380005,14
-54.0,-78.0,-61.0,2380,2.080328941345215,14
-69.0,-62.0,-54.0,2392,2.087352991104126,14
-67.0,-67.0,-53.0,2408,2.0938198566436768,14
-67.0,-63.0,-59.0,2414,2.0964059829711914,14
-63.0,-56.0,-71.0,2498,2.1483359336853027,14
-63.0,-62.0,-68.0,2520,2.158277988433838,14
-52.0,-78.0,-63.0,2546,2.1735270023345947,15
-68.0,-61.0,-63.0,2592,2.194476842880249,15
-66.0,-68.0,-56.0,2598,2.19734787940979,15
-52.0,-80.0,-48.0,2620,2.2081518173217773,15
-65.0,-51.0,-70.0,2656,2.2262279987335205,15
-66.0,-66.0,-60.0,2664,2.2298479080200195,15
-60.0,-76.0,-60.0,2684,2.2423739433288574,16
-54.0,-80.0,-46.0,2708,2.252655029296875,16
-58.0,-74.0,-64.0,2712,2.254807949066162,16
-54.0,-79.0,-54.0,2714,2.255971908569336,16
-68.0,-56.0,-64.0,2732,2.2636399269104004,16
-66.0,-61.0,-65.0,2734,2.264425039291382,16
-60.0,-57.0,-74.0,2778,2.28604793548584,18
-45.0,-86.0,-48.0,2784,2.2882509231567383,19
