z1,z2,z3,node,time,depth
-5641.0,-8395.0,-8747.0,1,0.002157926559448242,1
-6390.0,-8712.0,-7596.0,1,0.0021820068359375,1
-6542.0,-8331.0,-7806.0,224,0.15971684455871582,16
-6357.0,-8385.0,-7747.0,407,0.2832930088043213,13
-5989.0,-8574.0,-8276.0,536,0.3653700351715088,16
-6600.0,-8358.0,-7185.0,594,0.4091789722442627,13
-6007.0,-8744.0,-6978.0,617,0.4255099296569824,7
-5328.0,-7256.0,-8849.0,801,0.5631229877471924,19
-5939.0,-7986.0,-8552.0,863,0.6061968803405762,13
-5392.0,-8068.0,-8776.0,973,0.6888480186462402,13
-6009.0,-8206.0,-8218.0,1010,0.7162258625030518,16
-6001.0,-8527.0,-8243.0,1152,0.8233869075775146,16
-5340.0,-7209.0,-8816.0,1239,0.888746976852417,19
-5951.0,-7939.0,-8519.0,1436,1.0386500358581543,12
-6369.0,-8338.0,-7714.0,1676,1.2138869762420654,10
-6565.0,-7927.0,-8608.0,1834,1.332603931427002,14
-6983.0,-8326.0,-7803.0,2031,1.4624619483947754,13
-5960.0,-8001.0,-8479.0,2148,1.5445489883422852,11
-6030.0,-8340.0,-7780.0,2180,1.5687339305877686,13
-5972.0,-8313.0,-8401.0,2322,1.676995038986206,14
-6210.0,-8149.0,-8015.0,2413,1.7430000305175781,12
-6299.0,-8118.0,-8048.0,2416,1.7469758987426758,12
