z1,z2,z3,node,time,depth
22222.0,22530.0,23534.0,1,0.030979156494140625,1
24435.0,21174.0,23776.0,1,0.030992984771728516,1
22928.0,24081.0,21973.0,1,0.031008005142211914,1
21679.0,23724.0,22638.0,1,0.031022071838378906,1
24509.0,23410.0,21713.0,1,0.031037092208862305,1
23486.0,22132.0,22986.0,1,0.031051158905029297,1
24998.0,22883.0,22865.0,3,0.11432194709777832,2
23216.0,22465.0,23448.0,11,0.2330939769744873,4
23053.0,23356.0,23100.0,31,0.4590001106262207,7
22463.0,23260.0,23213.0,33,0.4929850101470947,8
22657.0,22648.0,23323.0,40,0.5924320220947266,10
23163.0,22299.0,24232.0,40,0.5924930572509766,10
