z1,z2,z3,node,time,depth
-2003.0,-3765.0,-3219.0,62,0.02956390380859375,11
-2659.0,-3085.0,-3085.0,79,0.03741598129272461,10
-2923.0,-2915.0,-3069.0,188,0.08827400207519531,9
-4236.0,-2323.0,-2150.0,196,0.09240603446960449,9
-2449.0,-3301.0,-3068.0,201,0.09656000137329102,7
-2383.0,-3453.0,-3128.0,224,0.10539603233337402,11
-2456.0,-3054.0,-3331.0,226,0.10609197616577148,9
-3503.0,-4256.0,-3028.0,278,0.13399195671081543,3
-3679.0,-4386.0,-2641.0,279,0.1358048915863037,4
-3814.0,-4310.0,-2738.0,279,0.13580989837646484,4
-4123.0,-3063.0,-1604.0,343,0.16852092742919922,10
-3706.0,-4287.0,-2782.0,348,0.17284703254699707,6
-2548.0,-2959.0,-3118.0,368,0.18560481071472168,9
-2272.0,-3327.0,-3161.0,374,0.18871784210205078,5
-2345.0,-2928.0,-3364.0,382,0.19331693649291992,9
-3305.0,-4274.0,-2984.0,388,0.1968989372253418,5
-3685.0,-3962.0,-2893.0,395,0.20082497596740723,9
-3996.0,-4016.0,-2603.0,396,0.20115900039672852,8
-3861.0,-4092.0,-2506.0,397,0.20151591300964355,7
-3888.0,-3993.0,-2647.0,398,0.20183587074279785,6
-3239.0,-4426.0,-3044.0,399,0.20215582847595215,5
