z1,z2,z3,node,time,depth
18483.0,19866.0,20571.0,1,0.014755010604858398,1
18960.0,20747.0,18936.0,1,0.01476287841796875,1
20178.0,17813.0,19812.0,1,0.014770984649658203,1
19493.0,19681.0,19067.0,1,0.014778852462768555,1
19041.0,18955.0,19750.0,1,0.014786005020141602,1
20469.0,18280.0,19694.0,2,0.029386043548583984,2
19962.0,18779.0,19849.0,4,0.05110287666320801,3
20106.0,18487.0,20255.0,4,0.05111098289489746,3
19198.0,20408.0,19152.0,14,0.12102484703063965,8
19249.0,20279.0,19408.0,14,0.1210319995880127,8
