z1,z2,z3,node,time,depth
-18246.0,-16444.0,-16795.0,1,0.001664876937866211,1
-17951.0,-14992.0,-18411.0,1,0.0016689300537109375,1
-18334.0,-14987.0,-18291.0,1,0.0016698837280273438,1
-17629.0,-16198.0,-17673.0,3,0.005672931671142578,2
-18350.0,-15007.0,-17944.0,3,0.005675077438354492,2
-17863.0,-16449.0,-16915.0,3,0.005677938461303711,2
-17613.0,-16178.0,-18020.0,5,0.009819984436035156,3
-17847.0,-16429.0,-17262.0,5,0.009838104248046875,3
-18012.0,-16193.0,-17553.0,115,0.15464091300964355,8
-18158.0,-15809.0,-17614.0,172,0.20299601554870605,9
-17771.0,-16471.0,-17269.0,240,0.2528228759765625,10
-17759.0,-15794.0,-18081.0,254,0.2620079517364502,10
-17775.0,-15814.0,-17734.0,272,0.27465009689331055,10
-18346.0,-15664.0,-17479.0,300,0.2915990352630615,11
-17947.0,-15649.0,-17946.0,316,0.3009328842163086,11
