z1,z2,z3,node,time,depth
-34.0,-26.0,-34.0,1,0.0008609294891357422,1
-36.0,-24.0,-41.0,1,0.0008618831634521484,1
-38.0,-22.0,-37.0,28,0.01407003402709961,6
-29.0,-27.0,-35.0,32,0.015349864959716797,6
