z1,z2,z3,node,time,depth
-3595.0,-6143.0,-3498.0,1,0.0021898746490478516,1
-3345.0,-6037.0,-3660.0,2,0.004189014434814453,2
-4923.0,-4734.0,-5183.0,3,0.006788969039916992,2
-5502.0,-3964.0,-5311.0,4,0.008887052536010742,3
-4234.0,-5465.0,-4243.0,5,0.010915994644165039,3
-4215.0,-5495.0,-4326.0,6,0.013190984725952148,3
-4053.0,-5276.0,-4517.0,10,0.021571874618530273,4
-4854.0,-4817.0,-5071.0,11,0.023891925811767578,4
-4303.0,-5382.0,-4355.0,15,0.03275704383850098,4
-3414.0,-5954.0,-3772.0,28,0.06004190444946289,5
-4946.0,-4471.0,-4959.0,85,0.15919804573059082,7
-5565.0,-3153.0,-5164.0,88,0.16429400444030762,7
-5634.0,-3070.0,-5276.0,104,0.19463491439819336,7
-4307.0,-5149.0,-4214.0,111,0.20837092399597168,7
-4734.0,-4922.0,-4895.0,124,0.22899389266967773,8
-5398.0,-4062.0,-5407.0,222,0.3774149417877197,9
-4015.0,-5539.0,-4295.0,530,0.7317590713500977,11
-5387.0,-3918.0,-5664.0,562,0.7589778900146484,11
-5669.0,-3130.0,-5219.0,564,0.7606630325317383,11
-4723.0,-4778.0,-5152.0,572,0.7663478851318359,11
-4084.0,-5456.0,-4407.0,666,0.8494808673858643,11
-2253.0,-6529.0,-1995.0,912,1.0222079753875732,12
-5564.0,-3226.0,-5420.0,976,1.0630419254302979,13
-5491.0,-3820.0,-5568.0,996,1.0740540027618408,13
-1986.0,-6312.0,-2007.0,1082,1.1234710216522217,13
-5413.0,-3252.0,-5586.0,1122,1.1445519924163818,14
-6181.0,-2294.0,-6002.0,1126,1.146467924118042,14
-5517.0,-3154.0,-5490.0,1136,1.1510238647460938,14
-5340.0,-3846.0,-5734.0,1222,1.1915440559387207,15
-5531.0,-2828.0,-5514.0,1230,1.1944050788879395,15
