z1,z2,z3,node,time,depth
-48.0,-55.0,-59.0,1,0.0015571117401123047,1
-48.0,-58.0,-58.0,1,0.0015711784362792969,1
-45.0,-59.0,-55.0,5,0.0036590099334716797,2
-43.0,-47.0,-63.0,15,0.01064920425415039,3
-43.0,-50.0,-62.0,79,0.04877018928527832,6
-42.0,-44.0,-65.0,118,0.0683901309967041,8
-42.0,-52.0,-61.0,176,0.09417009353637695,10
-42.0,-47.0,-64.0,200,0.10433816909790039,12
