z1,z2,z3,node,time,depth
84.0,93.0,93.0,1,0.09800195693969727,1
92.0,83.0,107.0,1,0.0980229377746582,1
76.0,110.0,89.0,1,0.0980539321899414,1
91.0,103.0,86.0,1,0.09806489944458008,1
100.0,85.0,88.0,1,0.0982198715209961,1
93.0,94.0,88.0,23,0.9714100360870361,2
125.0,113.0,83.0,24,1.0272350311279297,3
128.0,112.0,84.0,39,1.759171962738037,8
123.0,114.0,84.0,47,2.082287073135376,14
123.0,113.0,85.0,65,2.4185869693756104,7
121.0,115.0,85.0,68,2.6817500591278076,4
116.0,125.0,85.0,68,2.681781053543091,4
99.0,90.0,90.0,68,2.681791067123413,4
81.0,104.0,90.0,85,3.59751296043396,5
