z1,z2,z3,node,time,depth
-10252.0,-8889.0,-9200.0,1,0.0005598068237304688,1
-10977.0,-8870.0,-8653.0,1,0.0005619525909423828,1
-10227.0,-8810.0,-9414.0,1,0.0005629062652587891,1
-10663.0,-8315.0,-9021.0,12,0.0089569091796875,5
