z1,z2,z3,node,time,depth
-40.0,-28.0,-45.0,1,0.0012700557708740234,1
-35.0,-36.0,-35.0,1,0.0012760162353515625,1
-18.0,-38.0,-20.0,35,0.020667076110839844,10
-44.0,-15.0,-48.0,114,0.05835914611816406,9
-45.0,-14.0,-47.0,159,0.07942605018615723,10
-37.0,-33.0,-35.0,177,0.08723711967468262,6
-41.0,-27.0,-44.0,184,0.08960819244384766,6
-43.0,-30.0,-42.0,185,0.08993196487426758,5
