z1,z2,z3,node,time,depth
21056.0,18930.0,21295.0,1,0.03290915489196777,1
21687.0,19303.0,19880.0,1,0.03292107582092285,1
21266.0,21104.0,19094.0,1,0.03293299674987793,1
18977.0,20099.0,21978.0,1,0.032946109771728516,1
19033.0,21850.0,20037.0,1,0.032958984375,1
18371.0,20916.0,21828.0,1,0.03297114372253418,1
18940.0,21600.0,20223.0,1,0.032984018325805664,1
19267.0,21352.0,19925.0,1,0.032996177673339844,1
20583.0,20201.0,20091.0,7,0.36783504486083984,2
20112.0,21643.0,19876.0,16,0.7614409923553467,5
20972.0,19389.0,21180.0,37,1.5752930641174316,9
