z1,z2,z3,node,time,depth
-10502.0,-9579.0,-8839.0,1,0.0009229183197021484,1
-9888.0,-9817.0,-8828.0,3,0.00244903564453125,2
-10781.0,-9761.0,-8127.0,5,0.003640890121459961,3
-10695.0,-9420.0,-8636.0,16,0.009357929229736328,5
-10468.0,-10112.0,-8308.0,32,0.01685500144958496,6
