z1,z2,z3,node,time,depth
-41.0,-17.0,-49.0,1,0.0011210441589355469,1
-31.0,-30.0,-36.0,1,0.0011281967163085938,1
-37.0,-23.0,-43.0,8,0.009755134582519531,4
-35.0,-24.0,-42.0,9,0.010307073593139648,4
-36.0,-24.0,-41.0,102,0.05914306640625,8
-38.0,-23.0,-41.0,142,0.0750892162322998,9
-19.0,-32.0,-18.0,145,0.07617616653442383,9
-32.0,-30.0,-34.0,146,0.07655811309814453,9
-38.0,-27.0,-39.0,180,0.08883810043334961,10
-44.0,-20.0,-46.0,184,0.09003901481628418,10
