z1,z2,z3,node,time,depth
-14.0,-26.0,-31.0,1,0.001958131790161133,1
-28.0,-20.0,-35.0,2,0.003885984420776367,2
-25.0,-21.0,-26.0,16,0.011568069458007812,11
-24.0,-23.0,-27.0,17,0.012323141098022461,6
-18.0,-23.0,-30.0,104,0.05490612983703613,9
-18.0,-21.0,-33.0,114,0.06034207344055176,11
-27.0,-21.0,-21.0,137,0.07195711135864258,4
-24.0,-24.0,-19.0,177,0.08976602554321289,10
-21.0,-26.0,-24.0,186,0.09427094459533691,9
-25.0,-22.0,-22.0,228,0.11248993873596191,9
-24.0,-21.0,-29.0,235,0.11652112007141113,8
-21.0,-24.0,-27.0,246,0.12081408500671387,9
-16.0,-19.0,-37.0,329,0.16155290603637695,10
-19.0,-22.0,-31.0,352,0.1736280918121338,9
-26.0,-18.0,-39.0,355,0.17706799507141113,3
-29.0,-19.0,-22.0,374,0.18846797943115234,5
-33.0,-16.0,-35.0,389,0.1951589584350586,7
-29.0,-18.0,-26.0,407,0.20428109169006348,8
