z1,z2,z3,node,time,depth
-7331.0,-11191.0,-7000.0,172,0.06307506561279297,4
-7862.0,-10641.0,-7880.0,172,0.06307601928710938,4
