z1,z2,z3,node,time,depth
-15007.0,-11477.0,-15466.0,10,0.006207942962646484,4
-14531.0,-12507.0,-14386.0,27,0.018196821212768555,5
-14439.0,-12353.0,-14665.0,37,0.02294778823852539,6
-15063.0,-11818.0,-15139.0,37,0.0229489803314209,6
-14461.0,-12296.0,-14816.0,41,0.025026798248291016,6
-15085.0,-11761.0,-15290.0,45,0.027041912078857422,6
-15099.0,-11631.0,-15187.0,51,0.03012681007385254,6
-13148.0,-13553.0,-13105.0,61,0.034903764724731445,6
-14487.0,-12167.0,-14577.0,65,0.0367429256439209,7
-15631.0,-10942.0,-15940.0,85,0.04638981819152832,7
-14526.0,-12407.0,-14573.0,130,0.06841588020324707,8
-13859.0,-12964.0,-13975.0,173,0.09025692939758301,8
-14442.0,-12526.0,-14360.0,204,0.10576796531677246,9
-15094.0,-11531.0,-15374.0,212,0.10977292060852051,9
-14472.0,-12504.0,-14452.0,236,0.12209177017211914,9
-14501.0,-12529.0,-14294.0,268,0.1379389762878418,10
-13848.0,-13039.0,-13978.0,388,0.1961989402770996,12
-14577.0,-12164.0,-14552.0,400,0.20138096809387207,13
-14552.0,-12286.0,-14273.0,403,0.20294785499572754,13
-13783.0,-13218.0,-13822.0,410,0.2063908576965332,13
-14476.0,-12260.0,-14691.0,418,0.20947599411010742,13
-13908.0,-13136.0,-13890.0,460,0.22506999969482422,15
