z1,z2,z3,node,time,depth
21570.0,27336.0,21169.0,1,0.03959393501281738,1
22386.0,26236.0,22432.0,1,0.039608001708984375,1
27797.0,21289.0,26864.0,1,0.03962302207946777,1
24788.0,23502.0,25331.0,1,0.039637088775634766,1
22339.0,26882.0,21975.0,31,0.7619950771331787,3
23492.0,25211.0,23733.0,67,1.5460050106048584,5
25441.0,23888.0,25069.0,77,1.8143470287322998,6
23584.0,25420.0,23576.0,87,2.1641180515289307,7
