z1,z2,z3,node,time,depth
-19481.0,-16203.0,-17337.0,1,0.0013010501861572266,1
-19137.0,-16408.0,-17583.0,2,0.002407073974609375,2
-18954.0,-16623.0,-17689.0,440,0.26258301734924316,3
-18763.0,-17300.0,-17903.0,1364,0.8744010925292969,12
-19107.0,-17095.0,-17657.0,1479,0.9426760673522949,11
-19290.0,-16880.0,-17551.0,1518,0.9662220478057861,12
