z1,z2,z3,node,time,depth
-43.0,-42.0,-65.0,234,0.16037297248840332,9
-48.0,-46.0,-60.0,252,0.1682419776916504,9
-52.0,-47.0,-58.0,288,0.18497300148010254,9
-47.0,-43.0,-63.0,418,0.24263381958007812,10
-50.0,-40.0,-59.0,430,0.24756503105163574,11
-54.0,-47.0,-54.0,440,0.25133299827575684,11
-46.0,-48.0,-61.0,458,0.2592158317565918,11
-50.0,-49.0,-58.0,478,0.26697683334350586,12
-49.0,-43.0,-59.0,518,0.28182291984558105,13
-52.0,-49.0,-55.0,526,0.2846848964691162,15
