z1,z2,z3,node,time,depth
-21299.0,-20396.0,-20777.0,1,0.0009050369262695312,1
-21172.0,-20403.0,-21100.0,1,0.0009071826934814453,1
-20931.0,-20130.0,-21639.0,1,0.0009191036224365234,1
-21058.0,-20123.0,-21316.0,3,0.003322124481201172,2
-21711.0,-19596.0,-21143.0,46,0.02816319465637207,8
