z1,z2,z3,node,time,depth
-18625.0,-17321.0,-19065.0,1,0.001188039779663086,1
-18870.0,-17359.0,-18672.0,1,0.0011920928955078125,1
-18913.0,-17880.0,-18125.0,1,0.0012040138244628906,1
-18668.0,-17842.0,-18518.0,33,0.024482011795043945,5
-18434.0,-18093.0,-18667.0,98,0.06440401077270508,9
