z1,z2,z3,node,time,depth
24078.0,23494.0,24824.0,1,0.06835508346557617,1
24286.0,22896.0,25351.0,1,0.06836915016174316,1
23315.0,25568.0,23754.0,1,0.06839799880981445,1
24923.0,24133.0,22759.0,1,0.06841206550598145,1
22728.0,24559.0,25572.0,1,0.06842613220214844,1
26023.0,23274.0,24684.0,3,0.13590407371520996,2
25334.0,23910.0,24164.0,9,0.25667715072631836,4
24861.0,25128.0,23625.0,17,0.3337712287902832,6
23120.0,25248.0,25017.0,26,0.4284801483154297,8
