z1,z2,z3,node,time,depth
-26.0,-40.0,-29.0,1,0.001016855239868164,1
-27.0,-42.0,-26.0,16,0.017066001892089844,5
-10.0,-44.0,-14.0,17,0.01770806312561035,5
-29.0,-32.0,-24.0,106,0.05566906929016113,9
