z1,z2,z3,node,time,depth
-6023.0,-6183.0,-6258.0,1,0.00350189208984375,1
-6960.0,-5060.0,-4704.0,1,0.003506898880004883,1
-6817.0,-5831.0,-5194.0,1,0.0035119056701660156,1
-5140.0,-6158.0,-6426.0,1,0.0035169124603271484,1
-6210.0,-6286.0,-5655.0,1,0.003520965576171875,1
-5656.0,-6619.0,-5882.0,1,0.003525972366333008,1
-4745.0,-6677.0,-5953.0,1,0.0035300254821777344,1
-5605.0,-6423.0,-6397.0,1,0.003535032272338867,1
-4675.0,-6866.0,-5525.0,1,0.0035390853881835938,1
-6263.0,-6164.0,-5421.0,2,0.007080078125,2
-6175.0,-6140.0,-5733.0,3,0.011996030807495117,2
-4922.0,-6452.0,-5897.0,29,0.06743097305297852,4
-6387.0,-5688.0,-5237.0,44,0.09219908714294434,5
-6364.0,-5925.0,-5411.0,45,0.09569406509399414,5
