z1,z2,z3,node,time,depth
-22019.0,-20906.0,-19195.0,1,0.0008327960968017578,1
-21740.0,-21259.0,-18647.0,1,0.0008409023284912109,1
-21850.0,-21120.0,-18451.0,2,0.0018498897552490234,2
-22129.0,-20767.0,-18999.0,16,0.007988929748535156,3
-22220.0,-20460.0,-19029.0,47,0.026170969009399414,10
