z1,z2,z3,node,time,depth
24483.0,21510.0,22103.0,1,0.03229188919067383,1
20978.0,23559.0,23643.0,1,0.0323028564453125,1
24522.0,22172.0,21137.0,1,0.032312870025634766,1
22832.0,20707.0,24326.0,1,0.03232383728027344,1
22224.0,22147.0,22819.0,1,0.0323338508605957,1
22624.0,21644.0,22953.0,1,0.032344818115234375,1
22625.0,23009.0,22511.0,7,0.24453091621398926,2
24205.0,22347.0,22163.0,7,0.24459099769592285,2
22803.0,20817.0,24800.0,15,0.4852628707885742,5
