z1,z2,z3,node,time,depth
-44.0,-77.0,-51.0,1,0.001895904541015625,1
-48.0,-69.0,-56.0,2,0.0040149688720703125,2
-42.0,-69.0,-59.0,2,0.004023075103759766,2
-54.0,-63.0,-57.0,261,0.15592408180236816,4
-54.0,-56.0,-63.0,392,0.23582005500793457,10
-56.0,-57.0,-61.0,404,0.24543094635009766,12
-53.0,-57.0,-64.0,536,0.31646299362182617,3
-49.0,-62.0,-62.0,638,0.38613390922546387,10
-50.0,-63.0,-60.0,664,0.40433597564697266,12
-57.0,-60.0,-58.0,687,0.4244499206542969,2
-59.0,-43.0,-55.0,687,0.4244511127471924,2
-54.0,-60.0,-62.0,687,0.4244649410247803,2
-47.0,-71.0,-55.0,690,0.4290339946746826,5
-49.0,-66.0,-56.0,696,0.43328094482421875,11
-51.0,-66.0,-54.0,715,0.4427909851074219,13
-51.0,-71.0,-52.0,740,0.4577329158782959,14
-53.0,-65.0,-56.0,766,0.47762107849121094,12
-44.0,-72.0,-53.0,785,0.49089503288269043,13
-46.0,-70.0,-57.0,815,0.5099620819091797,11
-52.0,-64.0,-58.0,884,0.5575799942016602,10
-55.0,-61.0,-56.0,890,0.5650360584259033,6
-56.0,-59.0,-60.0,901,0.573275089263916,13
-50.0,-65.0,-59.0,927,0.5936729907989502,11
-48.0,-66.0,-61.0,944,0.6090500354766846,6
