z1,z2,z3,node,time,depth
-21.0,-28.0,-40.0,1,0.001873016357421875,1
-29.0,-20.0,-27.0,2,0.0039310455322265625,2
-24.0,-34.0,-32.0,3,0.0057260990142822266,2
-27.0,-25.0,-23.0,38,0.05019497871398926,6
-28.0,-22.0,-24.0,54,0.066864013671875,6
-25.0,-23.0,-26.0,126,0.11626696586608887,8
-22.0,-16.0,-35.0,166,0.13763093948364258,8
-27.0,-23.0,-25.0,192,0.1488780975341797,9
-26.0,-22.0,-28.0,226,0.16308903694152832,9
-19.0,-34.0,-36.0,250,0.17209506034851074,10
-25.0,-26.0,-25.0,258,0.17455697059631348,10
-20.0,-33.0,-38.0,276,0.18064594268798828,10
-26.0,-28.0,-20.0,302,0.189378023147583,11
-26.0,-26.0,-22.0,304,0.18992304801940918,11
-26.0,-20.0,-30.0,312,0.19211602210998535,11
