z1,z2,z3,node,time,depth
65.0,59.0,59.0,1,0.04402899742126465,1
86.0,81.0,47.0,1,0.04404401779174805,1
60.0,68.0,55.0,1,0.044097185134887695,1
60.0,56.0,68.0,1,0.04415702819824219,1
82.0,84.0,53.0,2,0.05877518653869629,2
59.0,77.0,60.0,2,0.05878901481628418,2
55.0,76.0,70.0,54,0.5325570106506348,3
58.0,76.0,67.0,62,0.5979280471801758,4
58.0,72.0,73.0,64,0.617786169052124,6
77.0,87.0,54.0,98,0.9341521263122559,5
