z1,z2,z3,node,time,depth
53.0,72.0,75.0,1,0.035746097564697266,1
51.0,84.0,69.0,1,0.03575420379638672,1
86.0,54.0,74.0,1,0.03576922416687012,1
51.0,78.0,70.0,1,0.03579211235046387,1
64.0,62.0,49.0,1,0.03586721420288086,1
68.0,60.0,67.0,2,0.053846120834350586,2
83.0,91.0,47.0,2,0.053861141204833984,2
63.0,63.0,70.0,2,0.05390501022338867,2
61.0,68.0,64.0,3,0.06829619407653809,3
62.0,65.0,75.0,4,0.08117818832397461,4
62.0,71.0,62.0,4,0.08118510246276855,4
63.0,70.0,60.0,36,0.2902710437774658,5
80.0,85.0,48.0,37,0.3037841320037842,5
85.0,56.0,77.0,45,0.40049314498901367,5
85.0,58.0,75.0,69,0.5822341442108154,9
73.0,61.0,65.0,78,0.653954029083252,5
86.0,56.0,72.0,84,0.7228031158447266,9
84.0,58.0,76.0,96,0.7719700336456299,11
82.0,59.0,86.0,102,0.808448076248169,8
59.0,67.0,68.0,103,0.8541181087493896,2
58.0,92.0,54.0,103,0.8541560173034668,2
59.0,87.0,53.0,103,0.854248046875,2
57.0,73.0,59.0,104,0.868934154510498,3
54.0,89.0,68.0,110,0.9184350967407227,8
54.0,83.0,69.0,129,1.0473151206970215,8
55.0,79.0,69.0,132,1.0610041618347168,7
56.0,77.0,74.0,152,1.1780412197113037,8
55.0,80.0,68.0,154,1.2084460258483887,4
55.0,86.0,67.0,154,1.2084531784057617,4
60.0,84.0,58.0,171,1.3614890575408936,6
63.0,89.0,52.0,172,1.3715910911560059,7
62.0,85.0,54.0,173,1.3823590278625488,7
