z1,z2,z3,node,time,depth
-20.0,-41.0,-25.0,93,0.03684806823730469,10
-21.0,-56.0,-14.0,179,0.07077717781066895,7
-19.0,-58.0,-17.0,180,0.0711212158203125,6
-18.0,-58.0,-18.0,181,0.07186102867126465,2
-20.0,-56.0,-15.0,182,0.0729670524597168,3
-19.0,-41.0,-26.0,210,0.08512520790100098,9
-25.0,-48.0,-21.0,256,0.10846519470214844,6
-23.0,-50.0,-24.0,257,0.10882019996643066,5
