z1,z2,z3,node,time,depth
21912.0,14178.0,22030.0,1,0.009447097778320312,1
16083.0,21226.0,16028.0,1,0.009457111358642578,1
18761.0,18622.0,17926.0,1,0.009467124938964844,1
17844.0,19117.0,18243.0,2,0.03171801567077637,2
19489.0,17630.0,19333.0,2,0.03172898292541504,2
20416.0,16732.0,20302.0,2,0.03175210952758789,2
16810.0,20391.0,17983.0,4,0.0785529613494873,3
18230.0,18893.0,18222.0,14,0.21523809432983398,5
19478.0,17694.0,19622.0,56,0.49439096450805664,9
