z1,z2,z3,node,time,depth
-39.0,-63.0,-70.0,1,0.007776975631713867,1
-56.0,-71.0,-57.0,1,0.007781982421875,1
-37.0,-74.0,-52.0,1,0.0078029632568359375,1
-48.0,-73.0,-47.0,1,0.00780797004699707,1
-61.0,-44.0,-62.0,1,0.007812976837158203,1
-68.0,-54.0,-40.0,1,0.007817983627319336,1
-71.0,-33.0,-39.0,1,0.007822990417480469,1
-52.0,-51.0,-67.0,1,0.007827997207641602,1
-55.0,-49.0,-66.0,1,0.007833003997802734,1
-37.0,-49.0,-73.0,1,0.007838010787963867,1
-40.0,-47.0,-72.0,1,0.007843017578125,1
-54.0,-65.0,-64.0,1,0.007848024368286133,1
-57.0,-63.0,-63.0,1,0.007864952087402344,1
-62.0,-64.0,-58.0,1,0.007869958877563477,1
-66.0,-52.0,-53.0,1,0.007874011993408203,1
-63.0,-29.0,-61.0,1,0.007879018783569336,1
-62.0,-51.0,-60.0,1,0.007884025573730469,1
-70.0,-33.0,-49.0,1,0.007887840270996094,1
-64.0,-36.0,-59.0,1,0.007892847061157227,1
-68.0,-39.0,-52.0,1,0.00789785385131836,1
-59.0,-63.0,-61.0,2,0.018544912338256836,2
-44.0,-58.0,-67.0,8,0.037611961364746094,5
-40.0,-73.0,-50.0,37,0.07791686058044434,6
-46.0,-61.0,-65.0,53,0.09824299812316895,4
-58.0,-67.0,-54.0,53,0.0982518196105957,4
-50.0,-68.0,-59.0,53,0.0982828140258789,4
-44.0,-62.0,-65.0,92,0.15134787559509277,3
-47.0,-55.0,-68.0,92,0.1513528823852539,3
-61.0,-57.0,-60.0,92,0.1513679027557373,3
-59.0,-64.0,-59.0,92,0.15137481689453125,3
-42.0,-44.0,-70.0,111,0.1788489818572998,7
-58.0,-56.0,-62.0,172,0.24918293952941895,4
-42.0,-61.0,-69.0,199,0.28589892387390137,2
-42.0,-72.0,-55.0,199,0.2859029769897461,2
-46.0,-68.0,-60.0,199,0.2859079837799072,2
-64.0,-58.0,-52.0,199,0.28592991828918457,2
-64.0,-49.0,-57.0,199,0.28594398498535156,2
-66.0,-53.0,-49.0,199,0.2859528064727783,2
-68.0,-46.0,-47.0,199,0.28595685958862305,2
-69.0,-39.0,-42.0,200,0.32800793647766113,3
-64.0,-51.0,-55.0,287,0.43087291717529297,3
-68.0,-47.0,-46.0,287,0.4308958053588867,3
-67.0,-40.0,-48.0,288,0.4366738796234131,4
-65.0,-40.0,-54.0,329,0.4847559928894043,7
-63.0,-42.0,-59.0,340,0.49886083602905273,4
-50.0,-53.0,-67.0,389,0.5577478408813477,3
-46.0,-39.0,-69.0,409,0.5912318229675293,6
-57.0,-37.0,-64.0,433,0.6202700138092041,6
-56.0,-45.0,-64.0,433,0.6202788352966309,6
-62.0,-35.0,-61.0,547,0.7446048259735107,4
