z1,z2,z3,node,time,depth
-33.0,-23.0,-29.0,58,0.026061058044433594,8
-28.0,-17.0,-31.0,73,0.03604316711425781,8
-34.0,-20.0,-27.0,74,0.036720991134643555,3
-31.0,-15.0,-31.0,86,0.04176616668701172,11
-35.0,-11.0,-22.0,107,0.05018901824951172,8
-31.0,-20.0,-30.0,126,0.058912038803100586,11
-31.0,-24.0,-22.0,164,0.07357597351074219,9
