z1,z2,z3,node,time,depth
-4068.0,-4920.0,-3853.0,1,0.0015339851379394531,1
-3877.0,-5471.0,-2783.0,1,0.0015418529510498047,1
-3516.0,-4966.0,-3488.0,64,0.03535199165344238,7
-4441.0,-4804.0,-3115.0,298,0.15875983238220215,13
-4913.0,-4410.0,-3512.0,351,0.185715913772583,12
-3813.0,-5222.0,-3015.0,440,0.23161101341247559,11
-3614.0,-5287.0,-3052.0,442,0.23293399810791016,7
-4349.0,-5077.0,-3180.0,486,0.25566887855529785,11
-4301.0,-4732.0,-3402.0,524,0.2835819721221924,6
-4773.0,-4338.0,-3799.0,577,0.3138740062713623,12
-3673.0,-5150.0,-3302.0,581,0.3169100284576416,7
-3410.0,-4966.0,-3571.0,581,0.3169138431549072,7
-4209.0,-5005.0,-3467.0,601,0.32857203483581543,12
-4336.0,-5174.0,-2926.0,651,0.35932183265686035,14
-4808.0,-4780.0,-3323.0,760,0.4229869842529297,11
-4266.0,-4303.0,-4087.0,848,0.4709959030151367,6
-4527.0,-4623.0,-3996.0,883,0.4896838665008545,12
-3381.0,-5058.0,-3335.0,889,0.493959903717041,7
-4096.0,-4398.0,-4020.0,963,0.5402538776397705,6
-3833.0,-4214.0,-4289.0,967,0.5423660278320312,10
-4632.0,-4253.0,-4185.0,1004,0.5613439083099365,11
-4131.0,-4840.0,-3544.0,1063,0.5965249538421631,10
-4667.0,-4695.0,-3709.0,1181,0.6666319370269775,10
