z1,z2,z3,node,time,depth
-82.0,-41.0,-82.0,1,0.0050470829010009766,1
-83.0,-39.0,-81.0,1,0.005048990249633789,1
-42.0,-80.0,-40.0,3,0.022701025009155273,2
-65.0,-68.0,-59.0,3,0.02273392677307129,2
-51.0,-76.0,-48.0,10,0.05374503135681152,4
-79.0,-47.0,-74.0,13,0.06603002548217773,4
-80.0,-45.0,-73.0,13,0.06603193283081055,4
-68.0,-62.0,-57.0,51,0.20414400100708008,6
-47.0,-78.0,-40.0,94,0.3427860736846924,7
-44.0,-79.0,-43.0,95,0.3461461067199707,7
-51.0,-74.0,-49.0,99,0.36080503463745117,7
-47.0,-79.0,-34.0,147,0.485929012298584,8
-47.0,-74.0,-50.0,179,0.5500659942626953,8
-48.0,-76.0,-49.0,191,0.5806229114532471,8
-62.0,-65.0,-63.0,199,0.6064910888671875,8
-68.0,-56.0,-72.0,205,0.624596118927002,8
-75.0,-51.0,-67.0,293,0.7911109924316406,9
-74.0,-53.0,-68.0,293,0.791114091873169,9
-32.0,-83.0,-25.0,351,0.8738369941711426,9
-49.0,-75.0,-49.0,367,0.9051780700683594,9
-73.0,-58.0,-71.0,458,1.0821330547332764,10
-67.0,-67.0,-62.0,486,1.112360954284668,10
-46.0,-79.0,-40.0,495,1.124622106552124,10
-75.0,-48.0,-77.0,659,1.3460960388183594,10
-58.0,-73.0,-53.0,790,1.510854959487915,11
-63.0,-62.0,-66.0,867,1.6074321269989014,11
-76.0,-50.0,-73.0,959,1.7008769512176514,11
-72.0,-61.0,-68.0,962,1.7044548988342285,11
-66.0,-63.0,-65.0,1133,1.949002981185913,12
-60.0,-72.0,-56.0,1167,1.9812889099121094,12
-53.0,-74.0,-46.0,1538,2.2883849143981934,13
-70.0,-53.0,-72.0,1598,2.3260860443115234,13
-43.0,-77.0,-44.0,1627,2.3466010093688965,13
-45.0,-78.0,-43.0,1659,2.372438907623291,13
-44.0,-80.0,-37.0,1840,2.524838924407959,14
-74.0,-50.0,-74.0,2266,2.8036229610443115,15
-76.0,-48.0,-75.0,2294,2.819999933242798,15
-78.0,-48.0,-74.0,2308,2.8292200565338135,15
-76.0,-49.0,-74.0,2310,2.830644130706787,15
-78.0,-45.0,-76.0,2322,2.837862014770508,15
-55.0,-70.0,-57.0,2468,2.919306993484497,16
-77.0,-47.0,-77.0,2562,2.972306966781616,16
-52.0,-75.0,-48.0,2671,3.0324440002441406,17
-33.0,-82.0,-27.0,2710,3.051880121231079,17
-82.0,-24.0,-86.0,2734,3.063771963119507,17
-31.0,-82.0,-28.0,2852,3.12227201461792,18
-75.0,-53.0,-65.0,2958,3.1757700443267822,19
-74.0,-54.0,-65.0,3062,3.2222890853881836,21
