z1,z2,z3,node,time,depth
15958.0,19341.0,17801.0,1,0.007255077362060547,1
19270.0,16522.0,18610.0,1,0.007261991500854492,1
21486.0,19164.0,16554.0,1,0.007270097732543945,1
17934.0,18393.0,17164.0,1,0.007277011871337891,1
18846.0,18235.0,18524.0,5,0.024717092514038086,3
19776.0,18139.0,18516.0,5,0.02472710609436035,3
