z1,z2,z3,node,time,depth
-1344.0,-2978.0,-3675.0,1,0.002124786376953125,1
-1729.0,-2350.0,-3460.0,2,0.004163980484008789,2
-1565.0,-2978.0,-2625.0,8,0.014987945556640625,4
-2091.0,-1591.0,-3023.0,25,0.03923487663269043,5
-2121.0,-1563.0,-2896.0,25,0.039235830307006836,5
-2087.0,-2209.0,-2358.0,30,0.04484987258911133,5
-2342.0,-1563.0,-1846.0,56,0.07076501846313477,6
-2117.0,-2181.0,-2231.0,62,0.07557892799377441,6
-1843.0,-2722.0,-3035.0,132,0.1261458396911621,8
-1927.0,-2219.0,-2188.0,183,0.15893197059631348,8
-2312.0,-1591.0,-1973.0,199,0.16837096214294434,8
-1610.0,-2749.0,-2299.0,320,0.22850584983825684,9
-1633.0,-2774.0,-2032.0,428,0.27121400833129883,10
-569.0,-3353.0,-2553.0,454,0.28015995025634766,11
-1366.0,-3262.0,-2976.0,462,0.28278183937072754,11
-2114.0,-1616.0,-2756.0,476,0.28734397888183594,11
-2235.0,-1935.0,-2471.0,488,0.2912328243255615,11
-2205.0,-1963.0,-2598.0,490,0.2919487953186035,11
-1858.0,-2330.0,-1802.0,496,0.2939298152923584,11
-2620.0,-1307.0,-2256.0,500,0.2952299118041992,11
-2590.0,-1335.0,-2383.0,504,0.2965829372406006,11
-2227.0,-2247.0,-1899.0,512,0.2991359233856201,11
-2257.0,-2219.0,-1772.0,516,0.30049896240234375,11
