z1,z2,z3,node,time,depth
-7899.0,-9831.0,-7731.0,1,0.0006308555603027344,1
-8916.0,-8778.0,-7301.0,65,0.023878812789916992,7
-8172.0,-8979.0,-7950.0,72,0.02682185173034668,6
-8485.0,-9128.0,-7726.0,95,0.03581595420837402,7
-8427.0,-9134.0,-7712.0,104,0.04247283935546875,6
-8643.0,-9630.0,-7082.0,105,0.042822837829589844,3
-9229.0,-8927.0,-7077.0,109,0.044152021408081055,5
