z1,z2,z3,node,time,depth
16490.0,13863.0,16999.0,1,0.005149126052856445,1
15507.0,14788.0,15601.0,1,0.005154132843017578,1
13856.0,17859.0,13548.0,1,0.005159139633178711,1
14995.0,15697.0,15399.0,1,0.005164146423339844,1
16730.0,14695.0,16751.0,15,0.06782197952270508,6
