z1,z2,z3,node,time,depth
-10052.0,-10595.0,-9899.0,1,0.002238035202026367,1
-9644.0,-10589.0,-10518.0,1,0.002240896224975586,1
-10668.0,-10068.0,-9390.0,1,0.0022439956665039062,1
-10153.0,-9369.0,-10753.0,1,0.0022470951080322266,1
-9568.0,-9945.0,-11003.0,1,0.0022499561309814453,1
-10395.0,-9466.0,-10601.0,1,0.0022530555725097656,1
-11055.0,-9082.0,-9261.0,1,0.0022559165954589844,1
-10977.0,-9204.0,-9399.0,1,0.0022590160369873047,1
-10483.0,-9359.0,-10271.0,2,0.004725933074951172,2
-10361.0,-9731.0,-9908.0,3,0.00699305534362793,2
-10054.0,-9858.0,-10145.0,3,0.007008075714111328,2
-10392.0,-9780.0,-9649.0,4,0.008908987045288086,3
-10439.0,-9609.0,-9770.0,7,0.014492988586425781,3
-10119.0,-9496.0,-10059.0,8,0.016627073287963867,4
-9776.0,-10307.0,-10158.0,9,0.018143892288208008,4
-10142.0,-9751.0,-9815.0,10,0.019973039627075195,4
-10564.0,-8195.0,-9406.0,12,0.022860050201416016,4
-9782.0,-9774.0,-10463.0,16,0.02965402603149414,5
-10041.0,-9618.0,-10197.0,19,0.03431892395019531,5
-10154.0,-9105.0,-10693.0,77,0.08937287330627441,7
-10396.0,-9202.0,-10541.0,80,0.09184908866882324,7
-10055.0,-9594.0,-10085.0,83,0.09470009803771973,7
-9569.0,-9681.0,-10943.0,93,0.10213804244995117,8
-9783.0,-9510.0,-10403.0,111,0.1195669174194336,9
-9645.0,-10325.0,-10458.0,122,0.1271378993988037,10
