z1,z2,z3,node,time,depth
-18728.0,-17272.0,-18631.0,1,0.0015149116516113281,1
-18187.0,-18454.0,-18873.0,2,0.0036399364471435547,2
-16891.0,-17762.0,-19657.0,273,0.1929779052734375,4
-18036.0,-17557.0,-19225.0,429,0.293773889541626,12
-17602.0,-17256.0,-19488.0,444,0.3030068874359131,14
-18190.0,-17815.0,-19042.0,454,0.30843400955200195,12
-17979.0,-17923.0,-19255.0,480,0.3249988555908203,10
-17840.0,-18073.0,-19349.0,482,0.32748985290527344,3
-17460.0,-18045.0,-19413.0,483,0.32863497734069824,4
-17463.0,-17406.0,-19582.0,509,0.3453960418701172,13
-17534.0,-18466.0,-18732.0,526,0.3592979907989502,4
-17323.0,-18574.0,-18945.0,562,0.38697099685668945,10
-18140.0,-16912.0,-19610.0,565,0.3905830383300781,5
-18013.0,-18076.0,-18986.0,649,0.44437694549560547,15
-18038.0,-17156.0,-19120.0,678,0.4594118595123291,15
-18245.0,-17960.0,-18563.0,706,0.4754469394683838,12
-18000.0,-18080.0,-18973.0,738,0.49764585494995117,5
-18517.0,-17380.0,-18844.0,812,0.545137882232666,12
-17416.0,-18549.0,-18131.0,853,0.5738439559936523,9
