z1,z2,z3,node,time,depth
-19922.0,-19265.0,-19643.0,1,0.0009429454803466797,1
-20060.0,-19303.0,-19542.0,1,0.0009438991546630859,1
-19296.0,-20075.0,-19086.0,2,0.0019659996032714844,2
-19434.0,-20113.0,-18985.0,2,0.0019698143005371094,2
