z1,z2,z3,node,time,depth
-58.0,-82.0,-47.0,1,0.004881143569946289,1
-60.0,-76.0,-63.0,3,0.01468801498413086,2
-55.0,-77.0,-65.0,5,0.024290084838867188,3
-58.0,-80.0,-55.0,6,0.028779029846191406,3
-70.0,-66.0,-61.0,6,0.028839111328125,3
-58.0,-77.0,-62.0,17,0.07819294929504395,5
-64.0,-66.0,-69.0,25,0.10438108444213867,5
-62.0,-79.0,-45.0,31,0.12541413307189941,5
-67.0,-71.0,-61.0,55,0.20709896087646484,6
-60.0,-78.0,-55.0,71,0.22702312469482422,6
-42.0,-62.0,-76.0,101,0.31265997886657715,7
-66.0,-61.0,-66.0,128,0.3677029609680176,7
-48.0,-79.0,-64.0,183,0.46083998680114746,8
-68.0,-70.0,-53.0,275,0.621973991394043,8
-51.0,-74.0,-67.0,395,0.7967929840087891,9
-64.0,-73.0,-61.0,549,1.0220990180969238,9
-60.0,-71.0,-70.0,846,1.3614130020141602,10
-70.0,-58.0,-62.0,1099,1.6344020366668701,10
-57.0,-73.0,-64.0,1174,1.6983611583709717,10
-64.0,-75.0,-53.0,1210,1.725344181060791,10
-58.0,-72.0,-69.0,1276,1.7847330570220947,11
-49.0,-68.0,-73.0,1469,1.9662110805511475,11
-62.0,-77.0,-53.0,1623,2.08827805519104,11
-53.0,-73.0,-69.0,2396,2.628278970718384,13
-53.0,-78.0,-64.0,2408,2.635364055633545,13
-63.0,-66.0,-70.0,2418,2.6422481536865234,13
-50.0,-57.0,-77.0,2450,2.6595451831817627,13
-59.0,-61.0,-75.0,2478,2.6747281551361084,13
-47.0,-69.0,-72.0,2581,2.7464189529418945,13
-65.0,-62.0,-69.0,2594,2.7519991397857666,13
-62.0,-67.0,-69.0,2652,2.789813995361328,13
-60.0,-58.0,-72.0,2654,2.7905960083007812,13
-62.0,-75.0,-59.0,2738,2.841252088546753,13
-58.0,-62.0,-73.0,2840,2.893773078918457,14
-65.0,-72.0,-60.0,2946,2.950777053833008,14
-56.0,-63.0,-73.0,2974,2.9680330753326416,14
-55.0,-64.0,-74.0,3062,3.017285108566284,15
-64.0,-57.0,-70.0,3070,3.0208590030670166,15
-49.0,-60.0,-78.0,3076,3.0241920948028564,15
-54.0,-67.0,-74.0,3086,3.0290141105651855,15
-66.0,-53.0,-69.0,3134,3.0546071529388428,15
-71.0,-57.0,-61.0,3138,3.0565881729125977,15
-53.0,-55.0,-77.0,3198,3.0921859741210938,16
-69.0,-62.0,-64.0,3220,3.102027177810669,16
-67.0,-69.0,-64.0,3222,3.1028120517730713,16
-63.0,-76.0,-52.0,3242,3.1110401153564453,16
-60.0,-79.0,-51.0,3256,3.1178359985351562,16
-65.0,-75.0,-48.0,3260,3.1203701496124268,16
-51.0,-82.0,-56.0,3276,3.129244089126587,17
-54.0,-54.0,-79.0,3284,3.133466958999634,17
-64.0,-71.0,-65.0,3296,3.138853073120117,17
-67.0,-74.0,-57.0,3298,3.139677047729492,17
-64.0,-76.0,-49.0,3300,3.14115309715271,17
-69.0,-67.0,-60.0,3304,3.1425609588623047,17
-61.0,-57.0,-74.0,3318,3.1478259563446045,18
