z1,z2,z3,node,time,depth
-3216.0,-2940.0,-3058.0,1,0.0013120174407958984,1
-1368.0,-3680.0,-1844.0,5,0.006018161773681641,3
-2400.0,-3127.0,-2494.0,7,0.007765054702758789,3
-1497.0,-3721.0,-1733.0,7,0.007767200469970703,3
-2543.0,-3003.0,-2302.0,13,0.01355600357055664,4
-1640.0,-3597.0,-1541.0,13,0.013558149337768555,4
-2958.0,-2998.0,-3094.0,16,0.015341997146606445,5
-700.0,-3738.0,-954.0,54,0.03942298889160156,6
-1644.0,-3551.0,-1480.0,298,0.13399815559387207,10
-1372.0,-3634.0,-1783.0,308,0.13748407363891602,11
-1630.0,-3576.0,-1747.0,324,0.1423790454864502,11
