z1,z2,z3,node,time,depth
82.0,109.0,80.0,1,0.07470297813415527,1
96.0,112.0,64.0,1,0.07471394538879395,1
120.0,86.0,113.0,1,0.07472395896911621,1
84.0,89.0,104.0,1,0.07474493980407715,1
87.0,106.0,74.0,1,0.07475590705871582,1
81.0,98.0,95.0,1,0.07476592063903809,1
74.0,97.0,108.0,1,0.07477593421936035,1
72.0,114.0,134.0,1,0.07480692863464355,1
118.0,86.0,115.0,1,0.07483792304992676,1
102.0,88.0,87.0,1,0.07486891746520996,1
73.0,108.0,139.0,2,0.14261388778686523,2
73.0,114.0,131.0,2,0.14271879196166992,2
73.0,113.0,133.0,26,1.1127028465270996,7
111.0,87.0,121.0,38,1.782071828842163,3
113.0,87.0,119.0,43,2.323755979537964,6
117.0,87.0,117.0,66,3.2971508502960205,11
93.0,91.0,92.0,79,3.731980800628662,2
80.0,140.0,91.0,106,4.824242830276489,4
75.0,139.0,97.0,106,4.824337959289551,4
78.0,134.0,97.0,124,5.609967947006226,5
78.0,130.0,100.0,124,5.610010862350464,5
77.0,138.0,97.0,128,5.866384983062744,9
80.0,129.0,100.0,128,5.866395950317383,9
80.0,133.0,97.0,128,5.866415977478027,9
80.0,139.0,96.0,153,6.270298004150391,10
76.0,135.0,101.0,211,7.86221981048584,7
79.0,126.0,104.0,211,7.862302780151367,7
129.0,104.0,85.0,271,10.529444932937622,9
129.0,105.0,84.0,299,11.570164918899536,12
99.0,107.0,72.0,353,14.724349975585938,10
