z1,z2,z3,node,time,depth
22644.0,19323.0,22970.0,1,0.018280029296875,1
18784.0,23913.0,19111.0,1,0.018291950225830078,1
20176.0,22776.0,19702.0,1,0.018303871154785156,1
19499.0,22870.0,19824.0,1,0.018316030502319336,1
22628.0,19520.0,22497.0,1,0.018327951431274414,1
20639.0,22199.0,20369.0,35,0.23465609550476074,3
21190.0,21428.0,21658.0,83,0.63838791847229,5
22029.0,21467.0,21649.0,96,0.8342270851135254,7
22389.0,20489.0,22232.0,117,1.0759649276733398,9
