z1,z2,z3,node,time,depth
18299.0,19168.0,17397.0,1,0.014144182205200195,1
17206.0,18145.0,19048.0,1,0.014153003692626953,1
20272.0,18034.0,18799.0,1,0.014162063598632812,1
18602.0,18360.0,18066.0,1,0.014170169830322266,1
16973.0,19183.0,17965.0,1,0.014178991317749023,1
17012.0,18963.0,18973.0,1,0.014188051223754883,1
18088.0,19417.0,17908.0,7,0.0584871768951416,4
