z1,z2,z3,node,time,depth
-45.0,-39.0,-28.0,1,0.0014979839324951172,1
-41.0,-35.0,-38.0,1,0.0015010833740234375,1
-43.0,-39.0,-30.0,2,0.0030961036682128906,2
-45.0,-36.0,-34.0,17,0.015038013458251953,9
-44.0,-37.0,-33.0,37,0.029753923416137695,9
-29.0,-40.0,-25.0,132,0.09726810455322266,11
-27.0,-40.0,-27.0,138,0.10076308250427246,11
