z1,z2,z3,node,time,depth
-5272.0,-4596.0,-4918.0,3,0.006411075592041016,3
-4672.0,-4781.0,-3971.0,71,0.0479891300201416,16
-3157.0,-4993.0,-2604.0,164,0.10518717765808105,7
-3066.0,-5090.0,-2458.0,266,0.17029500007629395,16
-3121.0,-4981.0,-2607.0,438,0.28646111488342285,16
-1477.0,-5150.0,-1042.0,559,0.36185598373413086,16
-3773.0,-4898.0,-3309.0,563,0.3654930591583252,8
-3154.0,-5030.0,-2471.0,1884,1.437736988067627,7
-4652.0,-4869.0,-3834.0,1917,1.4651720523834229,16
-4653.0,-4728.0,-4080.0,1921,1.4681220054626465,13
-4674.0,-4604.0,-4204.0,1967,1.5047271251678467,9
-4654.0,-4641.0,-4056.0,2013,1.542536973953247,16
-4707.0,-4760.0,-3983.0,2019,1.5458390712738037,7
-4761.0,-4634.0,-3960.0,2126,1.628875970840454,11
-6260.0,-4332.0,-5569.0,2196,1.6721131801605225,7
-6163.0,-4163.0,-5777.0,2206,1.6782951354980469,14
-6164.0,-4076.0,-5753.0,2207,1.678678035736084,13
-6045.0,-4172.0,-5591.0,2209,1.67942214012146,11
-6898.0,-3399.0,-6195.0,2210,1.6797950267791748,10
-6837.0,-3405.0,-6496.0,2306,1.7702081203460693,11
-7572.0,-2641.0,-6914.0,2312,1.7739391326904297,14
-6838.0,-3318.0,-6472.0,2314,1.7746820449829102,12
-7383.0,-2630.0,-7035.0,2316,1.7753911018371582,10
-6719.0,-3414.0,-6310.0,2322,1.7798850536346436,10
-6836.0,-3546.0,-6250.0,2328,1.7833011150360107,8
