z1,z2,z3,node,time,depth
-3225.0,-3391.0,-4011.0,16,0.015060186386108398,5
-3395.0,-3233.0,-2153.0,25,0.021399974822998047,5
-2074.0,-3609.0,-3040.0,43,0.03404808044433594,6
-3430.0,-2978.0,-2523.0,51,0.038706064224243164,6
-2280.0,-3516.0,-3288.0,58,0.04268217086791992,7
-1701.0,-2885.0,-4241.0,62,0.045037031173706055,7
-3788.0,-2346.0,-2619.0,125,0.07986211776733398,8
-2674.0,-3592.0,-2752.0,134,0.08343815803527832,8
-1688.0,-3426.0,-3611.0,178,0.10445404052734375,9
-1840.0,-2632.0,-4074.0,188,0.10876011848449707,9
-3716.0,-2606.0,-2433.0,200,0.11360406875610352,9
-2627.0,-3401.0,-2827.0,228,0.12435197830200195,9
-3485.0,-3062.0,-2483.0,234,0.1269681453704834,9
-3698.0,-2544.0,-2563.0,236,0.12783598899841309,9
-3358.0,-3238.0,-2337.0,242,0.1302351951599121,9
-3438.0,-2871.0,-2558.0,248,0.13252806663513184,9
-3288.0,-2080.0,-3333.0,286,0.1455531120300293,10
-4206.0,-2703.0,-1884.0,310,0.15308713912963867,10
-3534.0,-2980.0,-1986.0,314,0.15430307388305664,10
-3614.0,-2613.0,-2207.0,318,0.1556391716003418,10
-1725.0,-3166.0,-4042.0,320,0.15639805793762207,11
-3280.0,-2187.0,-3298.0,328,0.15873312950134277,11
-3243.0,-2447.0,-2867.0,330,0.1593031883239746,11
-3843.0,-2430.0,-2579.0,332,0.1598529815673828,11
-3251.0,-2340.0,-2902.0,334,0.16071319580078125,11
-3233.0,-1996.0,-3373.0,336,0.16130900382995605,11
-3796.0,-2239.0,-2654.0,338,0.1619110107421875,11
-3522.0,-3057.0,-2299.0,344,0.1635751724243164,11
-3661.0,-2804.0,-2132.0,348,0.16466999053955078,11
-3571.0,-2720.0,-2417.0,350,0.16547513008117676,11
-3651.0,-2353.0,-2638.0,354,0.1665639877319336,11
