z1,z2,z3,node,time,depth
22571.0,23540.0,24017.0,1,0.04761791229248047,1
23882.0,22869.0,23990.0,1,0.04763293266296387,1
24651.0,23377.0,23593.0,1,0.047662973403930664,1
23928.0,26546.0,22365.0,1,0.04767799377441406,1
22964.0,25469.0,22542.0,1,0.047734975814819336,1
23299.0,23615.0,23852.0,9,0.3225250244140625,2
23723.0,24347.0,23791.0,35,1.465548038482666,7
26119.0,25434.0,23078.0,37,1.6526870727539062,8
