z1,z2,z3,node,time,depth
-5272.0,-4596.0,-4918.0,7,0.013312816619873047,3
-6260.0,-4332.0,-5569.0,72,0.10593605041503906,7
-4707.0,-4760.0,-3983.0,74,0.10869884490966797,7
-3154.0,-5030.0,-2471.0,75,0.11065983772277832,7
-3157.0,-4993.0,-2604.0,121,0.17859697341918945,7
-6836.0,-3546.0,-6250.0,124,0.18168282508850098,8
-3773.0,-4898.0,-3309.0,209,0.28784894943237305,8
-4674.0,-4604.0,-4204.0,249,0.33786487579345703,9
-6719.0,-3414.0,-6310.0,352,0.4535989761352539,10
-7383.0,-2630.0,-7035.0,354,0.4555799961090088,10
-6898.0,-3399.0,-6195.0,368,0.4691579341888428,10
-6837.0,-3405.0,-6496.0,537,0.6384110450744629,11
-6045.0,-4172.0,-5591.0,548,0.6481359004974365,11
-4761.0,-4634.0,-3960.0,555,0.6532769203186035,11
-6838.0,-3318.0,-6472.0,734,0.81734299659729,12
-6164.0,-4076.0,-5753.0,888,0.9304459095001221,13
-4653.0,-4728.0,-4080.0,932,0.958392858505249,13
-7572.0,-2641.0,-6914.0,1018,1.0069339275360107,14
-6163.0,-4163.0,-5777.0,1028,1.0129258632659912,14
-4654.0,-4641.0,-4056.0,1238,1.1081538200378418,16
-4652.0,-4869.0,-3834.0,1244,1.110144853591919,16
-1477.0,-5150.0,-1042.0,1252,1.1128709316253662,16
-3121.0,-4981.0,-2607.0,1260,1.1163840293884277,16
-3066.0,-5090.0,-2458.0,1268,1.1193299293518066,16
-4672.0,-4781.0,-3971.0,1280,1.1236329078674316,16
