z1,z2,z3,node,time,depth
-72.0,-62.0,-68.0,1,0.003261089324951172,1
-71.0,-63.0,-68.0,1,0.0032739639282226562,1
-79.0,-48.0,-74.0,9,0.0254819393157959,4
-78.0,-49.0,-74.0,9,0.025496959686279297,4
-62.0,-69.0,-57.0,12,0.033468008041381836,4
-72.0,-57.0,-70.0,25,0.06573891639709473,5
-73.0,-56.0,-70.0,25,0.06574797630310059,5
-77.0,-47.0,-76.0,130,0.29581189155578613,8
-76.0,-48.0,-76.0,134,0.3038949966430664,8
-69.0,-56.0,-71.0,413,0.8522560596466064,9
-70.0,-55.0,-71.0,765,1.4409639835357666,10
-55.0,-71.0,-52.0,799,1.4912190437316895,10
-70.0,-53.0,-72.0,1959,3.2030110359191895,12
-71.0,-52.0,-72.0,2703,4.044971942901611,13
-56.0,-75.0,-48.0,3357,4.704216957092285,14
-54.0,-74.0,-50.0,3357,4.704218864440918,14
-60.0,-70.0,-56.0,3974,5.24963903427124,15
-79.0,-34.0,-82.0,4460,5.6646668910980225,16
-80.0,-41.0,-81.0,4976,6.0439698696136475,17
-83.0,-25.0,-86.0,5016,6.071964979171753,17
-74.0,-55.0,-68.0,5044,6.09328293800354,17
-76.0,-50.0,-75.0,5086,6.120751857757568,17
-65.0,-68.0,-60.0,5218,6.212315082550049,17
-77.0,-41.0,-82.0,5318,6.2764198780059814,17
-57.0,-73.0,-51.0,5712,6.503113031387329,20
-66.0,-64.0,-63.0,5746,6.518529891967773,21
-67.0,-67.0,-60.0,5750,6.5200889110565186,21
-65.0,-66.0,-62.0,5752,6.520876884460449,21
-74.0,-49.0,-77.0,5754,6.521650075912476,21
