z1,z2,z3,node,time,depth
-17073.0,-18199.0,-18474.0,786,0.4097611904144287,3
-17933.0,-17258.0,-18785.0,788,0.4116840362548828,5
-17755.0,-17925.0,-18925.0,907,0.48564910888671875,13
-16728.0,-18398.0,-18107.0,963,0.512005090713501,2
-17863.0,-17500.0,-18914.0,1026,0.5508360862731934,12
-17410.0,-18124.0,-18558.0,1073,0.5754561424255371,11
