z1,z2,z3,node,time,depth
5222.0,8013.0,6527.0,1,0.01589202880859375,1
5826.0,8370.0,4591.0,1,0.015930891036987305,1
6892.0,5455.0,6898.0,1,0.01595282554626465,1
6269.0,7718.0,6214.0,3,0.07621598243713379,2
5995.0,6508.0,8383.0,3,0.07622289657592773,2
5772.0,7298.0,7516.0,3,0.07623791694641113,2
5785.0,7092.0,7696.0,3,0.07624602317810059,2
6253.0,6416.0,7619.0,4,0.126662015914917,3
7201.0,8033.0,5306.0,5,0.15894579887390137,3
6276.0,7793.0,5812.0,5,0.1589679718017578,3
6149.0,7611.0,6238.0,5,0.15899085998535156,3
6775.0,7361.0,6072.0,5,0.15905094146728516,3
6648.0,7179.0,6498.0,5,0.15906596183776855,3
5423.0,7720.0,6923.0,14,0.3488759994506836,5
6227.0,6808.0,7216.0,14,0.34904980659484863,5
7164.0,7284.0,6387.0,19,0.43425488471984863,5
6969.0,6848.0,6413.0,24,0.5088670253753662,6
5625.0,8226.0,5995.0,24,0.5088748931884766,6
5398.0,10253.0,6172.0,24,0.5088818073272705,6
5808.0,9307.0,5700.0,25,0.5311729907989502,6
5472.0,8836.0,5927.0,25,0.5312249660491943,6
7007.0,7325.0,6301.0,41,0.7568378448486328,7
7895.0,6816.0,6876.0,41,0.7568478584289551,7
5826.0,7933.0,6391.0,41,0.7568888664245605,7
6575.0,8283.0,5472.0,51,0.8969128131866455,7
6895.0,7113.0,6515.0,60,1.0033059120178223,8
5817.0,8717.0,5977.0,64,1.0814599990844727,8
5567.0,7894.0,6577.0,64,1.0814859867095947,8
5768.0,7601.0,6973.0,64,1.0814979076385498,8
5970.0,8107.0,6045.0,89,1.3755090236663818,9
8378.0,7321.0,6298.0,101,1.5031168460845947,9
6101.0,7795.0,6811.0,154,2.000229835510254,11
5558.0,8484.0,6300.0,187,2.2237930297851562,12
6142.0,7536.0,6640.0,318,2.8645999431610107,15
5982.0,6714.0,8203.0,318,2.864609956741333,15
6244.0,7361.0,7140.0,319,2.891084909439087,15
6583.0,7025.0,7203.0,389,3.496797800064087,19
8311.0,6634.0,6852.0,389,3.4968788623809814,19
6641.0,7104.0,6900.0,421,3.793991804122925,21
6768.0,7286.0,6474.0,421,3.794001817703247,21
8448.0,7670.0,5684.0,466,4.200304985046387,24
7134.0,7507.0,5875.0,467,4.220956802368164,24
6637.0,7087.0,7152.0,502,4.4748430252075195,25
6508.0,7757.0,6041.0,509,4.550734996795654,26
6256.0,6255.0,9224.0,541,4.732710838317871,27
6766.0,5998.0,8753.0,541,4.732780933380127,27
6635.0,7939.0,5615.0,556,4.817560911178589,28
6728.0,6318.0,8848.0,566,4.881983995437622,28
6753.0,6204.0,8573.0,567,4.894117832183838,28
7433.0,7997.0,5535.0,582,4.995604991912842,29
7560.0,8179.0,5109.0,608,5.170578956604004,30
7074.0,7851.0,5732.0,887,6.466766834259033,47
6243.0,6461.0,9044.0,1092,7.340900897979736,65
