z1,z2,z3,node,time,depth
-18572.0,-18546.0,-18138.0,113,0.06906509399414062,13
-18398.0,-17858.0,-18220.0,201,0.11957216262817383,5
-18904.0,-18410.0,-18214.0,313,0.18005108833312988,2
-19016.0,-18830.0,-17904.0,314,0.18088912963867188,3
-18462.0,-18934.0,-17152.0,340,0.1975550651550293,10
-18789.0,-18867.0,-17525.0,349,0.20183920860290527,13
-18312.0,-18805.0,-18011.0,476,0.2712721824645996,5
-19067.0,-18739.0,-18025.0,560,0.31580114364624023,8
