z1,z2,z3,node,time,depth
67.0,60.0,99.0,1,0.02849102020263672,1
75.0,94.0,76.0,1,0.028515100479125977,1
71.0,81.0,80.0,1,0.028527021408081055,1
96.0,67.0,71.0,1,0.02855205535888672,1
82.0,81.0,72.0,1,0.028563976287841797,1
78.0,78.0,81.0,10,0.32758116722106934,4
119.0,65.0,91.0,11,0.36135196685791016,4
115.0,65.0,93.0,11,0.36136317253112793,4
109.0,66.0,98.0,28,0.5932750701904297,5
114.0,65.0,98.0,28,0.593285083770752,5
74.0,77.0,92.0,38,0.7974021434783936,6
110.0,66.0,93.0,46,0.8431010246276855,6
114.0,66.0,91.0,72,1.083984136581421,7
