z1,z2,z3,node,time,depth
-19818.0,-18004.0,-19311.0,1,0.0018420219421386719,1
-19136.0,-18430.0,-19503.0,2,0.0036368370056152344,2
-18960.0,-18679.0,-19121.0,28,0.02590203285217285,5
-19642.0,-18253.0,-18929.0,98,0.06540679931640625,8
-19405.0,-18454.0,-19210.0,136,0.08153796195983887,9
