z1,z2,z3,node,time,depth
65.0,72.0,74.0,1,0.15698909759521484,1
69.0,66.0,74.0,1,0.15700006484985352,1
82.0,62.0,63.0,1,0.1570110321044922,1
102.0,110.0,51.0,1,0.15703105926513672,1
71.0,76.0,64.0,1,0.15705204010009766,1
72.0,55.0,88.0,1,0.15714621543884277,1
64.0,87.0,70.0,1,0.15720820426940918,1
61.0,67.0,84.0,1,0.15721917152404785,1
82.0,77.0,59.0,1,0.157365083694458,1
92.0,53.0,82.0,1,0.15738606452941895,1
98.0,101.0,57.0,3,0.3496711254119873,2
100.0,99.0,57.0,3,0.34969210624694824,2
99.0,96.0,58.0,29,1.2313261032104492,4
97.0,98.0,58.0,29,1.2313852310180664,4
105.0,106.0,52.0,66,2.6362130641937256,6
108.0,103.0,54.0,67,2.665921211242676,6
97.0,108.0,53.0,67,2.6659440994262695,6
90.0,111.0,56.0,67,2.6659791469573975,6
103.0,101.0,56.0,67,2.66601300239563,6
71.0,73.0,72.0,81,2.9902470111846924,7
81.0,113.0,62.0,82,3.0036351680755615,7
111.0,99.0,55.0,86,3.0343141555786133,7
100.0,104.0,54.0,87,3.0588531494140625,7
93.0,107.0,57.0,87,3.058906078338623,7
97.0,104.0,57.0,88,3.083566188812256,7
75.0,64.0,75.0,95,3.3789310455322266,8
107.0,96.0,56.0,102,3.4085562229156494,8
105.0,98.0,56.0,102,3.4085781574249268,8
104.0,95.0,57.0,132,3.8999130725860596,9
106.0,93.0,57.0,132,3.8999340534210205,9
96.0,104.0,58.0,145,4.035675048828125,9
75.0,71.0,71.0,148,4.177657127380371,10
62.0,109.0,83.0,149,4.259427070617676,10
105.0,91.0,58.0,172,4.3789122104644775,10
103.0,93.0,58.0,172,4.378955125808716,10
92.0,107.0,58.0,174,4.409623146057129,10
89.0,111.0,57.0,186,4.5196452140808105,10
89.0,110.0,58.0,187,4.530868053436279,10
99.0,104.0,55.0,225,5.017949104309082,11
101.0,110.0,52.0,226,5.023924112319946,11
96.0,108.0,54.0,235,5.118805170059204,11
104.0,106.0,53.0,300,6.1095871925354,13
107.0,103.0,55.0,306,6.149444103240967,13
95.0,113.0,54.0,308,6.168351173400879,13
104.0,51.0,105.0,345,6.671983003616333,15
59.0,95.0,102.0,345,6.6720662117004395,15
59.0,97.0,97.0,345,6.672076225280762,15
94.0,113.0,55.0,354,6.719479084014893,15
102.0,52.0,104.0,361,6.803645133972168,16
60.0,90.0,105.0,372,6.962343215942383,17
60.0,92.0,100.0,372,6.962353229522705,17
60.0,98.0,96.0,387,7.097093105316162,18
