z1,z2,z3,node,time,depth
84.0,56.0,51.0,1,0.03253912925720215,1
65.0,55.0,58.0,1,0.032549142837524414,1
51.0,74.0,58.0,1,0.03255796432495117,1
76.0,49.0,60.0,1,0.03259611129760742,1
66.0,51.0,63.0,1,0.03260517120361328,1
45.0,59.0,79.0,1,0.03263401985168457,1
48.0,73.0,66.0,1,0.03264307975769043,1
89.0,46.0,94.0,5,0.1638779640197754,3
51.0,73.0,65.0,11,0.24012207984924316,4
93.0,48.0,85.0,25,0.3337841033935547,5
63.0,65.0,60.0,55,0.531965970993042,7
91.0,48.0,90.0,94,0.7710170745849609,9
