z1,z2,z3,node,time,depth
-16951.0,-18041.0,-15595.0,1,0.001363992691040039,1
-16903.0,-18036.0,-15623.0,1,0.0013778209686279297,1
-16961.0,-16860.0,-16849.0,2,0.002524852752685547,2
-16421.0,-17403.0,-16454.0,5,0.007973909378051758,5
-16643.0,-17378.0,-16215.0,192,0.17283296585083008,12
-16773.0,-17897.0,-15673.0,196,0.1779799461364746,6
-14929.0,-18223.0,-13383.0,273,0.24576783180236816,14
-14907.0,-18203.0,-13424.0,279,0.24967598915100098,15
-16942.0,-17219.0,-16450.0,471,0.4187438488006592,11
-17009.0,-16865.0,-16821.0,570,0.5180959701538086,3
-16469.0,-17408.0,-16426.0,623,0.5738430023193359,9
-16691.0,-17383.0,-16187.0,658,0.6074419021606445,12
-16990.0,-17224.0,-16422.0,824,0.7549669742584229,10
-17139.0,-17004.0,-16771.0,1423,1.2682609558105469,9
-16599.0,-17547.0,-16376.0,1425,1.27131986618042,11
-16821.0,-17522.0,-16137.0,1434,1.2824299335479736,12
-16860.0,-16705.0,-16964.0,1524,1.342430830001831,10
-17120.0,-17363.0,-16372.0,1527,1.344261884689331,9
