z1,z2,z3,node,time,depth
54.0,94.0,56.0,1,0.017964839935302734,1
63.0,73.0,73.0,1,0.01797199249267578,1
76.0,61.0,75.0,1,0.017979860305786133,1
80.0,59.0,85.0,1,0.018012046813964844,1
116.0,51.0,119.0,2,0.02637481689453125,2
113.0,53.0,113.0,64,0.5922720432281494,3
110.0,54.0,115.0,64,0.5922789573669434,3
90.0,55.0,91.0,209,2.116183042526245,2
118.0,51.0,117.0,209,2.1162049770355225,2
67.0,75.0,70.0,263,2.8265328407287598,6
