z1,z2,z3,node,time,depth
-9387.0,-10599.0,-9105.0,1,0.0005540847778320312,1
-9644.0,-10294.0,-8748.0,7,0.00392603874206543,3
-9521.0,-10309.0,-8849.0,7,0.003926992416381836,3
-9177.0,-10771.0,-8840.0,34,0.015093088150024414,6
-10041.0,-10266.0,-8768.0,38,0.016257047653198242,6
