z1,z2,z3,node,time,depth
-35.0,-39.0,-46.0,3,0.002864837646484375,2
-38.0,-38.0,-43.0,24,0.015123844146728516,5
-30.0,-39.0,-48.0,26,0.01569986343383789,5
-30.0,-40.0,-33.0,68,0.034158945083618164,7
-25.0,-42.0,-34.0,102,0.04628491401672363,10
