z1,z2,z3,node,time,depth
59.0,70.0,46.0,1,0.02921891212463379,1
48.0,78.0,61.0,1,0.029227018356323242,1
61.0,55.0,64.0,1,0.0292360782623291,1
47.0,77.0,66.0,1,0.02925395965576172,1
62.0,52.0,73.0,1,0.029314041137695312,1
61.0,59.0,63.0,19,0.3824789524078369,3
100.0,65.0,61.0,21,0.44764089584350586,5
90.0,68.0,62.0,21,0.4476480484008789,5
96.0,66.0,61.0,21,0.4477078914642334,5
96.0,69.0,59.0,24,0.5414299964904785,7
94.0,67.0,62.0,32,0.6565699577331543,8
58.0,75.0,90.0,152,3.363909959793091,14
