z1,z2,z3,node,time,depth
-41.0,-42.0,-27.0,1,0.0022461414337158203,1
-45.0,-31.0,-35.0,1,0.002267122268676758,1
-32.0,-23.0,-36.0,65,0.03373312950134277,10
-28.0,-26.0,-37.0,142,0.07728219032287598,9
-33.0,-21.0,-37.0,173,0.09487509727478027,10
-30.0,-25.0,-37.0,174,0.09519505500793457,9
-39.0,-34.0,-35.0,189,0.10360908508300781,2
-37.0,-16.0,-36.0,189,0.10361003875732422,2
-38.0,-36.0,-34.0,190,0.10512614250183105,3
-41.0,-32.0,-34.0,239,0.1349639892578125,7
-37.0,-39.0,-32.0,251,0.14379310607910156,9
-41.0,-38.0,-33.0,252,0.1441030502319336,8
-35.0,-41.0,-33.0,254,0.1446990966796875,6
-34.0,-43.0,-32.0,255,0.14499902725219727,5
