z1,z2,z3,node,time,depth
-55.0,-44.0,-28.0,1,0.0023651123046875,1
-40.0,-50.0,-38.0,7,0.014937162399291992,3
-43.0,-53.0,-31.0,9,0.01867198944091797,4
-47.0,-43.0,-36.0,14,0.029695987701416016,4
-28.0,-59.0,-27.0,18,0.03706002235412598,5
-43.0,-55.0,-29.0,24,0.04947495460510254,5
-38.0,-51.0,-38.0,33,0.06981301307678223,6
-42.0,-54.0,-30.0,49,0.10092806816101074,6
-46.0,-51.0,-31.0,49,0.10093212127685547,6
-44.0,-50.0,-35.0,49,0.10093498229980469,6
-54.0,-43.0,-29.0,49,0.10093998908996582,6
-39.0,-46.0,-40.0,60,0.12060713768005371,7
-45.0,-51.0,-34.0,89,0.17064809799194336,7
-47.0,-52.0,-30.0,89,0.17065715789794922,7
-51.0,-43.0,-33.0,90,0.17240595817565918,7
-39.0,-49.0,-39.0,110,0.20648694038391113,8
-38.0,-54.0,-37.0,112,0.20760297775268555,8
-45.0,-46.0,-37.0,148,0.2600381374359131,8
-52.0,-44.0,-32.0,150,0.26182007789611816,8
-34.0,-57.0,-36.0,178,0.30349016189575195,9
-45.0,-49.0,-36.0,220,0.358936071395874,9
-52.0,-47.0,-31.0,222,0.36018800735473633,9
-51.0,-46.0,-32.0,226,0.3642001152038574,9
-47.0,-46.0,-35.0,240,0.3834719657897949,9
-47.0,-49.0,-31.0,254,0.39702415466308594,10
-48.0,-48.0,-32.0,278,0.42307305335998535,10
-48.0,-50.0,-30.0,280,0.4244401454925537,10
-35.0,-46.0,-41.0,314,0.46073412895202637,11
-41.0,-53.0,-33.0,316,0.46187710762023926,11
-48.0,-46.0,-33.0,340,0.4842500686645508,11
-36.0,-58.0,-32.0,382,0.5249550342559814,12
-41.0,-46.0,-38.0,404,0.5396080017089844,12
-50.0,-51.0,-26.0,406,0.5409121513366699,12
-49.0,-50.0,-27.0,418,0.5510871410369873,12
-40.0,-51.0,-36.0,442,0.5703141689300537,13
-40.0,-53.0,-34.0,446,0.5727419853210449,13
-41.0,-52.0,-35.0,458,0.5795309543609619,13
-35.0,-52.0,-38.0,488,0.5986061096191406,14
-46.0,-47.0,-36.0,498,0.6039140224456787,14
-40.0,-47.0,-39.0,512,0.611868143081665,15
-38.0,-48.0,-40.0,534,0.6219661235809326,16
-44.0,-48.0,-37.0,542,0.6246111392974854,16
