z1,z2,z3,node,time,depth
19067.0,18132.0,20583.0,1,0.01793694496154785,1
20006.0,18795.0,19702.0,1,0.017944812774658203,1
20398.0,19430.0,19309.0,1,0.017952919006347656,1
17786.0,21015.0,18459.0,1,0.0179598331451416,1
18065.0,18958.0,21600.0,1,0.017967939376831055,1
18546.0,20499.0,19335.0,4,0.05495882034301758,3
20249.0,19418.0,19431.0,7,0.07377099990844727,4
19482.0,19147.0,19990.0,8,0.08594679832458496,5
18955.0,19915.0,19634.0,10,0.10485196113586426,6
18824.0,20052.0,20214.0,14,0.12671279907226562,7
