z1,z2,z3,node,time,depth
-77.0,-94.0,-65.0,1,0.0017099380493164062,1
-78.0,-92.0,-71.0,1,0.0017168521881103516,1
-80.0,-93.0,-67.0,1,0.0017409324645996094,1
-82.0,-88.0,-72.0,2,0.003525972366333008,2
-83.0,-83.0,-75.0,213,0.14081192016601562,13
-81.0,-89.0,-67.0,216,0.14339685440063477,7
-81.0,-86.0,-74.0,421,0.2742438316345215,4
-80.0,-87.0,-76.0,532,0.35590386390686035,3
-75.0,-88.0,-74.0,591,0.39849090576171875,15
-73.0,-85.0,-77.0,627,0.42332887649536133,17
-75.0,-80.0,-82.0,733,0.49042296409606934,17
-78.0,-79.0,-81.0,779,0.5209338665008545,13
-81.0,-82.0,-79.0,790,0.5301458835601807,12
-78.0,-84.0,-79.0,801,0.5379810333251953,11
-81.0,-84.0,-75.0,832,0.5586409568786621,12
-80.0,-81.0,-80.0,843,0.5659298896789551,11
-80.0,-89.0,-72.0,857,0.5759530067443848,11
