z1,z2,z3,node,time,depth
-4301.0,-5898.0,-5751.0,1,0.0034210681915283203,1
-4958.0,-6144.0,-5059.0,1,0.0034279823303222656,1
-4952.0,-4942.0,-6477.0,1,0.003437042236328125,1
-5569.0,-5318.0,-5318.0,1,0.0034520626068115234,1
-4912.0,-5072.0,-6010.0,2,0.0067348480224609375,2
-4781.0,-4971.0,-6068.0,7,0.022124052047729492,3
-4864.0,-5959.0,-5121.0,15,0.043415069580078125,4
-5053.0,-5161.0,-5941.0,24,0.06359505653381348,5
-4207.0,-5713.0,-5813.0,27,0.06920790672302246,5
-4822.0,-5859.0,-5185.0,31,0.07716202735900879,5
-4661.0,-5385.0,-5501.0,51,0.1147620677947998,6
-4989.0,-5374.0,-5912.0,55,0.12040185928344727,6
-3767.0,-6368.0,-4045.0,59,0.1303110122680664,6
-5281.0,-5199.0,-5374.0,122,0.22647404670715332,7
-4165.0,-5613.0,-5877.0,189,0.3067450523376465,8
-5318.0,-5631.0,-4809.0,222,0.3433389663696289,8
-4580.0,-5071.0,-6021.0,284,0.4057118892669678,9
-3809.0,-6468.0,-3981.0,353,0.4654419422149658,9
-5150.0,-4732.0,-6054.0,462,0.5568020343780518,10
-3152.0,-6222.0,-4673.0,511,0.5911679267883301,10
-4967.0,-5380.0,-5699.0,746,0.7615759372711182,11
-5258.0,-3720.0,-5536.0,852,0.8325488567352295,12
-5334.0,-3784.0,-5462.0,853,0.8332870006561279,12
-5042.0,-3382.0,-6267.0,870,0.8436989784240723,12
-5021.0,-4979.0,-6060.0,902,0.8643908500671387,12
-5058.0,-5411.0,-5495.0,916,0.8734250068664551,12
-4511.0,-5034.0,-6438.0,960,0.9036390781402588,12
-3831.0,-6196.0,-4395.0,997,0.9275720119476318,12
-3179.0,-6200.0,-4641.0,1128,1.0072999000549316,13
-3836.0,-6446.0,-3949.0,1166,1.0290310382843018,13
-5168.0,-5280.0,-5746.0,1184,1.0384540557861328,13
-5237.0,-5317.0,-5329.0,1190,1.041895866394043,13
-5074.0,-3564.0,-6148.0,1200,1.047260046005249,14
-5372.0,-3735.0,-5467.0,1213,1.054023027420044,14
-5048.0,-5694.0,-5179.0,1266,1.0807950496673584,14
-5205.0,-4031.0,-5468.0,1320,1.1046199798583984,15
-5302.0,-3602.0,-5581.0,1322,1.1054110527038574,15
-4241.0,-6187.0,-3777.0,1344,1.1150000095367432,15
-5227.0,-5600.0,-5013.0,1354,1.1187489032745361,15
-5225.0,-3434.0,-5781.0,1362,1.1217069625854492,16
-5243.0,-3982.0,-5473.0,1366,1.1231920719146729,16
