z1,z2,z3,node,time,depth
20478.0,17188.0,20229.0,1,0.012135982513427734,1
15571.0,21473.0,14400.0,1,0.012146949768066406,1
18951.0,17835.0,18624.0,1,0.012156963348388672,1
17476.0,19067.0,17743.0,1,0.012167930603027344,1
17709.0,18983.0,18075.0,2,0.030313968658447266,2
18879.0,18013.0,18520.0,4,0.06286787986755371,3
18571.0,18220.0,18641.0,14,0.18918490409851074,5
18742.0,18029.0,18852.0,14,0.18921995162963867,5
