z1,z2,z3,node,time,depth
-3542.0,-2181.0,-3681.0,3,0.0022280216217041016,2
-3785.0,-2198.0,-3257.0,3,0.0022361278533935547,2
-3012.0,-2472.0,-3607.0,9,0.0058841705322265625,4
-3674.0,-2706.0,-3587.0,16,0.00964808464050293,5
-2732.0,-2741.0,-3043.0,72,0.039353132247924805,8
-2257.0,-2750.0,-2914.0,90,0.04630613327026367,11
