z1,z2,z3,node,time,depth
76.0,74.0,52.0,1,0.00629115104675293,1
54.0,52.0,53.0,1,0.0062961578369140625,1
53.0,78.0,60.0,2,0.013483047485351562,2
51.0,86.0,82.0,3,0.019371986389160156,2
