z1,z2,z3,node,time,depth
14102.0,14303.0,14893.0,1,0.0030870437622070312,1
14068.0,15622.0,14589.0,1,0.003092050552368164,1
14511.0,14906.0,14363.0,1,0.003097057342529297,1
