z1,z2,z3,node,time,depth
16838.0,17400.0,17997.0,1,0.020633935928344727,1
18412.0,15913.0,18181.0,1,0.02064204216003418,1
16230.0,16803.0,19313.0,1,0.020648956298828125,1
18683.0,16370.0,17147.0,1,0.020657062530517578,1
18521.0,17128.0,16646.0,1,0.020663976669311523,1
17254.0,16739.0,17315.0,1,0.020672082901000977,1
17866.0,18629.0,16938.0,1,0.020678997039794922,1
17033.0,17024.0,17737.0,5,0.05976700782775879,3
18071.0,17180.0,17221.0,13,0.10954499244689941,7
