z1,z2,z3,node,time,depth
-8891.0,-8728.0,-9202.0,174,0.06259512901306152,3
-8857.0,-8773.0,-9009.0,174,0.06259608268737793,3
-8240.0,-9686.0,-8303.0,225,0.0801851749420166,7
-8844.0,-8804.0,-8791.0,227,0.08088397979736328,6
-8732.0,-9071.0,-9052.0,228,0.08120918273925781,6
-8878.0,-8759.0,-8984.0,230,0.08194208145141602,5
-8766.0,-9026.0,-9245.0,233,0.08289408683776855,5
