z1,z2,z3,node,time,depth
-64.0,-68.0,-58.0,1,0.0057070255279541016,1
-34.0,-39.0,-70.0,1,0.005712032318115234,1
-68.0,-43.0,-66.0,1,0.005715847015380859,1
-54.0,-72.0,-50.0,1,0.005720853805541992,1
-67.0,-63.0,-56.0,1,0.005724906921386719,1
-62.0,-69.0,-60.0,1,0.0057299137115478516,1
-70.0,-54.0,-55.0,1,0.005733966827392578,1
-71.0,-51.0,-50.0,1,0.005738973617553711,1
-49.0,-65.0,-68.0,1,0.0057430267333984375,1
-57.0,-38.0,-69.0,1,0.00574803352355957,1
-67.0,-61.0,-62.0,1,0.005751848220825195,1
-66.0,-52.0,-65.0,1,0.005756855010986328,1
-54.0,-59.0,-68.0,1,0.005760908126831055,1
-61.0,-70.0,-60.0,1,0.0057659149169921875,1
-59.0,-71.0,-41.0,1,0.005769968032836914,1
-70.0,-49.0,-58.0,1,0.005774974822998047,1
-69.0,-52.0,-63.0,1,0.0057790279388427734,1
-66.0,-64.0,-56.0,2,0.012174844741821289,2
-58.0,-67.0,-62.0,2,0.012225866317749023,2
-61.0,-58.0,-65.0,2,0.012234926223754883,2
-69.0,-55.0,-59.0,2,0.012239933013916016,2
-68.0,-60.0,-51.0,3,0.01642584800720215,2
-63.0,-49.0,-66.0,4,0.02178192138671875,3
-58.0,-54.0,-67.0,4,0.021823883056640625,3
-44.0,-44.0,-69.0,8,0.0382230281829834,4
-36.0,-46.0,-69.0,9,0.04230785369873047,4
-68.0,-58.0,-57.0,10,0.046666860580444336,4
-57.0,-71.0,-50.0,14,0.05795001983642578,4
-56.0,-66.0,-63.0,18,0.0725870132446289,5
-59.0,-62.0,-61.0,21,0.08395981788635254,5
-64.0,-54.0,-63.0,21,0.08396387100219727,5
-63.0,-53.0,-64.0,39,0.14173293113708496,6
-43.0,-66.0,-64.0,56,0.18530893325805664,7
-61.0,-60.0,-63.0,82,0.25246381759643555,8
