z1,z2,z3,node,time,depth
-49.0,-21.0,-48.0,1,0.0005300045013427734,1
-53.0,-17.0,-53.0,29,0.012362003326416016,7
-49.0,-19.0,-50.0,38,0.016292095184326172,3
-56.0,-15.0,-53.0,55,0.02302718162536621,7
-56.0,-13.0,-55.0,58,0.024172067642211914,6
-55.0,-15.0,-56.0,63,0.02588200569152832,5
