z1,z2,z3,node,time,depth
-7909.0,-11674.0,-7871.0,1,0.0024819374084472656,1
-10257.0,-11003.0,-10316.0,1,0.00249481201171875,1
-9300.0,-9421.0,-11163.0,1,0.0024988651275634766,1
-9344.0,-9955.0,-11106.0,1,0.002501964569091797,1
-10856.0,-9651.0,-10094.0,1,0.0025048255920410156,1
-9257.0,-11063.0,-10554.0,1,0.002507925033569336,1
-9239.0,-11672.0,-9603.0,1,0.0025098323822021484,1
-9797.0,-11238.0,-10216.0,1,0.002513885498046875,1
-9840.0,-10216.0,-10679.0,2,0.005604982376098633,2
-9993.0,-9463.0,-10491.0,4,0.010489940643310547,3
-9640.0,-10271.0,-10550.0,4,0.010492801666259766,3
-9856.0,-9711.0,-10332.0,8,0.018896818161010742,4
-10396.0,-9886.0,-9994.0,13,0.027503013610839844,4
-9380.0,-10451.0,-10579.0,22,0.04417085647583008,5
