z1,z2,z3,node,time,depth
-13314.0,-12882.0,-14029.0,258,0.12665295600891113,12
-13586.0,-13598.0,-13857.0,268,0.1316239833831787,10
-14160.0,-14167.0,-13486.0,390,0.1975998878479004,7
-13888.0,-13451.0,-13658.0,391,0.1980760097503662,8
-13499.0,-13887.0,-13534.0,392,0.19857406616210938,9
-13486.0,-14479.0,-13781.0,419,0.21230292320251465,3
-13253.0,-13566.0,-13954.0,420,0.21283388137817383,4
