z1,z2,z3,node,time,depth
-52.0,-33.0,-31.0,1,0.0011799335479736328,1
-55.0,-34.0,-24.0,1,0.0011839866638183594,1
-38.0,-27.0,-33.0,5,0.0042150020599365234,5
-42.0,-22.0,-34.0,16,0.008526086807250977,9
-43.0,-21.0,-32.0,30,0.0177609920501709,9
-41.0,-23.0,-32.0,38,0.020782947540283203,8
-39.0,-24.0,-33.0,39,0.021151065826416016,8
-52.0,-36.0,-23.0,79,0.04007601737976074,7
-51.0,-37.0,-25.0,102,0.04967308044433594,6
-54.0,-34.0,-26.0,105,0.05115008354187012,5
