z1,z2,z3,node,time,depth
-39.0,-25.0,-39.0,1,0.0011429786682128906,1
-40.0,-26.0,-38.0,1,0.0011448860168457031,1
-16.0,-42.0,-13.0,2,0.0023870468139648438,2
-36.0,-32.0,-32.0,17,0.01739788055419922,5
-34.0,-32.0,-34.0,36,0.033164024353027344,6
-30.0,-38.0,-28.0,64,0.053205013275146484,7
-33.0,-31.0,-35.0,82,0.0638730525970459,8
-27.0,-36.0,-30.0,94,0.06892895698547363,9
-16.0,-40.0,-15.0,98,0.07010102272033691,9
