z1,z2,z3,node,time,depth
-13330.0,-13834.0,-12457.0,1,0.000701904296875,1
-12588.0,-13004.0,-13506.0,1,0.0007028579711914062,1
-12785.0,-13029.0,-12865.0,15,0.011266946792602539,4
-12899.0,-13353.0,-12634.0,62,0.041977882385253906,7
-12547.0,-13008.0,-13110.0,226,0.12942099571228027,10
