z1,z2,z3,node,time,depth
-19432.0,-20187.0,-18661.0,1,0.002357006072998047,1
-19144.0,-19306.0,-19379.0,4,0.007568836212158203,4
-18411.0,-19327.0,-19512.0,262,0.15301799774169922,3
-18998.0,-18830.0,-19417.0,262,0.15301990509033203,3
-19636.0,-18568.0,-18694.0,323,0.19109702110290527,9
-19298.0,-19388.0,-18959.0,351,0.2048799991607666,13
-18672.0,-19379.0,-19171.0,367,0.21677899360656738,13
-19242.0,-20134.0,-18931.0,562,0.34677696228027344,14
-18616.0,-20125.0,-19143.0,597,0.36486387252807617,5
