z1,z2,z3,node,time,depth
-2468.0,-2557.0,-2621.0,1,0.0014719963073730469,1
-2483.0,-1450.0,-3282.0,1,0.0014798641204833984,1
-2622.0,-1887.0,-3024.0,1,0.0014808177947998047,1
-1098.0,-2074.0,-2931.0,16,0.009366035461425781,11
-1521.0,-1659.0,-3228.0,26,0.013780832290649414,11
-1679.0,-1011.0,-3419.0,104,0.05146384239196777,11
-2329.0,-2120.0,-2879.0,131,0.06464791297912598,2
-2487.0,-1472.0,-3070.0,131,0.06464886665344238,2
-2798.0,-2175.0,-1305.0,154,0.07682585716247559,11
-2627.0,-1957.0,-2036.0,161,0.0794839859008789,10
-2497.0,-2179.0,-1459.0,190,0.09382987022399902,11
-2626.0,-1909.0,-2812.0,201,0.09894895553588867,3
-2754.0,-1876.0,-2666.0,251,0.12418794631958008,7
-3084.0,-1494.0,-1350.0,262,0.1289830207824707,7
-3055.0,-1872.0,-2512.0,263,0.1292879581451416,5
