z1,z2,z3,node,time,depth
-9171.0,-8229.0,-8198.0,1,0.0008130073547363281,1
-8733.0,-8168.0,-8621.0,2,0.002115964889526367,2
-8900.0,-7822.0,-9107.0,5,0.004302978515625,3
-8785.0,-7836.0,-9116.0,36,0.020907878875732422,6
-9374.0,-7775.0,-8276.0,80,0.037477970123291016,8
