z1,z2,z3,node,time,depth
-9675.0,-9341.0,-10043.0,2,0.00109100341796875,2
-10379.0,-8726.0,-9319.0,5,0.0025072097778320312,3
-9127.0,-9445.0,-9971.0,16,0.007243156433105469,5
-9851.0,-8992.0,-9213.0,28,0.013071060180664062,6
-9836.0,-9566.0,-9931.0,32,0.014811038970947266,6
-10540.0,-8951.0,-9207.0,40,0.01853203773498535,7
