z1,z2,z3,node,time,depth
-4745.0,-5928.0,-5623.0,1,0.0022249221801757812,1
-4094.0,-6066.0,-4755.0,22,0.017508983612060547,16
-3973.0,-6425.0,-4688.0,60,0.0371551513671875,14
-4971.0,-5486.0,-4723.0,104,0.06725311279296875,14
-3910.0,-6273.0,-4713.0,184,0.11703610420227051,14
-3456.0,-6561.0,-4629.0,246,0.1551649570465088,12
-4460.0,-6048.0,-4122.0,272,0.17147397994995117,11
-4339.0,-6407.0,-4055.0,282,0.17610812187194824,14
-5337.0,-5468.0,-4090.0,306,0.19135808944702148,10
-4390.0,-5946.0,-4951.0,314,0.19617509841918945,12
-4682.0,-5776.0,-5648.0,443,0.27414608001708984,5
-3352.0,-6078.0,-4732.0,597,0.3744959831237793,13
-4932.0,-5771.0,-5371.0,649,0.4079451560974121,2
-5006.0,-4828.0,-5229.0,650,0.40964698791503906,3
-4943.0,-4676.0,-5254.0,650,0.40964794158935547,3
-5652.0,-4764.0,-4484.0,704,0.4406001567840576,13
-5589.0,-4612.0,-4509.0,790,0.4989950656890869,13
-5135.0,-4900.0,-4425.0,847,0.5362370014190674,7
-5071.0,-5224.0,-4712.0,865,0.5475239753723145,12
-4869.0,-5619.0,-5396.0,870,0.5518429279327393,4
-4060.0,-4830.0,-5828.0,886,0.5650849342346191,7
-4577.0,-4694.0,-5887.0,896,0.571234941482544,13
-5223.0,-4630.0,-5142.0,934,0.5914559364318848,11
-4123.0,-4982.0,-5803.0,961,0.6101629734039307,4
-4463.0,-4733.0,-5674.0,989,0.6308209896087646,5
-5109.0,-4669.0,-4929.0,1013,0.6475861072540283,8
