z1,z2,z3,node,time,depth
-14689.0,-13602.0,-13990.0,1,0.0015869140625,1
-14275.0,-13938.0,-14334.0,2,0.002955913543701172,2
-13415.0,-14153.0,-14555.0,2,0.0029621124267578125,2
-13551.0,-14656.0,-14127.0,3,0.004415035247802734,2
-13313.0,-14884.0,-13909.0,5,0.006850004196166992,3
-13191.0,-14498.0,-14387.0,9,0.010992050170898438,4
-14051.0,-14283.0,-14166.0,20,0.020613908767700195,5
-13775.0,-14311.0,-14295.0,28,0.027276039123535156,5
-14386.0,-14056.0,-13691.0,31,0.029573917388916016,5
-13790.0,-14034.0,-14317.0,31,0.02957606315612793,5
-14558.0,-13518.0,-14096.0,31,0.029579877853393555,5
-12930.0,-14249.0,-14538.0,59,0.050688982009887695,6
-14068.0,-14404.0,-13312.0,174,0.12249302864074707,9
-14216.0,-14181.0,-13730.0,188,0.1309831142425537,9
-14013.0,-13672.0,-14611.0,202,0.14043903350830078,9
-14148.0,-14135.0,-13895.0,226,0.15651202201843262,10
-13924.0,-14480.0,-13727.0,228,0.157958984375,10
-13945.0,-13626.0,-14776.0,242,0.16649508476257324,10
-13721.0,-13971.0,-14608.0,244,0.16791200637817383,10
-13153.0,-13887.0,-14832.0,248,0.17048406600952148,10
-12983.0,-14572.0,-14351.0,250,0.17192292213439941,10
-13843.0,-14357.0,-14130.0,252,0.17338109016418457,10
-13483.0,-14199.0,-14390.0,262,0.17968297004699707,11
