z1,z2,z3,node,time,depth
-9601.0,-8187.0,-10529.0,1,0.0010869503021240234,1
-9781.0,-7926.0,-10385.0,1,0.0011019706726074219,1
-9576.0,-8248.0,-10052.0,25,0.011759042739868164,5
-9227.0,-8575.0,-10250.0,34,0.014958858489990234,6
-9396.0,-8509.0,-10196.0,43,0.017868995666503906,6
-9509.0,-8392.0,-10257.0,58,0.022455930709838867,7
-9304.0,-8714.0,-9924.0,60,0.02318286895751953,7
-9022.0,-8897.0,-9917.0,62,0.02372598648071289,7
