z1,z2,z3,node,time,depth
-56.0,-37.0,-68.0,1,0.002357006072998047,1
-52.0,-51.0,-54.0,9,0.018290996551513672,4
-62.0,-46.0,-51.0,162,0.13314008712768555,8
-60.0,-47.0,-57.0,252,0.18286490440368652,9
-54.0,-49.0,-48.0,372,0.23605608940124512,10
-52.0,-38.0,-66.0,406,0.2488548755645752,10
-58.0,-31.0,-65.0,440,0.2641758918762207,10
-61.0,-46.0,-55.0,443,0.26566004753112793,10
-47.0,-40.0,-66.0,480,0.28279995918273926,11
-58.0,-47.0,-63.0,490,0.2870209217071533,11
-62.0,-39.0,-62.0,506,0.29233407974243164,11
-64.0,-38.0,-56.0,568,0.3167719841003418,12
-53.0,-49.0,-52.0,592,0.3253509998321533,13
-59.0,-47.0,-61.0,602,0.328869104385376,14
-60.0,-44.0,-64.0,604,0.3295400142669678,14
