z1,z2,z3,node,time,depth
-7851.0,-8725.0,-9433.0,1,0.0007319450378417969,1
-8566.0,-8526.0,-9865.0,87,0.033125877380371094,7
-8184.0,-8518.0,-10097.0,96,0.03678488731384277,3
-8899.0,-8319.0,-10529.0,117,0.044558048248291016,7
