z1,z2,z3,node,time,depth
-61.0,-24.0,-55.0,1,0.005489826202392578,1
-28.0,-62.0,-26.0,1,0.005493879318237305,1
-46.0,-45.0,-39.0,1,0.005496978759765625,1
-26.0,-64.0,-23.0,1,0.00550079345703125,1
-17.0,-69.0,-15.0,1,0.00550389289855957,1
-18.0,-68.0,-19.0,1,0.005507946014404297,1
-60.0,-24.0,-56.0,1,0.005510807037353516,1
-35.0,-50.0,-41.0,1,0.005514860153198242,1
-58.0,-30.0,-50.0,1,0.0055179595947265625,1
-48.0,-39.0,-47.0,1,0.0055217742919921875,1
-32.0,-57.0,-34.0,1,0.005525827407836914,1
-51.0,-38.0,-46.0,1,0.005528926849365234,1
-54.0,-31.0,-53.0,1,0.005531787872314453,1
-51.0,-32.0,-53.0,1,0.00553584098815918,1
-38.0,-43.0,-47.0,1,0.0055389404296875,1
-43.0,-43.0,-43.0,79,0.14209985733032227,8
-45.0,-42.0,-42.0,134,0.22668886184692383,8
-39.0,-50.0,-31.0,147,0.25365781784057617,12
-16.0,-64.0,-24.0,181,0.31090784072875977,12
-38.0,-48.0,-38.0,184,0.31757497787475586,14
-40.0,-48.0,-35.0,237,0.39646387100219727,14
-24.0,-59.0,-30.0,237,0.3964879512786865,14
-44.0,-43.0,-41.0,276,0.4559669494628906,12
-37.0,-49.0,-39.0,276,0.45597100257873535,12
-25.0,-62.0,-27.0,276,0.4559779167175293,12
-34.0,-56.0,-28.0,277,0.45882487297058105,13
-34.0,-53.0,-30.0,287,0.4719429016113281,15
-33.0,-57.0,-29.0,296,0.4854409694671631,13
-41.0,-49.0,-33.0,363,0.5921518802642822,2
-38.0,-51.0,-37.0,363,0.5921969413757324,2
-49.0,-28.0,-54.0,398,0.647568941116333,4
-39.0,-48.0,-37.0,448,0.737454891204834,13
-55.0,-30.0,-52.0,491,0.8025598526000977,8
-42.0,-44.0,-43.0,491,0.8025739192962646,8
-54.0,-33.0,-49.0,496,0.8172588348388672,11
-43.0,-45.0,-42.0,557,0.9102878570556641,11
-50.0,-35.0,-47.0,560,0.919482946395874,13
-46.0,-42.0,-40.0,594,0.9672708511352539,8
-47.0,-40.0,-41.0,601,0.9871768951416016,12
-44.0,-40.0,-43.0,601,0.9871869087219238,12
-46.0,-36.0,-50.0,614,1.009765863418579,11
-40.0,-42.0,-46.0,614,1.0097699165344238,11
-47.0,-36.0,-48.0,618,1.0162498950958252,12
-36.0,-39.0,-48.0,628,1.0365519523620605,13
-41.0,-41.0,-45.0,628,1.0365629196166992,13
-27.0,-52.0,-37.0,689,1.122605800628662,3
-48.0,-35.0,-49.0,689,1.1226379871368408,3
-52.0,-35.0,-43.0,690,1.130091905593872,4
-35.0,-53.0,-29.0,756,1.2616817951202393,13
-19.0,-67.0,-18.0,770,1.2787909507751465,15
-17.0,-65.0,-20.0,784,1.298292875289917,8
-32.0,-58.0,-25.0,796,1.332453966140747,7
-36.0,-52.0,-33.0,796,1.3324708938598633,7
-31.0,-58.0,-28.0,805,1.363769769668579,12
-42.0,-46.0,-35.0,809,1.3700268268585205,13
