z1,z2,z3,node,time,depth
-46.0,-68.0,-65.0,1,0.002476930618286133,1
-60.0,-55.0,-64.0,1,0.0025010108947753906,1
-54.0,-65.0,-61.0,241,0.12676191329956055,4
-50.0,-66.0,-63.0,255,0.13573193550109863,13
-50.0,-68.0,-60.0,270,0.14615797996520996,12
-51.0,-70.0,-59.0,398,0.21758079528808594,10
-59.0,-61.0,-61.0,414,0.2286088466644287,12
-55.0,-69.0,-57.0,469,0.2570478916168213,6
-60.0,-64.0,-58.0,486,0.26729297637939453,12
-62.0,-50.0,-48.0,508,0.2779569625854492,13
-61.0,-59.0,-58.0,522,0.28832197189331055,10
-56.0,-67.0,-57.0,528,0.2913548946380615,10
-61.0,-58.0,-61.0,531,0.29413795471191406,2
-59.0,-60.0,-64.0,531,0.29414987564086914,2
-51.0,-63.0,-66.0,552,0.3092529773712158,12
-55.0,-61.0,-66.0,601,0.3378739356994629,13
-56.0,-64.0,-63.0,635,0.3593568801879883,13
-52.0,-67.0,-62.0,648,0.3684229850769043,10
-54.0,-59.0,-67.0,665,0.38137197494506836,13
-55.0,-62.0,-64.0,701,0.4035530090332031,13
-47.0,-62.0,-67.0,715,0.4125969409942627,8
-51.0,-65.0,-63.0,718,0.41422080993652344,10
-52.0,-57.0,-68.0,720,0.41498589515686035,8
-56.0,-66.0,-60.0,731,0.4231889247894287,11
-57.0,-58.0,-65.0,740,0.4284060001373291,10
-58.0,-53.0,-65.0,752,0.43581080436706543,12
-56.0,-55.0,-68.0,758,0.4392428398132324,8
