z1,z2,z3,node,time,depth
-41.0,-17.0,-49.0,1,0.0011639595031738281,1
-31.0,-30.0,-36.0,1,0.0011708736419677734,1
-37.0,-23.0,-43.0,3,0.0032339096069335938,2
-19.0,-32.0,-18.0,7,0.006649971008300781,3
-35.0,-24.0,-42.0,9,0.007973909378051758,4
-38.0,-23.0,-41.0,16,0.012675046920776367,5
-36.0,-24.0,-41.0,32,0.02031683921813965,6
-44.0,-20.0,-46.0,36,0.021759033203125,6
-32.0,-30.0,-34.0,54,0.028558015823364258,7
-38.0,-27.0,-39.0,58,0.03004288673400879,7
