z1,z2,z3,node,time,depth
17145.0,17785.0,17541.0,1,0.011213064193725586,1
19252.0,19187.0,16722.0,1,0.011223077774047852,1
16697.0,18658.0,17411.0,1,0.011233091354370117,1
20202.0,17253.0,17734.0,1,0.011243104934692383,1
17973.0,17502.0,17322.0,1,0.011254072189331055,1
