z1,z2,z3,node,time,depth
19533.0,22803.0,19736.0,1,0.015322208404541016,1
23550.0,19479.0,23496.0,1,0.015333175659179688,1
22091.0,20657.0,21399.0,1,0.01534414291381836,1
20594.0,21932.0,20862.0,15,0.12804818153381348,3
21689.0,21233.0,21745.0,15,0.1280810832977295,3
23207.0,20609.0,22792.0,15,0.1281130313873291,3
22087.0,21075.0,22739.0,31,0.2399590015411377,4
21421.0,22377.0,20578.0,63,0.5653672218322754,8
21144.0,22616.0,20777.0,63,0.5654211044311523,8
