z1,z2,z3,node,time,depth
-31.0,-41.0,-37.0,1,0.001605987548828125,1
-37.0,-35.0,-19.0,3,0.004903078079223633,2
-35.0,-36.0,-27.0,62,0.044013023376464844,7
-38.0,-28.0,-21.0,84,0.05557703971862793,8
-36.0,-31.0,-31.0,92,0.059481143951416016,8
-33.0,-43.0,-25.0,116,0.06914806365966797,9
-36.0,-36.0,-22.0,128,0.07355999946594238,10
