z1,z2,z3,node,time,depth
17774.0,18652.0,18052.0,1,0.005764961242675781,1
18860.0,17520.0,18984.0,1,0.0057718753814697266,1
18674.0,17973.0,18546.0,1,0.00577998161315918,1
17959.0,18480.0,18820.0,5,0.025279998779296875,3
18578.0,18127.0,18548.0,5,0.02530193328857422,3
18419.0,18092.0,18618.0,5,0.025310039520263672,3
