z1,z2,z3,node,time,depth
-18671.0,-19551.0,-19050.0,1,0.002376079559326172,1
-18186.0,-19441.0,-19668.0,1,0.0023860931396484375,1
-19158.0,-19519.0,-18837.0,1,0.002398967742919922,1
-19982.0,-19291.0,-18337.0,1,0.002410888671875,1
-19010.0,-19213.0,-19168.0,2,0.004973888397216797,2
-19267.0,-19099.0,-19109.0,2,0.004976987838745117,2
-19497.0,-19181.0,-18955.0,4,0.008722066879272461,3
-19752.0,-19209.0,-18491.0,5,0.010729074478149414,3
-19495.0,-19323.0,-18550.0,5,0.01073002815246582,3
-18443.0,-19327.0,-19609.0,6,0.013287067413330078,3
-18928.0,-19437.0,-18991.0,6,0.013309955596923828,3
-20096.0,-18846.0,-18426.0,9,0.017628908157348633,4
-18673.0,-19409.0,-19455.0,28,0.044589996337890625,5
-18966.0,-18796.0,-19576.0,31,0.04784393310546875,5
-19223.0,-18682.0,-19517.0,51,0.07052898406982422,6
-18736.0,-18714.0,-19730.0,104,0.11762690544128418,7
-19290.0,-18784.0,-18975.0,157,0.15639996528625488,8
-19697.0,-18774.0,-18735.0,241,0.2185049057006836,9
-18805.0,-18674.0,-19593.0,249,0.22470498085021973,9
-19669.0,-18823.0,-18701.0,408,0.3286910057067871,11
-19341.0,-18627.0,-19067.0,550,0.4268190860748291,13
-19654.0,-19095.0,-18703.0,584,0.4504249095916748,14
-19911.0,-18981.0,-18644.0,588,0.4530599117279053,14
-19369.0,-18578.0,-19101.0,596,0.45886898040771484,14
-19184.0,-18713.0,-19319.0,598,0.46033310890197754,14
-19087.0,-19209.0,-19144.0,602,0.46324610710144043,14
-19025.0,-18941.0,-19166.0,606,0.466264009475708,14
-18830.0,-19323.0,-19203.0,612,0.4705240726470947,14
-18768.0,-19055.0,-19225.0,616,0.4733860492706299,14
-18927.0,-18827.0,-19378.0,618,0.47487306594848633,14
