z1,z2,z3,node,time,depth
-29.0,-27.0,-31.0,12,0.015429019927978516,4
-26.0,-18.0,-32.0,26,0.02776193618774414,5
-26.0,-35.0,-20.0,66,0.05354809761047363,7
-27.0,-34.0,-28.0,124,0.08098006248474121,8
-29.0,-28.0,-29.0,132,0.08435201644897461,8
-25.0,-28.0,-34.0,142,0.08837890625,8
-30.0,-28.0,-26.0,148,0.09068703651428223,8
-30.0,-27.0,-28.0,172,0.10018086433410645,8
-32.0,-27.0,-25.0,188,0.10573887825012207,8
-32.0,-28.0,-20.0,188,0.10574102401733398,8
-29.0,-34.0,-16.0,192,0.10732293128967285,8
-27.0,-33.0,-30.0,220,0.11781597137451172,9
-22.0,-33.0,-32.0,246,0.12694907188415527,10
-18.0,-24.0,-36.0,248,0.12760305404663086,10
-31.0,-33.0,-19.0,256,0.12973904609680176,10
-30.0,-33.0,-24.0,266,0.13270187377929688,10
-33.0,-27.0,-22.0,270,0.13397598266601562,11
