z1,z2,z3,node,time,depth
-3163.0,-3699.0,-801.0,1,0.003010988235473633,1
-3528.0,-3486.0,-850.0,1,0.0030171871185302734,1
-2038.0,-1781.0,-2598.0,1,0.003050088882446289,1
-2391.0,-2326.0,-2197.0,113,0.0579681396484375,4
-3069.0,-1693.0,-1404.0,145,0.07131004333496094,5
-1730.0,-2177.0,-2429.0,176,0.08885002136230469,8
-1935.0,-2296.0,-2339.0,180,0.0903170108795166,9
-1154.0,-1515.0,-2629.0,198,0.10112309455871582,10
-2095.0,-1964.0,-2478.0,202,0.10451316833496094,6
-1992.0,-2479.0,-2219.0,208,0.10739016532897949,9
-2300.0,-2083.0,-2388.0,210,0.10808014869689941,7
-1766.0,-2535.0,-2055.0,212,0.11243104934692383,3
-3471.0,-3303.0,-970.0,213,0.11406207084655762,4
-3072.0,-3456.0,-992.0,292,0.1515641212463379,8
-3014.0,-2038.0,-1397.0,310,0.16176104545593262,11
-3219.0,-2157.0,-1307.0,344,0.17704296112060547,11
-1584.0,-2559.0,-2062.0,418,0.21879196166992188,9
-1641.0,-2742.0,-1942.0,444,0.23195910453796387,9
-2719.0,-2736.0,-1979.0,457,0.23806500434875488,4
-2616.0,-3251.0,-1720.0,465,0.24298906326293945,9
-3084.0,-3208.0,-1067.0,466,0.24334096908569336,8
-2525.0,-3008.0,-1911.0,467,0.2436830997467041,7
-2924.0,-2855.0,-1889.0,468,0.24400615692138672,6
-2981.0,-3038.0,-1769.0,469,0.24437308311462402,5
