z1,z2,z3,node,time,depth
21927.0,24337.0,24895.0,1,0.021310091018676758,1
25377.0,22741.0,22111.0,1,0.021325111389160156,1
22975.0,23606.0,22463.0,1,0.021340131759643555,1
22754.0,24867.0,23942.0,3,0.044898033142089844,2
