z1,z2,z3,node,time,depth
-8466.0,-8870.0,-8806.0,1,0.0012059211730957031,1
-8217.0,-8670.0,-8953.0,2,0.002218008041381836,2
-8681.0,-8426.0,-8706.0,101,0.042511940002441406,6
-8726.0,-8725.0,-8314.0,106,0.04451489448547363,6
-7833.0,-9059.0,-8778.0,107,0.04485678672790527,5
