z1,z2,z3,node,time,depth
-3160.0,-4839.0,-1466.0,1,0.005026102066040039,1
-4676.0,-3779.0,-2821.0,1,0.005028963088989258,1
-4390.0,-4118.0,-3580.0,1,0.005032062530517578,1
-3427.0,-3186.0,-4829.0,1,0.005034923553466797,1
-4096.0,-3143.0,-4697.0,1,0.005038022994995117,1
-2888.0,-4784.0,-2205.0,1,0.005040884017944336,1
-4135.0,-4449.0,-3325.0,1,0.00504302978515625,1
-3612.0,-4558.0,-3052.0,1,0.005045890808105469,1
-4849.0,-3108.0,-2150.0,1,0.005048990249633789,1
-4832.0,-3186.0,-1768.0,1,0.005052089691162109,1
-3777.0,-4300.0,-4108.0,1,0.005053997039794922,1
-4348.0,-3795.0,-4242.0,1,0.005057096481323242,1
-4603.0,-3464.0,-4497.0,1,0.005059957504272461,1
-4111.0,-3835.0,-4495.0,1,0.005062103271484375,1
-3982.0,-3641.0,-4641.0,1,0.005064964294433594,1
-2450.0,-4717.0,-2797.0,1,0.005068063735961914,1
-3174.0,-4491.0,-3644.0,1,0.005070924758911133,1
-2862.0,-4543.0,-3465.0,1,0.005073070526123047,1
-3343.0,-4595.0,-1914.0,2,0.013339042663574219,2
-4634.0,-3432.0,-3565.0,2,0.013345003128051758,2
-4720.0,-3210.0,-3252.0,3,0.02208399772644043,2
-2586.0,-4747.0,-2455.0,3,0.022095918655395508,2
-3099.0,-4503.0,-3212.0,3,0.022104978561401367,2
-3849.0,-4213.0,-3915.0,4,0.02959609031677246,3
-2220.0,-4593.0,-2854.0,4,0.029612064361572266,3
-2562.0,-4588.0,-2557.0,4,0.029614925384521484,3
-3795.0,-4314.0,-3500.0,5,0.03569293022155762,3
-4320.0,-3832.0,-3683.0,5,0.035700082778930664,3
-4144.0,-4301.0,-1731.0,6,0.04496002197265625,3
-4751.0,-3178.0,-2320.0,7,0.05459403991699219,3
-4183.0,-3748.0,-4302.0,9,0.06632208824157715,4
-4467.0,-3782.0,-3633.0,24,0.09282994270324707,4
-3176.0,-3906.0,-4211.0,31,0.10727405548095703,5
-4507.0,-3864.0,-2335.0,128,0.21986794471740723,6
-2490.0,-4675.0,-2750.0,252,0.32611703872680664,8
