z1,z2,z3,node,time,depth
-17388.0,-21474.0,-17743.0,1,0.0009469985961914062,1
-18874.0,-19789.0,-19183.0,1,0.0009570121765136719,1
-18115.0,-20644.0,-18511.0,88,0.05995798110961914,3
-18147.0,-20619.0,-18415.0,147,0.1003870964050293,7
-18250.0,-20602.0,-18477.0,170,0.1167299747467041,9
