z1,z2,z3,node,time,depth
-33.0,-40.0,-22.0,51,0.019872188568115234,9
-17.0,-47.0,-26.0,171,0.06920599937438965,10
-30.0,-44.0,-29.0,227,0.09384298324584961,5
