z1,z2,z3,node,time,depth
-34.0,-36.0,-34.0,1,0.0012938976287841797,1
-33.0,-37.0,-33.0,6,0.007141828536987305,3
-35.0,-25.0,-31.0,32,0.027931928634643555,6
-29.0,-42.0,-28.0,164,0.09293389320373535,10
-39.0,-20.0,-36.0,166,0.09349393844604492,11
-12.0,-43.0,-13.0,168,0.09408283233642578,11
