z1,z2,z3,node,time,depth
-24.0,-28.0,-32.0,1,0.0027780532836914062,1
-20.0,-33.0,-31.0,1,0.0027799606323242188,1
-29.0,-27.0,-18.0,1,0.0028018951416015625,1
-22.0,-38.0,-14.0,3,0.006669044494628906,3
-22.0,-34.0,-19.0,30,0.020290851593017578,5
-16.0,-36.0,-20.0,83,0.04972100257873535,10
-14.0,-35.0,-25.0,103,0.058187007904052734,9
-21.0,-36.0,-15.0,121,0.06696581840515137,10
-14.0,-39.0,-20.0,126,0.06989383697509766,7
-19.0,-35.0,-18.0,137,0.0749959945678711,10
-15.0,-37.0,-19.0,139,0.07561993598937988,8
-26.0,-33.0,-15.0,181,0.10190582275390625,2
-29.0,-20.0,-22.0,181,0.10192394256591797,2
-26.0,-29.0,-20.0,184,0.10623788833618164,5
-21.0,-33.0,-20.0,199,0.11360383033752441,10
-23.0,-29.0,-22.0,203,0.11571884155273438,6
-24.0,-32.0,-18.0,208,0.11783504486083984,9
-27.0,-23.0,-23.0,219,0.1251049041748047,10
-28.0,-22.0,-24.0,225,0.12816405296325684,10
-28.0,-26.0,-19.0,226,0.12849092483520508,9
-25.0,-27.0,-21.0,233,0.13258886337280273,10
-23.0,-30.0,-19.0,259,0.14845895767211914,10
-14.0,-24.0,-34.0,272,0.15537095069885254,9
-13.0,-34.0,-26.0,293,0.16571593284606934,10
-18.0,-34.0,-21.0,299,0.16808485984802246,7
