z1,z2,z3,node,time,depth
-9656.0,-9145.0,-9671.0,2,0.0012040138244628906,2
-9207.0,-8524.0,-9905.0,14,0.005560874938964844,10
-9026.0,-9227.0,-8952.0,32,0.013299942016601562,6
-9343.0,-9236.0,-8239.0,58,0.023827791213989258,10
