z1,z2,z3,node,time,depth
-37.0,-60.0,-37.0,1,0.003493070602416992,1
-36.0,-60.0,-41.0,1,0.0034971237182617188,1
-38.0,-49.0,-56.0,1,0.0035009384155273438,1
-44.0,-44.0,-59.0,1,0.0035049915313720703,1
-52.0,-29.0,-56.0,1,0.0035190582275390625,1
-54.0,-50.0,-53.0,1,0.003523111343383789,1
-47.0,-42.0,-59.0,1,0.003526926040649414,1
-64.0,-41.0,-48.0,1,0.0035309791564941406,1
-55.0,-53.0,-43.0,1,0.003535032272338867,1
-51.0,-52.0,-53.0,1,0.0035390853881835938,1
-50.0,-57.0,-39.0,1,0.0035429000854492188,1
-46.0,-56.0,-49.0,1,0.0035469532012939453,1
-46.0,-57.0,-46.0,1,0.003551006317138672,1
-44.0,-58.0,-45.0,1,0.0035550594329833984,1
-49.0,-38.0,-56.0,3,0.009910106658935547,2
-57.0,-47.0,-42.0,4,0.014527082443237305,3
-61.0,-43.0,-48.0,4,0.01453399658203125,3
-57.0,-45.0,-49.0,4,0.014542102813720703,3
-48.0,-53.0,-48.0,7,0.02248406410217285,3
-41.0,-47.0,-56.0,9,0.030723094940185547,4
-56.0,-47.0,-44.0,16,0.04597806930541992,5
-40.0,-55.0,-50.0,24,0.0650489330291748,5
-47.0,-55.0,-48.0,24,0.06505990028381348,5
-59.0,-29.0,-51.0,32,0.07895112037658691,6
-51.0,-41.0,-54.0,33,0.08254599571228027,6
-50.0,-42.0,-55.0,33,0.082550048828125,6
-57.0,-46.0,-43.0,50,0.11659407615661621,7
-56.0,-31.0,-51.0,51,0.11890792846679688,7
-58.0,-44.0,-40.0,69,0.15521001815795898,8
