z1,z2,z3,node,time,depth
-67.0,-86.0,-83.0,1,0.005116939544677734,1
-83.0,-77.0,-78.0,1,0.005128145217895508,1
-78.0,-74.0,-88.0,1,0.005166053771972656,1
-60.0,-88.0,-67.0,1,0.005178928375244141,1
-75.0,-83.0,-79.0,1,0.005192995071411133,1
-79.0,-75.0,-86.0,2,0.00940394401550293,2
-79.0,-79.0,-80.0,792,0.8853240013122559,3
-87.0,-60.0,-72.0,907,1.0394949913024902,16
-84.0,-70.0,-83.0,1155,1.2485690116882324,5
-76.0,-76.0,-84.0,1342,1.4760699272155762,10
-84.0,-72.0,-82.0,1391,1.5168099403381348,11
-87.0,-65.0,-68.0,1439,1.5901849269866943,17
-88.0,-59.0,-71.0,1445,1.5933771133422852,16
-83.0,-69.0,-85.0,1523,1.689579963684082,2
-78.0,-78.0,-82.0,1828,2.038451910018921,4
-83.0,-71.0,-84.0,1977,2.2359399795532227,11
-86.0,-70.0,-80.0,2009,2.2719991207122803,3
-72.0,-77.0,-88.0,2010,2.275439977645874,4
-80.0,-74.0,-84.0,2010,2.2754650115966797,4
-61.0,-87.0,-72.0,2076,2.367119073867798,13
-59.0,-87.0,-73.0,2081,2.371397018432617,16
-69.0,-84.0,-68.0,2180,2.4713590145111084,13
-74.0,-76.0,-85.0,2288,2.6134090423583984,5
-68.0,-85.0,-63.0,2331,2.6721010208129883,10
-70.0,-84.0,-64.0,2396,2.741863965988159,14
-75.0,-82.0,-81.0,2429,2.7758500576019287,13
-80.0,-75.0,-83.0,2431,2.776634931564331,11
-80.0,-78.0,-76.0,2432,2.7790820598602295,6
-75.0,-80.0,-82.0,2479,2.8360800743103027,5
-72.0,-79.0,-85.0,2603,2.9708480834960938,11
-72.0,-78.0,-87.0,2605,2.9716200828552246,9
