z1,z2,z3,node,time,depth
-49.0,-28.0,-40.0,1,0.0060689449310302734,1
-46.0,-32.0,-44.0,1,0.006072044372558594,1
-48.0,-42.0,-20.0,1,0.006075143814086914,1
-41.0,-39.0,-44.0,1,0.006078004837036133,1
-30.0,-44.0,-44.0,1,0.006081104278564453,1
-39.0,-48.0,-20.0,1,0.006083965301513672,1
-40.0,-43.0,-38.0,1,0.006087064743041992,1
-31.0,-47.0,-42.0,1,0.0060901641845703125,1
-31.0,-22.0,-48.0,1,0.006093025207519531,1
-25.0,-21.0,-49.0,1,0.0060961246490478516,1
-32.0,-48.0,-37.0,1,0.00609898567199707,1
-24.0,-50.0,-33.0,1,0.006102085113525391,1
-29.0,-50.0,-26.0,1,0.006104946136474609,1
-22.0,-51.0,-26.0,1,0.00610804557800293,1
-49.0,-39.0,-29.0,1,0.00611114501953125,1
-41.0,-45.0,-29.0,1,0.006114006042480469,1
-37.0,-46.0,-36.0,1,0.006117105484008789,1
-30.0,-35.0,-47.0,1,0.006119966506958008,1
-36.0,-29.0,-47.0,1,0.006124019622802734,1
-42.0,-30.0,-46.0,1,0.0061261653900146484,1
-42.0,-41.0,-35.0,2,0.015969038009643555,2
-35.0,-47.0,-30.0,2,0.01598811149597168,2
-32.0,-45.0,-38.0,2,0.015995025634765625,2
-45.0,-35.0,-35.0,3,0.02554798126220703,2
-48.0,-31.0,-31.0,4,0.03128695487976074,3
-42.0,-44.0,-29.0,4,0.03129005432128906,3
-34.0,-48.0,-27.0,4,0.03130197525024414,3
-33.0,-44.0,-37.0,5,0.04256010055541992,3
-33.0,-36.0,-46.0,6,0.0508420467376709,3
-40.0,-40.0,-41.0,6,0.0508570671081543,3
-37.0,-42.0,-41.0,6,0.05086016654968262,3
-41.0,-42.0,-32.0,6,0.050866127014160156,3
-39.0,-44.0,-35.0,6,0.050872087478637695,3
-43.0,-38.0,-37.0,6,0.05088496208190918,3
-31.0,-38.0,-45.0,7,0.05716109275817871,3
-41.0,-41.0,-36.0,7,0.05716705322265625,3
-43.0,-34.0,-40.0,16,0.08415913581848145,4
-24.0,-37.0,-46.0,16,0.08419013023376465,4
-35.0,-41.0,-43.0,19,0.09602594375610352,4
-44.0,-41.0,-30.0,58,0.1316840648651123,5
-36.0,-40.0,-42.0,70,0.1501600742340088,5
-36.0,-32.0,-45.0,112,0.19728899002075195,6
-32.0,-49.0,-20.0,174,0.2493140697479248,7
-31.0,-49.0,-24.0,240,0.2984809875488281,8
