z1,z2,z3,node,time,depth
-64.0,-73.0,-61.0,1,0.0026099681854248047,1
-75.0,-50.0,-72.0,1,0.0026199817657470703,1
-73.0,-49.0,-74.0,1,0.0026459693908691406,1
-63.0,-72.0,-64.0,8,0.03198099136352539,4
-51.0,-78.0,-48.0,23,0.0780489444732666,5
-65.0,-63.0,-63.0,144,0.2735331058502197,7
-63.0,-62.0,-65.0,269,0.40050697326660156,8
-30.0,-84.0,-32.0,423,0.531074047088623,9
-46.0,-81.0,-47.0,623,0.6869790554046631,10
-32.0,-83.0,-32.0,625,0.6886270046234131,10
-64.0,-64.0,-62.0,687,0.7346470355987549,10
-50.0,-77.0,-51.0,817,0.8192439079284668,11
-52.0,-74.0,-54.0,856,0.8481030464172363,11
-69.0,-58.0,-66.0,936,0.9067049026489258,12
-70.0,-58.0,-64.0,954,0.9249770641326904,12
-46.0,-82.0,-45.0,1040,0.9778769016265869,12
-43.0,-80.0,-48.0,1041,0.9793839454650879,12
-73.0,-51.0,-71.0,1153,1.0543389320373535,13
-66.0,-64.0,-60.0,1258,1.121147871017456,13
-69.0,-60.0,-61.0,1305,1.1612539291381836,14
-50.0,-75.0,-53.0,1361,1.2010300159454346,14
-65.0,-62.0,-64.0,1408,1.22639799118042,14
-45.0,-79.0,-48.0,1488,1.2841770648956299,15
-64.0,-61.0,-66.0,1494,1.2885360717773438,15
-53.0,-76.0,-52.0,1498,1.2906439304351807,15
-65.0,-64.0,-61.0,1506,1.2950129508972168,15
-54.0,-77.0,-49.0,1514,1.299118995666504,15
-66.0,-59.0,-66.0,1524,1.304063081741333,16
-68.0,-56.0,-69.0,1576,1.3385779857635498,16
-68.0,-60.0,-64.0,1682,1.4050779342651367,18
-67.0,-59.0,-65.0,1734,1.4359350204467773,19
-68.0,-58.0,-67.0,1738,1.438533067703247,19
-67.0,-57.0,-68.0,1740,1.4399149417877197,19
-69.0,-56.0,-67.0,1758,1.454603910446167,19
