z1,z2,z3,node,time,depth
-9545.0,-9927.0,-9749.0,1,0.0006330013275146484,1
-9518.0,-10262.0,-8997.0,2,0.0015048980712890625,2
-9902.0,-9929.0,-9197.0,3,0.0020818710327148438,3
-9979.0,-9906.0,-9266.0,34,0.014261007308959961,6
-9402.0,-10335.0,-9184.0,42,0.018023967742919922,6
