z1,z2,z3,node,time,depth
-53.0,-55.0,-55.0,95,0.12240004539489746,7
-55.0,-43.0,-58.0,251,0.2780170440673828,8
-52.0,-59.0,-58.0,258,0.282818078994751,9
-51.0,-40.0,-62.0,401,0.37649989128112793,9
-50.0,-60.0,-55.0,496,0.4360969066619873,10
-44.0,-64.0,-55.0,498,0.43723487854003906,10
-54.0,-53.0,-58.0,502,0.43970608711242676,10
-55.0,-56.0,-54.0,536,0.46033191680908203,10
-47.0,-61.0,-51.0,540,0.463123083114624,10
-52.0,-55.0,-61.0,588,0.4838230609893799,10
-44.0,-60.0,-58.0,594,0.4871220588684082,10
-49.0,-49.0,-63.0,836,0.6090419292449951,11
-48.0,-61.0,-49.0,912,0.6454520225524902,12
-54.0,-49.0,-61.0,944,0.658531904220581,12
-47.0,-55.0,-63.0,970,0.670098066329956,12
-45.0,-60.0,-57.0,1016,0.688485860824585,13
-39.0,-60.0,-60.0,1058,0.7033920288085938,13
-46.0,-59.0,-61.0,1060,0.7041409015655518,13
-58.0,-52.0,-57.0,1088,0.7136058807373047,14
-46.0,-42.0,-64.0,1090,0.7143518924713135,15
-44.0,-48.0,-64.0,1092,0.7151000499725342,15
