z1,z2,z3,node,time,depth
58.0,78.0,67.0,1,0.12050318717956543,1
63.0,74.0,66.0,1,0.1205132007598877,1
73.0,67.0,71.0,1,0.1205441951751709,1
63.0,80.0,61.0,1,0.12057614326477051,1
63.0,58.0,97.0,1,0.12072110176086426,1
55.0,77.0,72.0,1,0.12082505226135254,1
89.0,107.0,56.0,24,0.451937198638916,3
91.0,103.0,58.0,27,0.4842801094055176,5
87.0,105.0,58.0,27,0.4843440055847168,5
88.0,106.0,57.0,29,0.5012340545654297,6
90.0,102.0,59.0,33,0.5260500907897949,6
84.0,105.0,59.0,42,0.5859460830688477,5
84.0,112.0,56.0,67,1.0613420009613037,4
53.0,106.0,94.0,68,1.103044033050537,5
53.0,109.0,90.0,68,1.1030561923980713,5
54.0,103.0,94.0,71,1.1238510608673096,7
54.0,106.0,90.0,71,1.1238641738891602,7
58.0,73.0,82.0,91,1.3039450645446777,5
54.0,102.0,96.0,110,1.7728002071380615,7
54.0,105.0,92.0,110,1.7728111743927002,7
53.0,98.0,99.0,111,1.8537471294403076,7
103.0,94.0,59.0,112,1.9134540557861328,8
72.0,84.0,60.0,112,1.9135961532592773,8
64.0,69.0,85.0,114,2.041755199432373,9
79.0,113.0,58.0,132,2.4376320838928223,11
94.0,96.0,59.0,132,2.4376420974731445,11
82.0,109.0,59.0,135,2.4617741107940674,13
91.0,97.0,59.0,150,2.562298059463501,13
87.0,108.0,57.0,160,2.6773180961608887,12
85.0,110.0,58.0,173,2.83119797706604,21
54.0,99.0,97.0,266,3.751962184906006,17
