z1,z2,z3,node,time,depth
-79.0,-66.0,-76.0,1,0.0036029815673828125,1
-85.0,-58.0,-85.0,1,0.003606081008911133,1
-91.0,-32.0,-92.0,1,0.0036602020263671875,1
-88.0,-51.0,-89.0,2,0.007238149642944336,2
-83.0,-45.0,-91.0,6,0.02169513702392578,3
-85.0,-42.0,-91.0,12,0.040499210357666016,4
-89.0,-35.0,-92.0,31,0.09612703323364258,5
-91.0,-42.0,-85.0,34,0.10329008102416992,6
-84.0,-59.0,-80.0,46,0.13343310356140137,6
-74.0,-69.0,-72.0,84,0.22954511642456055,7
-73.0,-70.0,-67.0,259,0.6330461502075195,9
-58.0,-72.0,-58.0,401,0.920795202255249,10
-79.0,-64.0,-79.0,1332,2.12107515335083,15
-92.0,-26.0,-87.0,1493,2.245265007019043,16
-60.0,-73.0,-55.0,1557,2.2910029888153076,16
-61.0,-74.0,-54.0,1698,2.391627073287964,17
-93.0,-27.0,-86.0,1828,2.473604202270508,18
-89.0,-43.0,-86.0,1832,2.4759130477905273,18
-59.0,-73.0,-57.0,1882,2.5063040256500244,18
-60.0,-72.0,-57.0,1898,2.515292167663574,18
-62.0,-73.0,-52.0,1976,2.564774990081787,19
-59.0,-74.0,-55.0,2046,2.5994300842285156,20
