z1,z2,z3,node,time,depth
-39.0,-63.0,-70.0,1,0.007315158843994141,1
-56.0,-71.0,-57.0,1,0.0073201656341552734,1
-37.0,-74.0,-52.0,1,0.007325172424316406,1
-48.0,-73.0,-47.0,1,0.007329225540161133,1
-61.0,-44.0,-62.0,1,0.007333993911743164,1
-68.0,-54.0,-40.0,1,0.007339000701904297,1
-71.0,-33.0,-39.0,1,0.0073430538177490234,1
-52.0,-51.0,-67.0,1,0.007348060607910156,1
-55.0,-49.0,-66.0,1,0.007352113723754883,1
-37.0,-49.0,-73.0,1,0.007356166839599609,1
-40.0,-47.0,-72.0,1,0.007361173629760742,1
-54.0,-65.0,-64.0,1,0.007366180419921875,1
-57.0,-63.0,-63.0,1,0.0073699951171875,1
-62.0,-64.0,-58.0,1,0.007375001907348633,1
-66.0,-52.0,-53.0,1,0.007379055023193359,1
-63.0,-29.0,-61.0,1,0.007383108139038086,1
-62.0,-51.0,-60.0,1,0.007388114929199219,1
-70.0,-33.0,-49.0,1,0.007392168045043945,1
-64.0,-36.0,-59.0,1,0.007397174835205078,1
-68.0,-39.0,-52.0,1,0.007402181625366211,1
-42.0,-61.0,-69.0,2,0.015676021575927734,2
-42.0,-72.0,-55.0,2,0.015681028366088867,2
-46.0,-68.0,-60.0,2,0.015685081481933594,2
-64.0,-58.0,-52.0,2,0.015708208084106445,2
-64.0,-49.0,-57.0,2,0.01572108268737793,2
-66.0,-53.0,-49.0,2,0.01573014259338379,2
-68.0,-46.0,-47.0,2,0.015735149383544922,2
-59.0,-63.0,-61.0,3,0.021261215209960938,2
-62.0,-35.0,-61.0,4,0.028951168060302734,3
-57.0,-37.0,-64.0,5,0.03649020195007324,3
-68.0,-47.0,-46.0,5,0.03651309013366699,3
-44.0,-62.0,-65.0,6,0.04203009605407715,3
-47.0,-55.0,-68.0,6,0.04203510284423828,3
-61.0,-57.0,-60.0,6,0.04204821586608887,3
-59.0,-64.0,-59.0,6,0.04205322265625,3
-50.0,-53.0,-67.0,9,0.0586700439453125,4
-64.0,-51.0,-55.0,10,0.06502819061279297,4
-69.0,-39.0,-42.0,11,0.07006716728210449,4
-58.0,-56.0,-62.0,12,0.07386302947998047,4
-46.0,-61.0,-65.0,14,0.08365607261657715,4
-58.0,-67.0,-54.0,14,0.08366513252258301,4
-50.0,-68.0,-59.0,14,0.08369612693786621,4
-46.0,-39.0,-69.0,18,0.10366702079772949,5
-56.0,-45.0,-64.0,18,0.10371208190917969,5
-63.0,-42.0,-59.0,20,0.11650300025939941,5
-44.0,-58.0,-67.0,30,0.16057300567626953,5
-42.0,-44.0,-70.0,53,0.2604990005493164,6
-40.0,-73.0,-50.0,59,0.2761862277984619,6
-65.0,-40.0,-54.0,73,0.33872509002685547,7
-67.0,-40.0,-48.0,118,0.5020060539245605,8
