z1,z2,z3,node,time,depth
22725.0,22157.0,22238.0,1,0.035334110260009766,1
21892.0,24382.0,21307.0,1,0.03534412384033203,1
24216.0,23157.0,21677.0,1,0.0353550910949707,1
21765.0,21768.0,25197.0,1,0.03536510467529297,1
22693.0,21481.0,22945.0,1,0.03537607192993164,1
20726.0,24024.0,22500.0,1,0.035386085510253906,1
22162.0,21957.0,23097.0,1,0.03539609909057617,1
23931.0,21874.0,22545.0,24,0.19633007049560547,5
22280.0,22168.0,23067.0,54,0.4058699607849121,10
