z1,z2,z3,node,time,depth
-2166.0,-2600.0,-3668.0,1,0.002650022506713867,1
-2707.0,-1291.0,-3731.0,1,0.0026578903198242188,1
-2903.0,-2550.0,-2610.0,1,0.002663850784301758,1
-2683.0,-1847.0,-3489.0,2,0.005734920501708984,2
-2386.0,-3303.0,-2789.0,3,0.008852958679199219,2
-2669.0,-1984.0,-3408.0,3,0.008877038955688477,2
-2400.0,-3166.0,-2870.0,5,0.015128850936889648,3
-2927.0,-1994.0,-2852.0,6,0.01811385154724121,3
-2424.0,-2610.0,-3112.0,11,0.03168988227844238,4
-2320.0,-2514.0,-3301.0,92,0.12809395790100098,7
-1596.0,-2828.0,-2926.0,178,0.1879739761352539,8
-1259.0,-2757.0,-2982.0,179,0.18849587440490723,8
-1626.0,-3643.0,-2440.0,184,0.1912980079650879,8
-2847.0,-1342.0,-3283.0,214,0.2108478546142578,8
-2306.0,-2651.0,-3220.0,238,0.22202587127685547,8
-1546.0,-2991.0,-2871.0,294,0.24861502647399902,9
-2897.0,-1179.0,-3338.0,344,0.2724609375,9
-2356.0,-2488.0,-3275.0,366,0.27948689460754395,9
-2823.0,-1898.0,-3041.0,378,0.28398704528808594,9
-2433.0,-2308.0,-3026.0,404,0.2948009967803955,10
-2370.0,-2351.0,-3356.0,410,0.29676103591918945,10
-2120.0,-2812.0,-2893.0,412,0.29752182960510254,10
-949.0,-3824.0,-2001.0,422,0.3019590377807617,10
-2394.0,-1795.0,-3598.0,428,0.3042609691619873,10
-2623.0,-2196.0,-2633.0,450,0.31368398666381836,10
-2510.0,-2402.0,-2908.0,456,0.3159189224243164,10
-1783.0,-2741.0,-2949.0,466,0.3194289207458496,11
-1723.0,-3347.0,-2431.0,468,0.32016682624816895,11
-1199.0,-3363.0,-2464.0,470,0.32092785835266113,11
-2344.0,-1958.0,-3543.0,482,0.32483887672424316,11
-2873.0,-1735.0,-3096.0,486,0.3262019157409668,11
