z1,z2,z3,node,time,depth
17613.0,18276.0,16191.0,1,0.013421058654785156,1
14691.0,19080.0,18664.0,1,0.01342916488647461,1
17931.0,17371.0,17178.0,1,0.013437032699584961,1
17095.0,17115.0,17476.0,1,0.013444185256958008,1
16962.0,16745.0,18484.0,1,0.01345205307006836,1
18016.0,16749.0,18182.0,1,0.013460159301757812,1
17902.0,18272.0,16384.0,7,0.05860710144042969,4
17745.0,17698.0,16966.0,7,0.05861496925354004,4
16687.0,18200.0,17951.0,27,0.13596606254577637,9
