z1,z2,z3,node,time,depth
-13918.0,-14115.0,-13246.0,7,0.005255937576293945,3
-14494.0,-13423.0,-14121.0,21,0.01361703872680664,5
-14581.0,-13368.0,-14133.0,25,0.016072988510131836,5
-15705.0,-11747.0,-15552.0,69,0.03781890869140625,7
-15129.0,-12439.0,-14677.0,105,0.05471301078796387,7
-15113.0,-12346.0,-14945.0,119,0.06059002876281738,8
-15149.0,-12380.0,-14842.0,186,0.09164810180664062,9
-15068.0,-12502.0,-14930.0,190,0.09276390075683594,9
-13769.0,-13931.0,-13311.0,214,0.10334897041320801,9
-13856.0,-13876.0,-13323.0,234,0.11166501045227051,9
-15108.0,-12615.0,-14911.0,258,0.12194108963012695,10
-14432.0,-13184.0,-14198.0,362,0.16155195236206055,12
-14136.0,-13157.0,-14321.0,450,0.19231200218200684,15
-13473.0,-13904.0,-13434.0,458,0.19509410858154297,15
-13560.0,-13849.0,-13446.0,462,0.19657397270202637,15
