z1,z2,z3,node,time,depth
-67.0,-61.0,-75.0,1,0.002869844436645508,1
-72.0,-49.0,-77.0,1,0.002888917922973633,1
-21.0,-85.0,-24.0,2,0.005914926528930664,2
-63.0,-67.0,-69.0,5,0.016173839569091797,3
-33.0,-84.0,-40.0,5,0.016193866729736328,3
-68.0,-54.0,-73.0,9,0.029031991958618164,4
-40.0,-81.0,-48.0,9,0.02906203269958496,4
-68.0,-55.0,-71.0,15,0.049082040786743164,4
-48.0,-77.0,-52.0,135,0.28503990173339844,8
-45.0,-78.0,-49.0,183,0.35916900634765625,8
-43.0,-79.0,-49.0,183,0.3591728210449219,8
-36.0,-82.0,-41.0,190,0.3717458248138428,8
-50.0,-76.0,-50.0,265,0.46052002906799316,9
-40.0,-78.0,-51.0,367,0.5686948299407959,10
-54.0,-74.0,-61.0,390,0.5864958763122559,10
-61.0,-70.0,-69.0,502,0.7010979652404785,11
-55.0,-71.0,-57.0,610,0.7825548648834229,11
-52.0,-75.0,-61.0,696,0.8563339710235596,12
-42.0,-80.0,-48.0,731,0.8833489418029785,12
-44.0,-79.0,-46.0,779,0.916435956954956,12
-42.0,-81.0,-46.0,823,0.9443788528442383,12
-69.0,-54.0,-70.0,1052,1.1142690181732178,14
-69.0,-53.0,-72.0,1056,1.1162009239196777,14
-47.0,-76.0,-53.0,1071,1.1255738735198975,14
-46.0,-76.0,-54.0,1104,1.1472959518432617,15
-73.0,-48.0,-76.0,1230,1.221402883529663,16
-70.0,-50.0,-74.0,1232,1.2228150367736816,16
-65.0,-62.0,-72.0,1474,1.3458759784698486,20
