z1,z2,z3,node,time,depth
-39.0,-28.0,-21.0,1,0.00174713134765625,1
-20.0,-35.0,-17.0,1,0.0017549991607666016,1
-32.0,-26.0,-29.0,1,0.0017611980438232422,1
-17.0,-21.0,-31.0,1,0.001764059066772461,1
-35.0,-30.0,-24.0,2,0.0035161972045898438,2
-32.0,-33.0,-23.0,16,0.02191901206970215,5
-35.0,-27.0,-26.0,32,0.03409004211425781,6
-28.0,-34.0,-12.0,58,0.04817605018615723,7
-17.0,-28.0,-25.0,94,0.0614771842956543,9
