z1,z2,z3,node,time,depth
-32.0,-29.0,-33.0,1,0.001987934112548828,1
-27.0,-34.0,-25.0,2,0.003693819046020508,2
-33.0,-28.0,-32.0,16,0.021708965301513672,5
-26.0,-33.0,-26.0,18,0.022856950759887695,5
-20.0,-35.0,-17.0,51,0.04976391792297363,6
-34.0,-21.0,-31.0,74,0.06115388870239258,7
-12.0,-39.0,-10.0,146,0.10001182556152344,8
-37.0,-17.0,-38.0,164,0.10706496238708496,9
-36.0,-19.0,-36.0,170,0.10960793495178223,9
-38.0,-18.0,-37.0,174,0.11189985275268555,9
-40.0,-16.0,-37.0,206,0.12450599670410156,11
