z1,z2,z3,node,time,depth
-8625.0,-8729.0,-8081.0,287,0.10310196876525879,6
-8579.0,-8851.0,-8082.0,300,0.10782694816589355,8
-7747.0,-9163.0,-8085.0,302,0.10860896110534668,6
-8207.0,-8873.0,-8221.0,302,0.108612060546875,6
-8351.0,-9263.0,-7880.0,309,0.11153292655944824,7
-8396.0,-9162.0,-7960.0,315,0.1139369010925293,7
-8768.0,-9140.0,-7821.0,318,0.11500096321105957,6
-9073.0,-8886.0,-7406.0,333,0.12056708335876465,5
