z1,z2,z3,node,time,depth
-16706.0,-19711.0,-18605.0,1,0.0005860328674316406,1
-16616.0,-20157.0,-18513.0,1,0.0005919933319091797,1
-15993.0,-20161.0,-19167.0,1,0.0005941390991210938,1
-16083.0,-19715.0,-19259.0,34,0.017701148986816406,3
-16090.0,-19843.0,-19215.0,82,0.04743218421936035,9
