z1,z2,z3,node,time,depth
-10194.0,-9144.0,-9856.0,1,0.005112886428833008,1
-9815.0,-9881.0,-9120.0,1,0.005115985870361328,1
-8784.0,-9930.0,-10249.0,1,0.005118846893310547,1
-7839.0,-9989.0,-10003.0,1,0.005120992660522461,1
-10236.0,-8333.0,-9944.0,1,0.005124807357788086,1
-10431.0,-9378.0,-8620.0,1,0.005126953125,1
-10599.0,-9081.0,-8140.0,1,0.005129814147949219,1
-10562.0,-8128.0,-9712.0,1,0.005132913589477539,1
-9230.0,-9691.0,-10381.0,1,0.005135774612426758,1
-8972.0,-9396.0,-10538.0,1,0.005138874053955078,1
-9053.0,-8763.0,-10665.0,1,0.005140781402587891,1
-8980.0,-9102.0,-10658.0,1,0.005143880844116211,1
-9585.0,-8537.0,-10361.0,1,0.005146980285644531,1
-9509.0,-9331.0,-10316.0,1,0.005148887634277344,1
-9868.0,-9349.0,-10088.0,1,0.005151987075805664,1
-9860.0,-9643.0,-9968.0,1,0.005154848098754883,1
-9414.0,-9882.0,-9836.0,1,0.005157947540283203,1
-9489.0,-10086.0,-9352.0,1,0.005159854888916016,1
-9525.0,-9923.0,-9441.0,2,0.01016378402709961,2
-10030.0,-8354.0,-10016.0,2,0.010181903839111328,2
-9662.0,-9370.0,-10160.0,2,0.010187864303588867,2
-10015.0,-9162.0,-9456.0,4,0.015185832977294922,4
-10141.0,-9420.0,-8941.0,28,0.03833794593811035,3
-10544.0,-8255.0,-9134.0,28,0.03834390640258789,3
-10344.0,-8974.0,-8798.0,28,0.03834700584411621,3
-9458.0,-9425.0,-10045.0,29,0.041983842849731445,4
-10302.0,-8439.0,-9117.0,56,0.07069897651672363,4
-8526.0,-9635.0,-10406.0,89,0.11900782585144043,2
-10228.0,-8627.0,-9824.0,89,0.11901378631591797,2
-10105.0,-9583.0,-8852.0,89,0.11901688575744629,2
-10300.0,-9431.0,-8589.0,89,0.11904692649841309,2
-10328.0,-8382.0,-9673.0,89,0.1190497875213623,2
-10469.0,-8214.0,-9341.0,89,0.11905384063720703,2
-10506.0,-9167.0,-7769.0,89,0.11905694007873535,2
-10500.0,-8712.0,-8925.0,89,0.11905980110168457,2
-10565.0,-8616.0,-8437.0,89,0.11906290054321289,2
-10066.0,-9379.0,-9148.0,90,0.12658286094665527,3
-10293.0,-8531.0,-9336.0,91,0.13087892532348633,4
-9063.0,-8392.0,-10498.0,146,0.19546794891357422,6
