z1,z2,z3,node,time,depth
24538.0,23580.0,22705.0,1,0.041059017181396484,1
26127.0,22580.0,25529.0,1,0.04107308387756348,1
22154.0,23981.0,23162.0,1,0.04111599922180176,1
23101.0,24614.0,23159.0,2,0.07939410209655762,2
24554.0,23097.0,24990.0,2,0.07940793037414551,2
24040.0,23766.0,23838.0,4,0.12420010566711426,3
