z1,z2,z3,node,time,depth
18299.0,19168.0,17397.0,1,0.015056133270263672,1
17206.0,18145.0,19048.0,1,0.015067100524902344,1
20272.0,18034.0,18799.0,1,0.01507711410522461,1
18602.0,18360.0,18066.0,1,0.015087127685546875,1
16973.0,19183.0,17965.0,1,0.015098094940185547,1
17012.0,18963.0,18973.0,1,0.015108108520507812,1
18088.0,19417.0,17908.0,7,0.06404399871826172,4
