z1,z2,z3,node,time,depth
73.0,43.0,73.0,1,0.007760047912597656,1
49.0,72.0,49.0,1,0.007765054702758789,1
65.0,53.0,56.0,1,0.007770061492919922,1
59.0,56.0,58.0,1,0.007775068283081055,1
