z1,z2,z3,node,time,depth
-3253.0,-3140.0,-2680.0,1,0.0018379688262939453,1
-1589.0,-3411.0,-1632.0,54,0.03446602821350098,11
-1661.0,-3405.0,-1394.0,100,0.06229805946350098,9
-1529.0,-3529.0,-1327.0,110,0.06842994689941406,11
-1404.0,-3679.0,-1472.0,117,0.07170510292053223,10
-3401.0,-2001.0,-2732.0,140,0.08353805541992188,11
-3515.0,-1983.0,-2909.0,162,0.10026097297668457,11
-3276.0,-2151.0,-2877.0,167,0.10319995880126953,10
-3383.0,-2107.0,-2842.0,172,0.10677599906921387,7
-3144.0,-2275.0,-2810.0,188,0.1148068904876709,9
-3455.0,-2101.0,-2604.0,202,0.122283935546875,11
-3330.0,-2251.0,-2749.0,205,0.1236109733581543,10
-3198.0,-2375.0,-2682.0,225,0.13230109214782715,8
-3017.0,-2188.0,-2946.0,287,0.1628720760345459,10
-3015.0,-1886.0,-2957.0,317,0.17691397666931152,10
-3847.0,-1447.0,-3523.0,320,0.17855000495910645,5
-4104.0,-1173.0,-3445.0,328,0.1819770336151123,11
-3979.0,-1323.0,-3590.0,331,0.18322205543518066,10
-3865.0,-1341.0,-3413.0,338,0.18654298782348633,9
-4247.0,-439.0,-3928.0,351,0.19191908836364746,8
-3919.0,-1441.0,-3285.0,396,0.21799206733703613,9
