z1,z2,z3,node,time,depth
-32.0,-43.0,-50.0,1,0.003961086273193359,1
-29.0,-59.0,-34.0,1,0.0039730072021484375,1
-34.0,-54.0,-40.0,3,0.01184701919555664,2
-34.0,-48.0,-46.0,5,0.01865220069885254,3
-42.0,-32.0,-37.0,6,0.02211308479309082,3
-26.0,-57.0,-39.0,8,0.028028011322021484,4
-32.0,-55.0,-39.0,9,0.030868053436279297,4
-32.0,-49.0,-44.0,12,0.03998112678527832,4
-29.0,-53.0,-44.0,17,0.05316305160522461,5
-30.0,-52.0,-44.0,17,0.05318117141723633,5
-28.0,-51.0,-45.0,18,0.054740190505981445,5
-35.0,-51.0,-39.0,25,0.07174301147460938,5
-41.0,-33.0,-37.0,27,0.0772550106048584,5
-31.0,-58.0,-23.0,31,0.08789205551147461,5
-35.0,-45.0,-45.0,90,0.20247721672058105,7
-42.0,-38.0,-34.0,114,0.24731016159057617,7
-37.0,-42.0,-40.0,119,0.25696301460266113,7
-39.0,-42.0,-31.0,120,0.259357213973999,7
-37.0,-46.0,-35.0,225,0.42250704765319824,8
-31.0,-52.0,-41.0,234,0.43621206283569336,9
-30.0,-55.0,-41.0,238,0.44390106201171875,9
-40.0,-36.0,-39.0,317,0.5454840660095215,9
-38.0,-39.0,-39.0,323,0.5530881881713867,9
-32.0,-57.0,-23.0,406,0.6675732135772705,9
-38.0,-43.0,-34.0,515,0.7744030952453613,10
-35.0,-53.0,-28.0,613,0.8756701946258545,10
-36.0,-50.0,-26.0,616,0.879249095916748,10
-37.0,-49.0,-26.0,871,1.0974462032318115,11
-36.0,-43.0,-45.0,934,1.141206979751587,12
-39.0,-39.0,-38.0,1048,1.2167730331420898,12
-37.0,-37.0,-41.0,1360,1.3968420028686523,14
-38.0,-42.0,-38.0,1376,1.4041550159454346,14
-41.0,-35.0,-36.0,1404,1.4177122116088867,14
-37.0,-47.0,-30.0,1490,1.4599502086639404,15
-27.0,-53.0,-46.0,1502,1.4649121761322021,16
-38.0,-36.0,-41.0,1504,1.4657061100006104,16
-40.0,-38.0,-36.0,1508,1.467264175415039,16
-36.0,-49.0,-39.0,1510,1.4680461883544922,16
-39.0,-41.0,-34.0,1512,1.4688661098480225,16
-39.0,-37.0,-39.0,1514,1.4696462154388428,16
-37.0,-44.0,-39.0,1516,1.4704341888427734,16
-39.0,-40.0,-37.0,1518,1.4712212085723877,16
-41.0,-40.0,-35.0,1520,1.4719951152801514,16
-38.0,-44.0,-30.0,1524,1.4735682010650635,16
