z1,z2,z3,node,time,depth
16819.0,19586.0,17647.0,1,0.014145851135253906,1
21131.0,15478.0,21711.0,1,0.014155864715576172,1
19924.0,16563.0,20307.0,1,0.014165878295898438,1
19091.0,18573.0,17459.0,1,0.014175891876220703,1
17377.0,19370.0,17783.0,7,0.047685861587524414,2
18984.0,18059.0,18562.0,19,0.12499499320983887,4
20543.0,17117.0,19941.0,19,0.12500500679016113,4
17722.0,19064.0,17991.0,19,0.12502503395080566,4
19156.0,17993.0,18677.0,25,0.1741499900817871,5
