z1,z2,z3,node,time,depth
113.0,92.0,58.0,1,0.08201813697814941,1
93.0,59.0,80.0,1,0.0820930004119873,1
55.0,82.0,108.0,1,0.08219718933105469,1
54.0,85.0,112.0,1,0.08220815658569336,1
57.0,80.0,88.0,1,0.0822601318359375,1
88.0,68.0,59.0,1,0.08231210708618164,1
92.0,62.0,101.0,2,0.2049729824066162,2
69.0,69.0,93.0,2,0.20525503158569336,2
75.0,68.0,82.0,3,0.22226810455322266,2
72.0,70.0,81.0,3,0.22227811813354492,2
67.0,76.0,86.0,3,0.22231006622314453,2
82.0,99.0,69.0,5,0.3964259624481201,3
86.0,98.0,66.0,5,0.39650917053222656,3
69.0,75.0,85.0,6,0.4182870388031006,3
70.0,74.0,87.0,7,0.4438130855560303,3
93.0,63.0,74.0,12,0.7071089744567871,4
83.0,66.0,78.0,12,0.7071611881256104,4
97.0,65.0,71.0,12,0.7072231769561768,4
80.0,68.0,77.0,13,0.7206301689147949,4
79.0,76.0,74.0,16,0.8999390602111816,5
87.0,92.0,70.0,21,1.0833749771118164,5
90.0,67.0,73.0,22,1.1154050827026367,5
83.0,73.0,75.0,22,1.1154711246490479,5
86.0,81.0,72.0,22,1.1154811382293701,5
96.0,66.0,71.0,23,1.1524150371551514,5
86.0,70.0,74.0,25,1.188542127609253,5
79.0,71.0,76.0,25,1.1885521411895752,5
79.0,69.0,79.0,25,1.1885631084442139,5
67.0,75.0,101.0,29,1.463914155960083,6
87.0,67.0,75.0,40,1.8502399921417236,6
76.0,76.0,80.0,42,1.867933988571167,6
86.0,93.0,69.0,55,2.3356239795684814,7
90.0,65.0,76.0,61,2.5653159618377686,7
78.0,75.0,78.0,68,2.7138500213623047,7
71.0,74.0,83.0,70,2.729278087615967,7
88.0,65.0,104.0,104,3.716740131378174,9
81.0,103.0,73.0,115,4.072627067565918,9
82.0,67.0,80.0,125,4.302194118499756,9
87.0,69.0,72.0,134,4.485236167907715,9
84.0,95.0,70.0,172,5.299391031265259,10
97.0,61.0,77.0,237,6.688313961029053,13
56.0,88.0,106.0,319,8.867366075515747,18
65.0,79.0,109.0,328,9.077013969421387,19
62.0,79.0,111.0,328,9.077095985412598,19
66.0,78.0,112.0,344,9.43388319015503,21
