z1,z2,z3,node,time,depth
-29.0,-29.0,-28.0,60,0.028383970260620117,9
-24.0,-32.0,-22.0,80,0.038040876388549805,9
-25.0,-25.0,-29.0,96,0.04779791831970215,3
-29.0,-31.0,-24.0,110,0.054205894470214844,9
-34.0,-26.0,-19.0,121,0.05868387222290039,8
-27.0,-32.0,-18.0,133,0.06451296806335449,8
-32.0,-29.0,-24.0,161,0.07764887809753418,8
