z1,z2,z3,node,time,depth
-30.0,-44.0,-29.0,16,0.012311935424804688,5
-33.0,-40.0,-22.0,64,0.031352996826171875,8
-17.0,-47.0,-26.0,70,0.032778024673461914,9
