z1,z2,z3,node,time,depth
-3223.0,-4536.0,-4448.0,1,0.002635955810546875,1
-4952.0,-3533.0,-3151.0,1,0.0026390552520751953,1
-4138.0,-2822.0,-4758.0,1,0.0026428699493408203,1
-4646.0,-3399.0,-4462.0,1,0.0026459693908691406,1
-4262.0,-3752.0,-4624.0,1,0.002649068832397461,1
-5060.0,-3106.0,-3973.0,1,0.0026519298553466797,1
-4348.0,-4133.0,-3938.0,1,0.002655029296875,1
-5217.0,-3164.0,-3411.0,1,0.0026578903198242188,1
-2245.0,-4682.0,-3458.0,1,0.002660989761352539,1
-3519.0,-4599.0,-4132.0,1,0.002663850784301758,1
-3356.0,-3521.0,-4656.0,2,0.00529789924621582,2
-3933.0,-4306.0,-3643.0,8,0.012064933776855469,6
-3938.0,-4161.0,-4040.0,22,0.026048898696899414,3
-3530.0,-4458.0,-3763.0,22,0.026054859161376953,3
-3740.0,-4140.0,-4133.0,23,0.0285189151763916,4
-4148.0,-3843.0,-4410.0,23,0.028522014617919922,4
-3919.0,-3341.0,-4625.0,59,0.0665888786315918,2
-4436.0,-3717.0,-4092.0,59,0.06659483909606934,2
-4803.0,-3457.0,-3900.0,59,0.06659698486328125,2
-3545.0,-4271.0,-3915.0,59,0.06661391258239746,2
-4584.0,-3487.0,-4091.0,76,0.0853579044342041,4
-4537.0,-3706.0,-2856.0,81,0.0929880142211914,7
-4741.0,-3545.0,-3529.0,97,0.10903096199035645,3
-5023.0,-3210.0,-3275.0,119,0.13327598571777344,4
-4807.0,-3192.0,-3513.0,135,0.15056204795837402,5
