z1,z2,z3,node,time,depth
-2656.0,-3851.0,-3126.0,1,0.0017681121826171875,1
-2380.0,-3589.0,-3331.0,6,0.008582115173339844,3
-2575.0,-3482.0,-3298.0,21,0.02320694923400879,5
-2618.0,-3396.0,-3279.0,140,0.0856790542602539,8
-2436.0,-4008.0,-2959.0,164,0.09549593925476074,8
-2221.0,-3764.0,-3217.0,168,0.09723901748657227,8
-2345.0,-3335.0,-3552.0,186,0.10505914688110352,8
-2001.0,-3921.0,-3050.0,258,0.1318211555480957,10
-2125.0,-3492.0,-3385.0,264,0.13376212120056152,10
