z1,z2,z3,node,time,depth
-31.0,-41.0,-37.0,1,0.0016779899597167969,1
-35.0,-36.0,-27.0,31,0.016948938369750977,8
-33.0,-43.0,-25.0,66,0.03326702117919922,9
-36.0,-31.0,-31.0,87,0.04417896270751953,6
-38.0,-28.0,-21.0,104,0.051872968673706055,7
-37.0,-35.0,-19.0,106,0.0531010627746582,5
-36.0,-36.0,-22.0,121,0.05874013900756836,6
