z1,z2,z3,node,time,depth
75.0,50.0,78.0,1,0.005745887756347656,1
66.0,64.0,69.0,1,0.005753040313720703,1
64.0,81.0,53.0,1,0.005759000778198242,1
73.0,69.0,51.0,1,0.0057659149169921875,1
56.0,76.0,67.0,1,0.005772113800048828,1
66.0,71.0,66.0,17,0.13550591468811035,3
71.0,75.0,60.0,23,0.17517709732055664,4
68.0,74.0,62.0,25,0.19443798065185547,5
