z1,z2,z3,node,time,depth
-12962.0,-11814.0,-13398.0,7,0.0047359466552734375,3
-13022.0,-11750.0,-13316.0,7,0.004736900329589844,3
-12966.0,-11320.0,-13984.0,7,0.00473785400390625,3
-12530.0,-11817.0,-14250.0,43,0.027180910110473633,6
-12759.0,-12543.0,-13186.0,66,0.04088997840881348,7
-12581.0,-12316.0,-13578.0,71,0.04354381561279297,7
-13216.0,-11646.0,-13374.0,81,0.04996800422668457,7
-12586.0,-12247.0,-13582.0,85,0.05255603790283203,7
-13013.0,-12313.0,-12726.0,93,0.058506011962890625,7
-13018.0,-12091.0,-13057.0,116,0.0728909969329834,8
-12670.0,-12102.0,-13481.0,118,0.07351088523864746,8
-12637.0,-12746.0,-12910.0,121,0.07518482208251953,8
-12852.0,-11835.0,-13675.0,124,0.07648086547851562,8
-13375.0,-11746.0,-12891.0,125,0.07697796821594238,8
-12708.0,-12044.0,-13858.0,140,0.08769583702087402,8
-12763.0,-12049.0,-13772.0,149,0.09347295761108398,8
-12819.0,-12479.0,-13104.0,149,0.09347391128540039,8
-12868.0,-11657.0,-13798.0,151,0.0949559211730957,8
-12590.0,-11753.0,-14168.0,153,0.09702491760253906,8
-13017.0,-11819.0,-13312.0,167,0.10529589653015137,8
-13073.0,-12249.0,-12644.0,167,0.10529780387878418,8
-12721.0,-12601.0,-12809.0,182,0.11543798446655273,9
-12903.0,-12334.0,-13003.0,188,0.11846494674682617,9
-12919.0,-12156.0,-13126.0,195,0.12416696548461914,9
-12641.0,-12252.0,-13496.0,197,0.1262509822845459,9
-13162.0,-11882.0,-12874.0,200,0.12928199768066406,9
-12725.0,-12107.0,-13395.0,286,0.17969298362731934,10
-12674.0,-11608.0,-14067.0,290,0.18219304084777832,10
-13022.0,-11597.0,-13643.0,302,0.19048690795898438,10
-12712.0,-11550.0,-14444.0,332,0.2026209831237793,10
-12336.0,-12294.0,-13874.0,378,0.22719788551330566,11
-12781.0,-12537.0,-12727.0,382,0.23017191886901855,11
-13078.0,-12027.0,-12975.0,400,0.24039793014526367,11
-12285.0,-11795.0,-14546.0,418,0.24999785423278809,11
-12957.0,-12098.0,-13503.0,444,0.26496195793151855,12
-12906.0,-11599.0,-14175.0,460,0.27534985542297363,12
-13160.0,-11369.0,-13715.0,470,0.28122496604919434,12
-12768.0,-11980.0,-13776.0,492,0.292482852935791,13
-12144.0,-12659.0,-13447.0,506,0.2992880344390869,14
-12093.0,-12160.0,-14119.0,518,0.30472898483276367,14
-12281.0,-12712.0,-13245.0,528,0.3092179298400879,15
-12230.0,-12213.0,-13917.0,536,0.31255292892456055,15
-12483.0,-12414.0,-13768.0,544,0.3155388832092285,16
-12394.0,-11973.0,-14063.0,546,0.3163130283355713,16
-12432.0,-11915.0,-14440.0,548,0.3170969486236572,16
-12686.0,-11685.0,-13980.0,550,0.3178558349609375,16
