z1,z2,z3,node,time,depth
2209.0,1885.0,1238.0,1,0.0047910213470458984,1
1431.0,2307.0,1437.0,1,0.004794120788574219,1
1557.0,1271.0,1635.0,1,0.0047969818115234375,1
2370.0,3316.0,978.0,1,0.004800081253051758,1
2003.0,2086.0,1118.0,1,0.004803180694580078,1
2083.0,2921.0,1040.0,1,0.004806995391845703,1
2661.0,2723.0,989.0,1,0.0048100948333740234,1
2285.0,1085.0,1920.0,1,0.004813194274902344,1
2192.0,1021.0,2329.0,1,0.0048160552978515625,1
2758.0,1017.0,2068.0,1,0.004820108413696289,1
1351.0,1472.0,1515.0,1,0.004822969436645508,1
1146.0,2274.0,2436.0,1,0.004826068878173828,1
3050.0,966.0,3245.0,1,0.0048291683197021484,1
2691.0,986.0,2558.0,1,0.004832029342651367,1
1246.0,1615.0,2285.0,1,0.0048351287841796875,1
1330.0,1436.0,1996.0,1,0.004837989807128906,1
1223.0,1721.0,1922.0,1,0.0048410892486572266,1
1718.0,2702.0,1375.0,3,0.01273798942565918,3
1797.0,1739.0,1495.0,8,0.02138519287109375,7
1303.0,2556.0,1844.0,18,0.033271074295043945,5
1638.0,1867.0,1453.0,43,0.06585097312927246,4
1169.0,2168.0,2799.0,62,0.09350419044494629,3
2449.0,2353.0,1098.0,68,0.1028890609741211,8
2290.0,2481.0,1056.0,85,0.13058710098266602,5
2030.0,1203.0,1783.0,142,0.24021601676940918,3
1916.0,1251.0,2322.0,151,0.25157809257507324,5
1452.0,1414.0,2405.0,161,0.26461219787597656,6
2682.0,1817.0,1386.0,180,0.29224514961242676,4
2551.0,1001.0,3016.0,202,0.3353300094604492,4
2188.0,1844.0,1470.0,204,0.34119701385498047,6
1965.0,1186.0,2690.0,271,0.474276065826416,5
2087.0,1164.0,3099.0,298,0.5245730876922607,10
