z1,z2,z3,node,time,depth
-9353.0,-8955.0,-8938.0,1,0.0007259845733642578,1
-9508.0,-9127.0,-8913.0,1,0.0007269382476806641,1
-9907.0,-8586.0,-8280.0,49,0.022439002990722656,5
