z1,z2,z3,node,time,depth
-3001.0,-4268.0,-4530.0,1,0.0015239715576171875,1
-3419.0,-4092.0,-4150.0,13,0.0077478885650634766,9
-3191.0,-4469.0,-3871.0,48,0.023382902145385742,8
-3693.0,-2464.0,-3474.0,65,0.031362056732177734,8
-3465.0,-2841.0,-3195.0,77,0.03711509704589844,8
-3723.0,-2922.0,-2733.0,95,0.04434394836425781,8
-3533.0,-2721.0,-3392.0,106,0.04876589775085449,7
