z1,z2,z3,node,time,depth
27.0,16.0,38.0,1,0.006367921829223633,1
29.0,17.0,29.0,1,0.006371974945068359,1
25.0,27.0,23.0,1,0.006374835968017578,1
22.0,43.0,20.0,1,0.0063779354095458984,1
21.0,20.0,38.0,1,0.006380796432495117,1
23.0,21.0,29.0,1,0.0063838958740234375,1
23.0,26.0,26.0,1,0.006386995315551758,1
37.0,28.0,20.0,1,0.0063898563385009766,1
30.0,36.0,19.0,1,0.006392955780029297,1
25.0,32.0,20.0,1,0.006395816802978516,1
20.0,42.0,29.0,1,0.006398916244506836,1
44.0,43.0,18.0,1,0.006402015686035156,1
43.0,31.0,19.0,1,0.006404876708984375,1
36.0,45.0,18.0,1,0.006407976150512695,1
28.0,40.0,19.0,1,0.006410837173461914,1
34.0,49.0,18.0,1,0.006413936614990234,1
26.0,48.0,19.0,1,0.006416797637939453,1
19.0,24.0,44.0,1,0.0064198970794677734,1
21.0,48.0,21.0,1,0.006422996520996094,1
19.0,29.0,41.0,1,0.0064258575439453125,1
29.0,22.0,26.0,2,0.013182878494262695,2
21.0,25.0,35.0,2,0.013188838958740234,2
30.0,31.0,20.0,2,0.013194799423217773,2
36.0,34.0,19.0,2,0.013203859329223633,2
24.0,37.0,21.0,3,0.017398834228515625,3
35.0,35.0,19.0,9,0.028174877166748047,4
22.0,35.0,27.0,34,0.06507182121276855,3
23.0,40.0,20.0,34,0.06509280204772949,3
21.0,39.0,29.0,35,0.07160687446594238,4
20.0,34.0,36.0,38,0.08052897453308105,7
27.0,47.0,19.0,51,0.10444498062133789,5
20.0,38.0,35.0,56,0.11488699913024902,8
21.0,40.0,28.0,64,0.12912988662719727,4
23.0,35.0,23.0,79,0.15501189231872559,2
22.0,40.0,24.0,79,0.15502691268920898,2
22.0,30.0,30.0,80,0.16122198104858398,3
42.0,32.0,19.0,80,0.1612398624420166,3
30.0,26.0,23.0,81,0.16513681411743164,4
28.0,25.0,28.0,88,0.174638032913208,6
34.0,21.0,28.0,92,0.1807248592376709,7
37.0,20.0,27.0,98,0.18938779830932617,4
33.0,30.0,21.0,98,0.1893939971923828,4
42.0,24.0,25.0,101,0.19673681259155273,6
24.0,32.0,24.0,107,0.2137129306793213,3
21.0,34.0,32.0,108,0.22661995887756348,4
36.0,29.0,22.0,108,0.22665691375732422,4
20.0,29.0,39.0,118,0.25583600997924805,6
21.0,35.0,31.0,135,0.28631091117858887,4
