z1,z2,z3,node,time,depth
88.0,53.0,80.0,1,0.024864912033081055,1
47.0,112.0,47.0,1,0.02488112449645996,1
67.0,68.0,63.0,1,0.024910926818847656,1
57.0,76.0,66.0,1,0.024919986724853516,1
50.0,83.0,50.0,1,0.02492809295654297,1
45.0,111.0,49.0,2,0.04907512664794922,2
46.0,108.0,51.0,20,0.2778189182281494,3
49.0,110.0,50.0,22,0.32585811614990234,5
49.0,104.0,59.0,50,0.6145999431610107,6
43.0,112.0,56.0,83,1.0738070011138916,2
53.0,80.0,62.0,83,1.0738530158996582,2
44.0,110.0,52.0,84,1.0950689315795898,3
65.0,75.0,65.0,165,2.3141770362854004,6
72.0,65.0,74.0,165,2.3143179416656494,6
123.0,52.0,110.0,194,3.2042150497436523,14
