z1,z2,z3,node,time,depth
-7725.0,-8419.0,-9063.0,5,0.002357006072998047,3
-7922.0,-8179.0,-9163.0,8,0.0036590099334716797,4
-7766.0,-8395.0,-9225.0,14,0.006258964538574219,5
-8295.0,-8693.0,-8108.0,19,0.008160829544067383,5
-8065.0,-8101.0,-9237.0,26,0.011438846588134766,6
-8343.0,-8666.0,-8285.0,28,0.012241840362548828,6
-8492.0,-8453.0,-8208.0,29,0.012635946273803711,6
-8336.0,-8669.0,-8270.0,42,0.018440961837768555,7
-8635.0,-8375.0,-8282.0,48,0.021039962768554688,7
