z1,z2,z3,node,time,depth
-3036.0,-2137.0,-2781.0,1,0.0012369155883789062,1
-1551.0,-2450.0,-3521.0,25,0.011430978775024414,11
-2477.0,-2265.0,-2978.0,56,0.023355960845947266,9
-1746.0,-2933.0,-3264.0,88,0.03541398048400879,9
-1592.0,-3029.0,-3163.0,90,0.0364069938659668,3
-2342.0,-3006.0,-3032.0,161,0.06332802772521973,8
-2110.0,-2322.0,-3324.0,182,0.07266592979431152,10
-2305.0,-2805.0,-3067.0,196,0.07826995849609375,9
-1677.0,-2690.0,-3361.0,210,0.08428311347961426,9
-2427.0,-2667.0,-3230.0,226,0.09029102325439453,9
-2273.0,-2763.0,-3129.0,229,0.09172511100769043,3
-2484.0,-2298.0,-2299.0,242,0.09656810760498047,9
