z1,z2,z3,node,time,depth
-12805.0,-11535.0,-12440.0,25,0.010164976119995117,5
-13183.0,-11641.0,-12073.0,55,0.022509098052978516,6
-13333.0,-11502.0,-12137.0,55,0.022510051727294922,6
-13004.0,-11778.0,-12146.0,105,0.04391193389892578,7
-13154.0,-11639.0,-12210.0,105,0.04391312599182129,7
-13532.0,-11745.0,-11843.0,109,0.0456080436706543,7
-12873.0,-12014.0,-11584.0,129,0.05414009094238281,8
-13360.0,-11812.0,-11695.0,149,0.0629580020904541,8
-12870.0,-11543.0,-12261.0,152,0.06412005424499512,8
-13045.0,-11947.0,-11732.0,163,0.06911396980285645,8
-13195.0,-11808.0,-11796.0,163,0.06911611557006836,8
-13627.0,-11672.0,-11776.0,169,0.07146811485290527,8
-13401.0,-11981.0,-11281.0,209,0.08849310874938965,9
-12908.0,-11318.0,-12340.0,218,0.09254908561706543,9
-12945.0,-12282.0,-11154.0,236,0.10081696510314941,10
-13365.0,-12031.0,-11212.0,260,0.11084294319152832,10
-13496.0,-11908.0,-11214.0,267,0.11395001411437988,10
-13228.0,-11677.0,-11953.0,282,0.12124204635620117,10
-13114.0,-11822.0,-11847.0,284,0.12198591232299805,10
-13050.0,-12107.0,-11338.0,300,0.1295919418334961,11
-13100.0,-11998.0,-11391.0,303,0.13097500801086426,11
-13446.0,-12017.0,-11161.0,322,0.13988900184631348,11
-13470.0,-11856.0,-11396.0,330,0.14400696754455566,11
-13577.0,-11781.0,-11723.0,340,0.1488049030303955,11
-13219.0,-11647.0,-12031.0,344,0.15090298652648926,11
-12900.0,-12246.0,-11274.0,356,0.15611600875854492,12
-12938.0,-12022.0,-11405.0,358,0.15720295906066895,12
-12897.0,-11853.0,-11819.0,364,0.1633450984954834,12
-13296.0,-12156.0,-11097.0,374,0.16817903518676758,12
-13255.0,-11987.0,-11511.0,376,0.16928601264953613,12
-13320.0,-11995.0,-11332.0,378,0.1703948974609375,12
-13427.0,-11920.0,-11659.0,388,0.17471790313720703,12
-13069.0,-11786.0,-11967.0,390,0.17583107948303223,12
-13269.0,-11538.0,-12084.0,424,0.18962812423706055,13
-13448.0,-11902.0,-11362.0,444,0.19702410697937012,14
-13197.0,-11693.0,-11997.0,450,0.19907402992248535,14
-13090.0,-11668.0,-12105.0,466,0.20434999465942383,15
-13342.0,-11431.0,-12079.0,474,0.2069411277770996,16
