z1,z2,z3,node,time,depth
-10060.0,-7766.0,-10346.0,2,0.0016908645629882812,2
-10884.0,-7079.0,-10937.0,15,0.007782936096191406,9
-10227.0,-7940.0,-10152.0,46,0.021899938583374023,3
