z1,z2,z3,node,time,depth
55.0,108.0,56.0,1,0.038960933685302734,1
58.0,73.0,60.0,1,0.03897809982299805,1
78.0,58.0,79.0,1,0.03903508186340332,1
108.0,53.0,110.0,3,0.10041093826293945,2
106.0,53.0,112.0,3,0.1004190444946289,2
77.0,63.0,75.0,9,0.23635601997375488,4
113.0,56.0,104.0,23,0.5672969818115234,6
68.0,71.0,64.0,34,0.8395330905914307,7
67.0,72.0,65.0,35,0.8538269996643066,7
75.0,68.0,76.0,49,1.1784040927886963,8
104.0,57.0,109.0,74,1.722555160522461,9
73.0,68.0,80.0,83,1.8848919868469238,10
76.0,69.0,75.0,99,2.1815061569213867,11
110.0,56.0,108.0,127,2.623141050338745,12
56.0,106.0,57.0,131,2.693984031677246,13
65.0,101.0,59.0,146,2.920274019241333,14
109.0,54.0,109.0,161,3.1513049602508545,14
57.0,105.0,58.0,179,3.4046871662139893,16
107.0,54.0,111.0,194,3.5622220039367676,17
