z1,z2,z3,node,time,depth
-59.0,-38.0,-58.0,1,0.0029239654541015625,1
-58.0,-36.0,-59.0,1,0.0029251575469970703,1
-52.0,-42.0,-56.0,3,0.008913993835449219,2
-53.0,-44.0,-55.0,3,0.008915185928344727,2
-52.0,-45.0,-52.0,56,0.11425113677978516,6
-55.0,-41.0,-54.0,77,0.15081501007080078,7
-44.0,-50.0,-48.0,102,0.1991260051727295,7
-39.0,-53.0,-40.0,365,0.5999400615692139,9
-54.0,-43.0,-52.0,444,0.7138140201568604,9
-30.0,-57.0,-33.0,968,1.266456127166748,11
-29.0,-58.0,-33.0,1004,1.3005011081695557,11
-35.0,-55.0,-40.0,1019,1.316542148590088,11
-26.0,-58.0,-34.0,1458,1.6688790321350098,12
-36.0,-55.0,-39.0,1842,1.91811203956604,13
-21.0,-60.0,-25.0,1872,1.9375050067901611,13
-44.0,-49.0,-49.0,1906,1.9589450359344482,13
-35.0,-54.0,-41.0,1914,1.963780164718628,13
-29.0,-57.0,-34.0,1920,1.9677271842956543,13
-30.0,-58.0,-32.0,2290,2.171535015106201,14
-38.0,-53.0,-41.0,2338,2.198331117630005,14
-36.0,-52.0,-42.0,2340,2.199424982070923,14
-21.0,-61.0,-24.0,2662,2.3538529872894287,15
-38.0,-54.0,-40.0,2684,2.3632030487060547,15
-59.0,-29.0,-59.0,2882,2.4459190368652344,16
-57.0,-27.0,-61.0,2884,2.4465839862823486,16
-58.0,-29.0,-60.0,2886,2.447252035140991,16
-60.0,-28.0,-56.0,2914,2.456590175628662,16
-45.0,-50.0,-47.0,2946,2.4676671028137207,16
-47.0,-49.0,-48.0,2954,2.470395088195801,16
-35.0,-53.0,-42.0,2956,2.471088171005249,16
-20.0,-61.0,-25.0,2962,2.473165988922119,16
-44.0,-51.0,-47.0,2968,2.4752230644226074,16
-48.0,-47.0,-47.0,2984,2.4807469844818115,16
-51.0,-46.0,-52.0,3016,2.491763114929199,16
