z1,z2,z3,node,time,depth
22080.0,23070.0,20327.0,1,0.021014928817749023,1
22260.0,19092.0,22106.0,1,0.021029949188232422,1
21060.0,22711.0,21060.0,1,0.021047115325927734,1
23383.0,20125.0,21037.0,1,0.02106189727783203,1
22271.0,20860.0,20756.0,1,0.021075963973999023,1
20544.0,21053.0,22211.0,1,0.021092891693115234,1
20658.0,22353.0,21918.0,1,0.021107912063598633,1
22103.0,21621.0,20900.0,5,0.0600430965423584,3
21855.0,21863.0,21540.0,33,0.22913098335266113,8
21461.0,20152.0,23665.0,37,0.266132116317749,10
