z1,z2,z3,node,time,depth
-38.0,-51.0,-31.0,1,0.0008819103240966797,1
-30.0,-38.0,-33.0,4,0.002850055694580078,4
-33.0,-36.0,-32.0,29,0.013464927673339844,8
-41.0,-49.0,-30.0,34,0.01571202278137207,6
-35.0,-35.0,-32.0,68,0.032438039779663086,7
-44.0,-49.0,-27.0,70,0.03333592414855957,4
-43.0,-48.0,-30.0,83,0.03932905197143555,5
