z1,z2,z3,node,time,depth
20958.0,18134.0,21338.0,1,0.02784109115600586,1
21447.0,20431.0,18771.0,1,0.02785491943359375,1
19793.0,19666.0,20669.0,1,0.027868986129760742,1
19366.0,20922.0,20475.0,1,0.027883052825927734,1
21090.0,19652.0,20069.0,2,0.07123708724975586,2
20278.0,19101.0,21230.0,2,0.07129311561584473,2
20056.0,20045.0,20399.0,4,0.12193107604980469,3
20513.0,19469.0,20742.0,6,0.16014313697814941,4
20586.0,20241.0,20253.0,12,0.277332067489624,7
21341.0,20722.0,19736.0,18,0.36098694801330566,10
