z1,z2,z3,node,time,depth
-10227.0,-7940.0,-10152.0,3,0.0020170211791992188,2
-10060.0,-7766.0,-10346.0,11,0.005384922027587891,4
-10884.0,-7079.0,-10937.0,16,0.0069239139556884766,5
