z1,z2,z3,node,time,depth
20958.0,18414.0,21258.0,1,0.04124903678894043,1
21673.0,21498.0,18723.0,1,0.04126405715942383,1
20285.0,22032.0,18809.0,1,0.04127788543701172,1
20454.0,19418.0,19873.0,1,0.04129195213317871,1
19821.0,19018.0,21899.0,1,0.04131603240966797,1
19740.0,19864.0,21383.0,1,0.04134488105773926,1
19988.0,21056.0,20470.0,4,0.13155698776245117,3
19919.0,20347.0,20972.0,4,0.13159489631652832,3
20377.0,20076.0,21116.0,29,0.40285587310791016,7
21060.0,20765.0,19240.0,36,0.4600250720977783,8
21520.0,20152.0,19617.0,42,0.5241010189056396,9
