z1,z2,z3,node,time,depth
-31.0,-33.0,-24.0,2,0.0029211044311523438,2
-27.0,-31.0,-25.0,19,0.01661205291748047,5
-35.0,-29.0,-20.0,68,0.03860187530517578,7
-32.0,-31.0,-17.0,96,0.048449039459228516,8
-33.0,-29.0,-21.0,100,0.0498199462890625,8
