z1,z2,z3,node,time,depth
-1762.0,-2644.0,-1160.0,1,0.0016210079193115234,1
-2628.0,-2295.0,-1946.0,1,0.0016341209411621094,1
-2454.0,-1727.0,-2603.0,2,0.0029671192169189453,2
-1570.0,-2424.0,-1575.0,4,0.00484013557434082,4
-1912.0,-2345.0,-1502.0,28,0.015882015228271484,9
-2037.0,-2338.0,-1399.0,30,0.017669200897216797,5
-2418.0,-2319.0,-1158.0,48,0.026261091232299805,6
-1396.0,-1856.0,-2232.0,118,0.06401610374450684,7
-1829.0,-2588.0,-1130.0,129,0.07032203674316406,2
-3238.0,-1310.0,-1586.0,232,0.12319803237915039,11
-3226.0,-1921.0,-2017.0,241,0.12694716453552246,7
-3052.0,-1353.0,-2674.0,242,0.1274881362915039,6
-2695.0,-2239.0,-1916.0,243,0.1285262107849121,3
-2521.0,-1671.0,-2573.0,244,0.12944722175598145,4
-1637.0,-2368.0,-1545.0,246,0.13105511665344238,6
-1463.0,-1800.0,-2202.0,282,0.14748311042785645,7
-1727.0,-1917.0,-2067.0,314,0.16192221641540527,9
-2570.0,-2246.0,-2019.0,315,0.16225719451904297,7
-2396.0,-1678.0,-2676.0,316,0.16260504722595215,6
-2785.0,-1788.0,-2438.0,317,0.1629190444946289,5
