z1,z2,z3,node,time,depth
-3542.0,-2181.0,-3681.0,2,0.0016388893127441406,2
-3785.0,-2198.0,-3257.0,2,0.0016469955444335938,2
-3012.0,-2472.0,-3607.0,128,0.05958890914916992,4
-2257.0,-2750.0,-2914.0,138,0.06434988975524902,11
-2732.0,-2741.0,-3043.0,149,0.06870102882385254,8
-3674.0,-2706.0,-3587.0,167,0.07693290710449219,5
