z1,z2,z3,node,time,depth
-32.0,-51.0,-37.0,278,0.1940751075744629,10
-55.0,-43.0,-55.0,362,0.2629680633544922,16
-56.0,-42.0,-54.0,606,0.45790696144104004,16
-36.0,-54.0,-35.0,779,0.6018049716949463,16
-18.0,-55.0,-20.0,792,0.6105129718780518,16
-35.0,-52.0,-36.0,811,0.6215419769287109,14
-61.0,-37.0,-63.0,1582,1.1807379722595215,3
-41.0,-49.0,-44.0,1584,1.1842641830444336,5
-49.0,-38.0,-57.0,1621,1.219599962234497,9
-44.0,-49.0,-43.0,1761,1.3286120891571045,9
-41.0,-50.0,-43.0,2097,1.5748929977416992,3
-49.0,-44.0,-50.0,2101,1.5806541442871094,7
-46.0,-45.0,-49.0,2123,1.6027991771697998,16
-46.0,-47.0,-48.0,2134,1.6128451824188232,8
-47.0,-46.0,-48.0,2136,1.614396095275879,9
-49.0,-45.0,-48.0,2141,1.6171271800994873,12
-53.0,-39.0,-56.0,2203,1.6639370918273926,14
-54.0,-38.0,-56.0,2281,1.7104229927062988,14
-63.0,-28.0,-64.0,2367,1.7768399715423584,12
-63.0,-27.0,-68.0,2384,1.7852590084075928,8
-62.0,-29.0,-65.0,2393,1.790032148361206,10
-64.0,-24.0,-68.0,2439,1.8210639953613281,10
