z1,z2,z3,node,time,depth
-20128.0,-18982.0,-19677.0,1,0.0007569789886474609,1
-19913.0,-18934.0,-19686.0,1,0.000759124755859375,1
-19590.0,-19874.0,-18893.0,2,0.0015871524810791016,2
-19375.0,-19826.0,-18902.0,8,0.004106044769287109,3
-19433.0,-19607.0,-18917.0,93,0.04704904556274414,8
