z1,z2,z3,node,time,depth
-6044.0,-5919.0,-5572.0,1,0.007324934005737305,1
-5475.0,-4968.0,-6568.0,1,0.0073299407958984375,1
-5201.0,-6017.0,-6061.0,1,0.007333993911743164,1
-7298.0,-3853.0,-6103.0,1,0.007339000701904297,1
-6925.0,-4243.0,-6275.0,1,0.00734400749206543,1
-6484.0,-3988.0,-6517.0,1,0.0073490142822265625,1
-7170.0,-4842.0,-5360.0,1,0.007353067398071289,1
-6746.0,-5425.0,-3061.0,1,0.007358074188232422,1
-5181.0,-5779.0,-6212.0,1,0.007363080978393555,1
-5951.0,-5427.0,-6392.0,1,0.007367134094238281,1
-4009.0,-6301.0,-5541.0,1,0.007372140884399414,1
-6794.0,-5329.0,-5903.0,1,0.007375955581665039,1
-6370.0,-5912.0,-3604.0,1,0.007380962371826172,1
-5879.0,-6216.0,-4810.0,1,0.0073850154876708984,1
-6275.0,-5967.0,-4116.0,1,0.007390022277832031,1
-6262.0,-5994.0,-3168.0,1,0.007394075393676758,1
-5633.0,-6310.0,-4547.0,1,0.007399082183837891,1
-4487.0,-6433.0,-3594.0,1,0.0074040889739990234,1
-4878.0,-6375.0,-4129.0,1,0.00740814208984375,1
-6286.0,-5476.0,-5790.0,2,0.014397144317626953,2
-4852.0,-6203.0,-5052.0,4,0.024721145629882812,4
-6024.0,-5681.0,-5723.0,4,0.02472996711730957,4
-6301.0,-5023.0,-5920.0,12,0.04496502876281738,5
-6311.0,-5467.0,-4813.0,12,0.04497814178466797,5
-6148.0,-5621.0,-4701.0,17,0.05382704734802246,7
-4751.0,-6187.0,-5319.0,44,0.10661697387695312,5
-5362.0,-5570.0,-5898.0,75,0.17087793350219727,5
-4929.0,-6202.0,-5145.0,75,0.1708829402923584,5
-5175.0,-6108.0,-5408.0,75,0.17090892791748047,5
-5281.0,-6060.0,-5535.0,75,0.1709139347076416,5
-6245.0,-5566.0,-4991.0,75,0.17092299461364746,5
-5035.0,-6154.0,-5272.0,77,0.17914414405822754,7
-6029.0,-6061.0,-3853.0,122,0.27698493003845215,9
-4280.0,-6219.0,-4854.0,156,0.36086201667785645,6
-6686.0,-5411.0,-5467.0,212,0.6155481338500977,3
-6260.0,-5631.0,-4352.0,212,0.615570068359375,3
-6368.0,-5549.0,-4788.0,213,0.6200151443481445,4
-6122.0,-5643.0,-4525.0,213,0.6200330257415771,4
-5925.0,-5518.0,-5739.0,236,0.6646690368652344,7
-6822.0,-3394.0,-6279.0,268,0.7532639503479004,4
-5843.0,-5509.0,-5956.0,268,0.7532739639282227,4
-6489.0,-4679.0,-6236.0,268,0.7532780170440674,4
-7175.0,-4388.0,-5537.0,268,0.7532830238342285,4
-6504.0,-4226.0,-6366.0,269,0.7584331035614014,5
-6318.0,-4870.0,-6079.0,315,0.8681330680847168,6
-6802.0,-4778.0,-5709.0,316,0.8708710670471191,7
-6865.0,-4985.0,-3909.0,379,1.0518510341644287,3
-6489.0,-5472.0,-4452.0,379,1.0518779754638672,3
-6381.0,-5554.0,-4016.0,380,1.0594429969787598,4
