z1,z2,z3,node,time,depth
-3542.0,-8215.0,-3606.0,1,0.002521991729736328,1
-6894.0,-6723.0,-6514.0,1,0.0025589466094970703,1
-7388.0,-6120.0,-7050.0,3,0.009480953216552734,2
-5963.0,-6858.0,-5772.0,7,0.02643299102783203,3
-7340.0,-5336.0,-7192.0,14,0.049226999282836914,4
-5106.0,-7609.0,-4956.0,79,0.17058992385864258,6
-5796.0,-6950.0,-5690.0,161,0.2706749439239502,7
-5302.0,-7553.0,-5154.0,171,0.29259705543518066,7
-7843.0,-4687.0,-7321.0,274,0.4068570137023926,8
-5830.0,-6909.0,-5813.0,305,0.4518280029296875,8
-5536.0,-7284.0,-5196.0,315,0.46555209159851074,8
-5371.0,-7390.0,-5174.0,315,0.46556806564331055,8
-7393.0,-6033.0,-6986.0,352,0.5275709629058838,9
-5899.0,-6746.0,-5833.0,471,0.6545069217681885,9
-3833.0,-7879.0,-3868.0,483,0.6726698875427246,9
-7180.0,-5484.0,-7069.0,538,0.7474770545959473,10
-5634.0,-6965.0,-5615.0,807,1.0258290767669678,11
-3707.0,-8109.0,-3628.0,854,1.087533950805664,11
-7841.0,-4789.0,-7687.0,952,1.1954340934753418,12
-7345.0,-5249.0,-7128.0,972,1.207352876663208,12
-5654.0,-7044.0,-5509.0,1018,1.2390339374542236,12
-5920.0,-6853.0,-5820.0,1053,1.2715909481048584,12
-5356.0,-7212.0,-5208.0,1055,1.2753660678863525,12
-5191.0,-7318.0,-5186.0,1055,1.2753679752349854,12
-3938.0,-7677.0,-3725.0,1099,1.320497989654541,12
-7860.0,-4550.0,-7323.0,1188,1.4240190982818604,13
-3869.0,-7840.0,-3705.0,1287,1.506216049194336,13
-4128.0,-7644.0,-4109.0,1289,1.5083439350128174,13
-5852.0,-6941.0,-5404.0,1337,1.5448400974273682,13
-5692.0,-7038.0,-5459.0,1337,1.544842004776001,13
-4090.0,-7650.0,-4159.0,1448,1.6370809078216553,14
-5425.0,-7049.0,-5228.0,1477,1.658539056777954,14
-5917.0,-6897.0,-5622.0,1566,1.7176690101623535,14
-7296.0,-5518.0,-7065.0,1652,1.7853329181671143,15
-6009.0,-6769.0,-5734.0,1656,1.7898879051208496,15
-3780.0,-7986.0,-3738.0,1704,1.8234150409698486,15
-7645.0,-4790.0,-7426.0,1798,1.8919689655303955,16
-7640.0,-4877.0,-7490.0,1909,1.9637610912322998,16
-7494.0,-5415.0,-6960.0,1970,2.0043110847473145,17
-5824.0,-6941.0,-5618.0,1986,2.017106056213379,17
