z1,z2,z3,node,time,depth
-8240.0,-9686.0,-8303.0,155,0.05522012710571289,7
-8844.0,-8804.0,-8791.0,185,0.06633305549621582,5
-8857.0,-8773.0,-9009.0,187,0.06699705123901367,6
-8732.0,-9071.0,-9052.0,188,0.06732511520385742,6
-8878.0,-8759.0,-8984.0,207,0.0741569995880127,5
-8891.0,-8728.0,-9202.0,209,0.07487010955810547,6
-8766.0,-9026.0,-9245.0,210,0.07521605491638184,6
