z1,z2,z3,node,time,depth
22124.0,27613.0,22513.0,1,0.08877396583557129,1
23266.0,25699.0,22865.0,1,0.08878779411315918,1
22688.0,26290.0,22636.0,1,0.08880281448364258,1
22924.0,25770.0,23555.0,1,0.08887386322021484,1
24908.0,23611.0,24984.0,1,0.08888888359069824,1
26281.0,22118.0,25803.0,1,0.08890295028686523,1
25869.0,22597.0,25832.0,14,0.40382981300354004,4
25733.0,23388.0,25232.0,47,1.0192089080810547,6
25312.0,23576.0,25349.0,81,1.737811803817749,9
25417.0,23549.0,25927.0,81,1.737825870513916,9
24006.0,25142.0,24057.0,111,2.3405098915100098,12
