z1,z2,z3,node,time,depth
16788.0,16937.0,18800.0,1,0.021166086196899414,1
18083.0,16406.0,17552.0,1,0.021175146102905273,1
17199.0,18065.0,16988.0,1,0.021183013916015625,1
15743.0,19361.0,17304.0,1,0.021191120147705078,1
15634.0,18469.0,18753.0,1,0.021199941635131836,1
16221.0,18292.0,18429.0,5,0.06531095504760742,3
17647.0,17819.0,17660.0,7,0.09067702293395996,4
18035.0,16981.0,17557.0,7,0.09068799018859863,4
16610.0,17500.0,18787.0,13,0.1388859748840332,7
