z1,z2,z3,node,time,depth
17436.0,15799.0,14607.0,1,0.007766008377075195,1
16076.0,18027.0,13942.0,1,0.007771015167236328,1
17231.0,14506.0,16605.0,1,0.007776021957397461,1
16633.0,14490.0,17069.0,1,0.007781028747558594,1
16110.0,15365.0,17736.0,1,0.007786989212036133,1
15661.0,16599.0,17135.0,1,0.007791996002197266,1
16184.0,16239.0,16611.0,5,0.028339147567749023,3
16650.0,16391.0,16200.0,7,0.038450002670288086,4
