z1,z2,z3,node,time,depth
-28.0,-25.0,-33.0,1,0.0022530555725097656,1
-17.0,-26.0,-28.0,4,0.006515026092529297,4
-17.0,-19.0,-35.0,16,0.014478921890258789,11
-15.0,-20.0,-35.0,28,0.021532058715820312,9
-15.0,-19.0,-37.0,29,0.022778987884521484,5
-18.0,-28.0,-24.0,39,0.0295560359954834,8
-20.0,-27.0,-21.0,65,0.04783987998962402,8
-20.0,-28.0,-18.0,85,0.061074018478393555,8
-28.0,-26.0,-27.0,105,0.07267498970031738,2
-19.0,-16.0,-36.0,126,0.08609485626220703,11
-17.0,-16.0,-38.0,140,0.09555602073669434,9
-21.0,-14.0,-35.0,152,0.10455584526062012,11
-30.0,-24.0,-30.0,164,0.1115870475769043,6
-20.0,-17.0,-34.0,174,0.11976885795593262,9
-19.0,-15.0,-38.0,184,0.12546086311340332,9
-30.0,-25.0,-27.0,205,0.13945603370666504,5
