z1,z2,z3,node,time,depth
-19537.0,-16251.0,-19863.0,1,0.0016291141510009766,1
-19447.0,-16190.0,-19937.0,1,0.0016300678253173828,1
-18391.0,-17506.0,-18291.0,3,0.004972934722900391,2
-19502.0,-16253.0,-19691.0,4,0.006322145462036133,3
-18204.0,-17431.0,-18489.0,7,0.010643959045410156,3
-18883.0,-16934.0,-19046.0,11,0.015800952911376953,4
-18848.0,-16936.0,-18874.0,19,0.025597095489501953,5
-18002.0,-17537.0,-18571.0,65,0.06949496269226074,7
-17333.0,-18169.0,-17704.0,180,0.14631414413452148,9
-18189.0,-17612.0,-18373.0,183,0.1481151580810547,9
-18301.0,-17445.0,-18365.0,243,0.18407201766967773,9
-18099.0,-17551.0,-18447.0,267,0.19661307334899902,10
-18194.0,-17485.0,-18461.0,270,0.1985940933227539,10
-17535.0,-18063.0,-17622.0,326,0.23061895370483398,10
-18848.0,-16802.0,-19278.0,346,0.2428591251373291,11
-19050.0,-16928.0,-19130.0,408,0.2780909538269043,12
-18960.0,-16867.0,-19204.0,456,0.30403995513916016,13
-19611.0,-13369.0,-19811.0,535,0.3438711166381836,17
