z1,z2,z3,node,time,depth
-4443.0,-944.0,-4197.0,1,0.0009779930114746094,1
-2293.0,-3724.0,-2454.0,1,0.000982046127319336,1
-3861.0,-1670.0,-3569.0,6,0.004775047302246094,3
-3648.0,-2487.0,-3832.0,16,0.012515068054199219,5
-3066.0,-3213.0,-3204.0,42,0.028284072875976562,6
-3805.0,-1690.0,-3491.0,60,0.03889608383178711,7
-3804.0,-1758.0,-3489.0,154,0.08121109008789062,9
-2946.0,-3046.0,-3270.0,166,0.08562803268432617,9
-3177.0,-2492.0,-3061.0,196,0.09645199775695801,10
-3816.0,-1678.0,-3769.0,208,0.10003995895385742,11
