z1,z2,z3,node,time,depth
-2989.0,-2324.0,-2933.0,1,0.000926971435546875,1
-2133.0,-3354.0,-2786.0,50,0.02216506004333496,11
-2456.0,-3066.0,-2915.0,68,0.02961897850036621,7
-2542.0,-2693.0,-2715.0,108,0.047811031341552734,11
-2865.0,-2405.0,-2844.0,115,0.05068182945251465,9
-2688.0,-2433.0,-2408.0,133,0.058493852615356445,9
-2368.0,-2856.0,-3044.0,151,0.06881499290466309,8
-2328.0,-2223.0,-3346.0,182,0.08440804481506348,7
-2091.0,-3239.0,-3283.0,186,0.08740901947021484,5
-1917.0,-3402.0,-3612.0,225,0.10499286651611328,8
-1472.0,-3383.0,-3811.0,226,0.10563397407531738,4
-1877.0,-2769.0,-3914.0,251,0.11758899688720703,8
-1881.0,-2722.0,-3740.0,263,0.12349796295166016,10
-1921.0,-3355.0,-3438.0,286,0.13463902473449707,7
-2149.0,-2769.0,-3105.0,307,0.14534687995910645,8
-2326.0,-2741.0,-3541.0,321,0.15120506286621094,6
