z1,z2,z3,node,time,depth
-2830.0,-2340.0,-2946.0,3,0.004979133605957031,2
-2162.0,-2956.0,-2374.0,9,0.013873100280761719,4
-2106.0,-2760.0,-2663.0,39,0.043038129806518555,6
-2774.0,-2144.0,-3235.0,53,0.05627608299255371,6
-3035.0,-2161.0,-2938.0,69,0.06757211685180664,7
-3621.0,-1236.0,-3590.0,128,0.10678911209106445,8
-2979.0,-1965.0,-3227.0,135,0.11075711250305176,8
-4229.0,-494.0,-4063.0,152,0.12024712562561035,8
-4024.0,-673.0,-4071.0,212,0.15030598640441895,8
-3447.0,-1369.0,-3705.0,234,0.16019701957702637,9
-2855.0,-2179.0,-3085.0,236,0.1611170768737793,9
-1171.0,-3329.0,-1857.0,254,0.16838812828063965,9
-3637.0,-1304.0,-3443.0,268,0.1737980842590332,9
-4008.0,-605.0,-4218.0,294,0.18489503860473633,9
-3416.0,-1415.0,-3598.0,296,0.18574213981628418,9
-1227.0,-3525.0,-1568.0,368,0.2137899398803711,10
-1935.0,-2815.0,-2466.0,430,0.23762798309326172,11
-2574.0,-2164.0,-3141.0,432,0.2382509708404541,11
-3463.0,-1437.0,-3558.0,436,0.23946714401245117,11
-2603.0,-2199.0,-3038.0,446,0.2426910400390625,11
-3242.0,-1548.0,-3713.0,448,0.24332594871520996,11
-2322.0,-2184.0,-3094.0,450,0.24400997161865234,11
