z1,z2,z3,node,time,depth
-27.0,-47.0,-28.0,1,0.0015740394592285156,1
-39.0,-45.0,-44.0,1,0.001577138900756836,1
-39.0,-37.0,-55.0,1,0.0015799999237060547,1
-46.0,-34.0,-50.0,1,0.001583099365234375,1
-44.0,-40.0,-46.0,1,0.0015859603881835938,1
-42.0,-37.0,-49.0,2,0.003596067428588867,2
-43.0,-24.0,-52.0,29,0.029880046844482422,3
-41.0,-29.0,-52.0,29,0.029883146286010742,3
