z1,z2,z3,node,time,depth
-7922.0,-8179.0,-9163.0,4,0.0021178722381591797,3
-7766.0,-8395.0,-9225.0,16,0.0076868534088134766,5
-7725.0,-8419.0,-9063.0,17,0.008016824722290039,5
-8295.0,-8693.0,-8108.0,19,0.008883953094482422,5
-8343.0,-8666.0,-8285.0,28,0.014340877532958984,6
-8492.0,-8453.0,-8208.0,29,0.014752864837646484,6
-8065.0,-8101.0,-9237.0,36,0.01817798614501953,6
-8336.0,-8669.0,-8270.0,50,0.02386784553527832,7
-8635.0,-8375.0,-8282.0,58,0.02712702751159668,7
