z1,z2,z3,node,time,depth
19492.0,18016.0,21043.0,1,0.02045583724975586,1
17513.0,20307.0,20314.0,1,0.020463943481445312,1
18369.0,18264.0,20691.0,1,0.020472049713134766,1
18149.0,20312.0,19859.0,1,0.02047896385192871,1
17804.0,18915.0,20764.0,1,0.020486831665039062,1
18780.0,21314.0,19419.0,1,0.02049398422241211,1
20364.0,19039.0,19601.0,1,0.02050185203552246,1
19584.0,18635.0,19867.0,1,0.020509004592895508,1
19278.0,18797.0,20132.0,8,0.09955787658691406,5
