z1,z2,z3,node,time,depth
23482.0,20703.0,23724.0,1,0.035121917724609375,1
22219.0,22078.0,23952.0,1,0.03513693809509277,1
20899.0,24821.0,23316.0,1,0.03515195846557617,1
22719.0,24380.0,21842.0,1,0.035166025161743164,1
22819.0,23878.0,21936.0,1,0.03518104553222656,1
24788.0,21383.0,22134.0,1,0.035199880599975586,1
23385.0,23690.0,22243.0,15,1.1215269565582275,4
22199.0,24753.0,22732.0,37,2.968979835510254,6
22028.0,24441.0,23579.0,37,2.9690349102020264,6
24295.0,22197.0,23499.0,63,5.130779981613159,9
23257.0,22978.0,22945.0,67,5.479897975921631,10
