z1,z2,z3,node,time,depth
-28.0,-48.0,-22.0,1,0.0007519721984863281,1
-20.0,-53.0,-13.0,63,0.02567601203918457,2
-29.0,-45.0,-20.0,95,0.04007887840270996,7
