z1,z2,z3,node,time,depth
-29.0,-36.0,-20.0,1,0.001547098159790039,1
-30.0,-35.0,-9.0,1,0.0015540122985839844,1
-24.0,-38.0,-23.0,18,0.011689901351928711,10
-20.0,-41.0,-22.0,28,0.01640605926513672,10
-26.0,-34.0,-22.0,89,0.04990196228027344,5
-27.0,-40.0,-21.0,104,0.05933094024658203,10
-28.0,-37.0,-11.0,108,0.060990095138549805,9
-28.0,-39.0,-10.0,131,0.07303905487060547,10
