z1,z2,z3,node,time,depth
23582.0,19722.0,18683.0,1,0.04215097427368164,1
21034.0,19328.0,20014.0,1,0.042166948318481445,1
22730.0,18613.0,19804.0,1,0.042183876037597656,1
20123.0,20674.0,19070.0,1,0.04219985008239746,1
18768.0,21764.0,20671.0,1,0.042215824127197266,1
18739.0,20535.0,22074.0,1,0.04223203659057617,1
19312.0,20230.0,20850.0,1,0.04224801063537598,1
20100.0,18715.0,22598.0,1,0.04226398468017578,1
20921.0,19570.0,20627.0,3,0.10398197174072266,2
20575.0,20079.0,19697.0,7,0.19673705101013184,4
20894.0,19674.0,20043.0,16,0.2969679832458496,6
20910.0,19220.0,20888.0,37,0.43928098678588867,9
