z1,z2,z3,node,time,depth
-22552.0,-20668.0,-18767.0,1,0.001074075698852539,1
-22447.0,-20254.0,-19214.0,1,0.0010831356048583984,1
-22815.0,-20480.0,-18302.0,8,0.00722813606262207,4
-22710.0,-20066.0,-18749.0,35,0.02104806900024414,7
-22677.0,-20187.0,-18707.0,44,0.024873018264770508,8
