z1,z2,z3,node,time,depth
-56.0,-75.0,-58.0,7,0.007983207702636719,3
-49.0,-81.0,-63.0,30,0.031155109405517578,5
-54.0,-69.0,-67.0,89,0.07303810119628906,7
-60.0,-69.0,-52.0,124,0.09862112998962402,8
-53.0,-77.0,-67.0,234,0.16020798683166504,9
-61.0,-61.0,-52.0,334,0.20593810081481934,10
-53.0,-79.0,-60.0,374,0.22565007209777832,10
-42.0,-74.0,-68.0,405,0.23792815208435059,10
-55.0,-68.0,-64.0,450,0.25698399543762207,11
-54.0,-78.0,-57.0,524,0.2856721878051758,12
-58.0,-69.0,-57.0,552,0.29554104804992676,13
-54.0,-76.0,-64.0,558,0.297774076461792,13
-50.0,-79.0,-62.0,564,0.2998170852661133,13
-58.0,-72.0,-54.0,576,0.3037760257720947,14
-55.0,-69.0,-59.0,578,0.3044881820678711,14
-45.0,-82.0,-65.0,584,0.30667614936828613,15
