z1,z2,z3,node,time,depth
-31.0,-31.0,-37.0,67,0.036041975021362305,4
-31.0,-32.0,-36.0,138,0.07093000411987305,3
-23.0,-36.0,-33.0,139,0.07213401794433594,4
-23.0,-37.0,-32.0,201,0.10800695419311523,11
-8.0,-41.0,-16.0,226,0.11886191368103027,7
-33.0,-25.0,-33.0,266,0.14537811279296875,8
-32.0,-27.0,-36.0,359,0.19080591201782227,10
-39.0,-19.0,-40.0,377,0.1992659568786621,10
-39.0,-20.0,-39.0,380,0.20054411888122559,7
