z1,z2,z3,node,time,depth
-8442.0,-10227.0,-8168.0,1,0.0007698535919189453,1
-9409.0,-8778.0,-9720.0,2,0.0013928413391113281,2
-8811.0,-9386.0,-9069.0,38,0.01814103126525879,6
-9011.0,-9589.0,-9031.0,39,0.018555879592895508,6
-9489.0,-8544.0,-9556.0,48,0.02281785011291504,7
-9091.0,-9355.0,-8867.0,56,0.02649402618408203,7
