z1,z2,z3,node,time,depth
-18520.0,-16044.0,-15896.0,1,0.0032269954681396484,1
-17813.0,-15639.0,-17217.0,1,0.0032508373260498047,1
-17474.0,-16053.0,-17082.0,1,0.003276824951171875,1
-18859.0,-15630.0,-16031.0,2,0.006176948547363281,2
-17749.0,-16386.0,-16242.0,2,0.006181955337524414,2
-18455.0,-15566.0,-16731.0,3,0.008731842041015625,3
-18527.0,-15405.0,-16935.0,3,0.008761882781982422,3
-17741.0,-15800.0,-17013.0,68,0.0599977970123291,5
-17700.0,-16017.0,-16626.0,86,0.07343292236328125,16
-17772.0,-15856.0,-16830.0,176,0.14127182960510254,16
-17874.0,-15225.0,-17078.0,272,0.21725201606750488,3
-18649.0,-15190.0,-16953.0,273,0.21929502487182617,4
-18818.0,-15183.0,-16490.0,318,0.2507929801940918,14
-18577.0,-15351.0,-16749.0,358,0.2758150100708008,6
-18536.0,-15568.0,-16362.0,374,0.28752589225769043,16
-18608.0,-15407.0,-16566.0,446,0.33574485778808594,16
-18870.0,-13474.0,-14480.0,549,0.4083080291748047,13
-17894.0,-15641.0,-16848.0,614,0.45255279541015625,14
-17821.0,-16225.0,-16446.0,659,0.48865485191345215,6
-18031.0,-16001.0,-16370.0,686,0.5091888904571533,12
-18188.0,-15819.0,-16800.0,731,0.5456960201263428,4
-18116.0,-15980.0,-16596.0,731,0.5457010269165039,4
-18398.0,-15595.0,-16724.0,750,0.5605709552764893,16
-17402.0,-16214.0,-16878.0,840,0.6357808113098145,7
-17611.0,-16413.0,-16604.0,940,0.7069978713989258,5
-17684.0,-15829.0,-17006.0,953,0.7186470031738281,13
-18310.0,-15604.0,-16818.0,1002,0.754349946975708,4
-18238.0,-15765.0,-16614.0,1024,0.7743849754333496,7
-18479.0,-15597.0,-16355.0,1078,0.8120129108428955,12
-18447.0,-15964.0,-16340.0,1086,0.8174068927764893,5
-17733.0,-16198.0,-16622.0,1226,0.9127869606018066,6
-17692.0,-16415.0,-16235.0,1268,0.9458270072937012,12
