z1,z2,z3,node,time,depth
-29.0,-41.0,-27.0,1,0.0012359619140625,1
-20.0,-46.0,-23.0,19,0.014842987060546875,5
-21.0,-45.0,-24.0,60,0.03450298309326172,7
-24.0,-33.0,-29.0,66,0.036540985107421875,7
-23.0,-35.0,-28.0,94,0.04912900924682617,8
-25.0,-32.0,-28.0,96,0.049986839294433594,8
-32.0,-29.0,-32.0,124,0.06063199043273926,9
