z1,z2,z3,node,time,depth
95.0,74.0,70.0,1,0.014133930206298828,1
85.0,77.0,83.0,1,0.014142036437988281,1
83.0,91.0,58.0,1,0.014149904251098633,1
66.0,90.0,81.0,1,0.014158010482788086,1
68.0,94.0,73.0,1,0.014165878295898438,1
83.0,80.0,78.0,2,0.025866985321044922,2
75.0,90.0,77.0,5,0.07313394546508789,3
85.0,86.0,75.0,9,0.12362003326416016,4
81.0,88.0,70.0,14,0.17074084281921387,5
127.0,90.0,66.0,58,0.5223569869995117,12
