z1,z2,z3,node,time,depth
-20757.0,-18068.0,-20872.0,1,0.0011298656463623047,1
-20879.0,-17916.0,-21069.0,9,0.009222984313964844,4
-20856.0,-17689.0,-21205.0,18,0.015783071517944336,5
-21639.0,-17334.0,-21689.0,100,0.06961488723754883,8
