z1,z2,z3,node,time,depth
-3801.0,-3035.0,-3759.0,1,0.0012769699096679688,1
-4004.0,-2712.0,-3647.0,1,0.001277923583984375,1
-3346.0,-3752.0,-2197.0,138,0.06501984596252441,11
-3890.0,-3299.0,-3453.0,161,0.07439899444580078,5
-4011.0,-3401.0,-3366.0,172,0.0790259838104248,8
-3045.0,-3440.0,-2683.0,197,0.09081888198852539,8
-3166.0,-3542.0,-2596.0,207,0.09602785110473633,10
-2972.0,-3544.0,-2742.0,212,0.0980689525604248,9
