z1,z2,z3,node,time,depth
20316.0,16507.0,19824.0,1,0.01201009750366211,1
18878.0,17721.0,18583.0,1,0.012017011642456055,1
17181.0,18525.0,18487.0,1,0.012025117874145508,1
18360.0,19191.0,17383.0,1,0.01203298568725586,1
17937.0,19230.0,17829.0,2,0.025480985641479492,2
17839.0,18463.0,18663.0,2,0.02549910545349121,2
19445.0,17408.0,19785.0,7,0.056620121002197266,4
19755.0,17372.0,19658.0,21,0.11257410049438477,8
