z1,z2,z3,node,time,depth
5422.0,3133.0,4557.0,1,0.006796836853027344,1
5104.0,5070.0,3619.0,1,0.006803035736083984,1
4194.0,3909.0,5402.0,1,0.006808042526245117,1
4039.0,4306.0,5595.0,1,0.00681304931640625,1
4043.0,5016.0,5085.0,1,0.006817817687988281,1
3951.0,4767.0,5599.0,1,0.006827831268310547,1
5271.0,4293.0,4111.0,29,0.3303189277648926,3
5165.0,4187.0,4934.0,51,0.5492730140686035,6
