z1,z2,z3,node,time,depth
21656.0,27949.0,21225.0,1,0.07879996299743652,1
22055.0,26441.0,22934.0,1,0.07881498336791992,1
23652.0,24398.0,24585.0,1,0.07883000373840332,1
23029.0,26220.0,22537.0,1,0.07884407043457031,1
23546.0,24756.0,24077.0,1,0.0788578987121582,1
24943.0,23237.0,25451.0,1,0.0788719654083252,1
26314.0,22451.0,26978.0,1,0.07890105247497559,1
23378.0,25156.0,23698.0,53,1.1277289390563965,5
22594.0,26095.0,23230.0,54,1.1451630592346191,6
25000.0,24509.0,24327.0,88,1.6594140529632568,9
25441.0,23985.0,25402.0,118,2.2002170085906982,13
