z1,z2,z3,node,time,depth
-33.0,-45.0,-33.0,1,0.0013768672943115234,1
-39.0,-28.0,-31.0,4,0.0055959224700927734,3
-37.0,-35.0,-29.0,9,0.01219797134399414,4
-38.0,-38.0,-26.0,40,0.039320945739746094,6
-32.0,-26.0,-37.0,100,0.06728792190551758,8
-36.0,-43.0,-33.0,120,0.07372808456420898,8
-40.0,-33.0,-29.0,138,0.0802009105682373,9
-35.0,-40.0,-36.0,156,0.0858910083770752,10
-27.0,-32.0,-39.0,158,0.08652305603027344,10
