z1,z2,z3,node,time,depth
-39.0,-41.0,-43.0,1,0.0031349658966064453,1
-39.0,-40.0,-44.0,1,0.0031409263610839844,1
-42.0,-40.0,-42.0,2,0.00624394416809082,2
-37.0,-39.0,-45.0,3,0.008945941925048828,3
-43.0,-38.0,-43.0,147,0.14174103736877441,11
-44.0,-37.0,-43.0,149,0.14624786376953125,4
-50.0,-32.0,-37.0,165,0.16208100318908691,15
-50.0,-33.0,-36.0,168,0.16526103019714355,8
-48.0,-34.0,-41.0,179,0.17172789573669434,15
-49.0,-32.0,-40.0,182,0.17462897300720215,9
-45.0,-38.0,-39.0,201,0.19631195068359375,7
-49.0,-33.0,-37.0,245,0.23778200149536133,15
-45.0,-37.0,-40.0,252,0.24588704109191895,10
-28.0,-36.0,-46.0,288,0.2918269634246826,7
-47.0,-37.0,-39.0,323,0.3356819152832031,2
-43.0,-39.0,-40.0,326,0.34351491928100586,5
-33.0,-42.0,-38.0,338,0.35848188400268555,13
-30.0,-42.0,-40.0,372,0.39676594734191895,8
-44.0,-40.0,-36.0,432,0.46976804733276367,12
-34.0,-42.0,-35.0,481,0.5192499160766602,16
-30.0,-43.0,-36.0,506,0.5343849658966064,13
-42.0,-41.0,-41.0,526,0.5560710430145264,8
