z1,z2,z3,node,time,depth
-2423.0,-3285.0,-2834.0,1,0.0012087821960449219,1
-2053.0,-3263.0,-3296.0,5,0.005337953567504883,3
-3371.0,-2742.0,-3347.0,234,0.12291789054870605,9
-2164.0,-3007.0,-3637.0,270,0.13660693168640137,10
-2808.0,-3153.0,-3605.0,294,0.14398884773254395,10
-3154.0,-2908.0,-3338.0,302,0.14949584007263184,10
-2132.0,-2890.0,-3740.0,314,0.15294289588928223,11
-2683.0,-2749.0,-3639.0,316,0.1535499095916748,11
