z1,z2,z3,node,time,depth
19374.0,16521.0,18422.0,1,0.006296873092651367,1
16628.0,18065.0,18821.0,1,0.006304025650024414,1
18443.0,18510.0,17132.0,1,0.006311893463134766,1
18882.0,17558.0,17539.0,1,0.006319999694824219,1
17206.0,18236.0,18314.0,2,0.009800910949707031,2
18034.0,19336.0,18003.0,4,0.01905083656311035,3
