z1,z2,z3,node,time,depth
-8075.0,-9740.0,-7733.0,2,0.0009930133819580078,2
-8369.0,-9736.0,-7538.0,2,0.0009989738464355469,2
-7650.0,-9809.0,-7729.0,13,0.005519866943359375,9
-7297.0,-9753.0,-7990.0,18,0.007532835006713867,3
-8074.0,-9576.0,-7760.0,65,0.02958989143371582,5
