z1,z2,z3,node,time,depth
70.0,65.0,68.0,1,0.22499799728393555,1
55.0,104.0,91.0,1,0.22504091262817383,1
71.0,81.0,60.0,1,0.22516703605651855,1
74.0,58.0,77.0,1,0.2253260612487793,1
63.0,74.0,74.0,1,0.22551393508911133,1
82.0,58.0,67.0,1,0.22586393356323242,1
65.0,70.0,74.0,1,0.2259199619293213,1
61.0,80.0,76.0,2,0.45235300064086914,2
66.0,69.0,74.0,3,0.5201098918914795,2
59.0,112.0,82.0,4,0.6702258586883545,3
58.0,112.0,87.0,8,0.9120540618896484,4
59.0,99.0,89.0,12,0.9929430484771729,4
60.0,93.0,103.0,12,0.9929540157318115,4
58.0,110.0,88.0,14,1.1674339771270752,5
83.0,74.0,62.0,24,1.4426748752593994,6
93.0,57.0,105.0,25,1.5052218437194824,6
103.0,95.0,57.0,25,1.5052459239959717,6
91.0,97.0,58.0,25,1.5052578449249268,6
96.0,97.0,57.0,25,1.505270004272461,6
94.0,99.0,57.0,25,1.505281925201416,6
95.0,57.0,100.0,25,1.505328893661499,6
100.0,92.0,58.0,25,1.5053529739379883,6
107.0,90.0,58.0,25,1.5053648948669434,6
59.0,94.0,105.0,31,1.6976518630981445,6
60.0,99.0,88.0,35,1.747143030166626,6
59.0,109.0,86.0,36,1.7578370571136475,6
57.0,98.0,97.0,37,1.788769006729126,6
56.0,104.0,90.0,37,1.7888028621673584,6
59.0,98.0,92.0,37,1.7888269424438477,6
60.0,97.0,101.0,47,2.365449905395508,7
60.0,104.0,86.0,56,2.441650867462158,7
59.0,104.0,87.0,57,2.4497568607330322,7
60.0,98.0,91.0,58,2.463088035583496,7
60.0,110.0,82.0,68,2.905060052871704,8
58.0,98.0,96.0,109,3.5663540363311768,9
97.0,90.0,59.0,133,4.067586898803711,11
104.0,88.0,59.0,133,4.067672967910767,11
93.0,95.0,58.0,133,4.067682981491089,11
58.0,105.0,89.0,160,4.578973054885864,12
71.0,63.0,79.0,162,4.679856061935425,13
95.0,92.0,59.0,198,5.343847036361694,15
98.0,94.0,58.0,198,5.343869924545288,15
