z1,z2,z3,node,time,depth
20890.0,22836.0,24978.0,1,0.033288002014160156,1
23408.0,20261.0,23823.0,1,0.03329896926879883,1
24383.0,21380.0,22167.0,1,0.0333099365234375,1
22558.0,22987.0,21655.0,1,0.033319950103759766,1
21438.0,24711.0,21574.0,1,0.03333091735839844,1
22849.0,22176.0,22633.0,3,0.0713350772857666,2
22521.0,22826.0,21968.0,3,0.07134604454040527,2
23113.0,22249.0,22172.0,3,0.07135605812072754,2
22211.0,23937.0,21754.0,9,0.15004611015319824,3
22361.0,22382.0,23336.0,29,0.37726402282714844,8
