z1,z2,z3,node,time,depth
-21292.0,-20567.0,-19499.0,1,0.0006780624389648438,1
-20668.0,-20166.0,-19919.0,372,0.15908598899841309,5
-21155.0,-19832.0,-19858.0,391,0.16683697700500488,8
