z1,z2,z3,node,time,depth
-20128.0,-18982.0,-19677.0,1,0.0007011890411376953,1
-19913.0,-18934.0,-19686.0,1,0.0007030963897705078,1
-19375.0,-19826.0,-18902.0,147,0.08020710945129395,4
-19433.0,-19607.0,-18917.0,207,0.11338114738464355,10
-19590.0,-19874.0,-18893.0,209,0.11454916000366211,3
