z1,z2,z3,node,time,depth
-8843.0,-9062.0,-8699.0,2,0.0012090206146240234,2
-8982.0,-9038.0,-8846.0,2,0.0012099742889404297,2
-7925.0,-9832.0,-8004.0,23,0.008882999420166016,4
-8091.0,-9561.0,-7797.0,29,0.010921001434326172,7
-8064.0,-9808.0,-8151.0,35,0.012989997863769531,3
-8230.0,-9537.0,-7944.0,46,0.017030954360961914,6
