z1,z2,z3,node,time,depth
-8138.0,-9178.0,-7980.0,1,0.0005900859832763672,1
-7154.0,-9377.0,-8215.0,2,0.0011920928955078125,2
-7179.0,-9341.0,-8485.0,2,0.0011930465698242188,2
-7231.0,-9623.0,-8069.0,45,0.016618013381958008,7
-7481.0,-9605.0,-7923.0,65,0.024116992950439453,7
-7456.0,-9641.0,-7653.0,68,0.025443077087402344,6
-8113.0,-9214.0,-7710.0,70,0.026530027389526367,5
-7289.0,-10091.0,-7970.0,79,0.029725074768066406,5
