z1,z2,z3,node,time,depth
24502.0,24195.0,21095.0,1,0.08277702331542969,1
24647.0,22243.0,22725.0,1,0.08279585838317871,1
24123.0,21463.0,24754.0,1,0.08281397819519043,1
22786.0,21857.0,24238.0,1,0.08285093307495117,1
22544.0,23485.0,22483.0,1,0.0828700065612793,1
22494.0,24923.0,21723.0,1,0.08288788795471191,1
22105.0,23935.0,22545.0,1,0.08290696144104004,1
22730.0,23692.0,22214.0,1,0.08292484283447266,1
22338.0,23688.0,23961.0,2,0.15874004364013672,2
24140.0,22781.0,22584.0,14,0.4492628574371338,5
23916.0,22776.0,22737.0,18,0.5440518856048584,6
23673.0,23416.0,23505.0,76,1.5349969863891602,12
