z1,z2,z3,node,time,depth
27286.0,24349.0,25338.0,1,0.06553101539611816,1
26665.0,26710.0,24516.0,1,0.06554508209228516,1
25566.0,25789.0,25585.0,1,0.06556010246276855,1
25047.0,26494.0,26199.0,1,0.06557416915893555,1
25112.0,26321.0,25771.0,1,0.06558799743652344,1
27271.0,23879.0,26490.0,1,0.06560301780700684,1
26231.0,24867.0,26030.0,1,0.06561803817749023,1
25589.0,25303.0,26934.0,1,0.06563210487365723,1
26537.0,25581.0,25949.0,2,0.07548117637634277,2
