z1,z2,z3,node,time,depth
-38235.0,-34501.0,-37402.0,1,0.010836124420166016,1
-37820.0,-34491.0,-37604.0,1,0.010881185531616211,1
-37476.0,-37657.0,-37221.0,1,0.010998964309692383,1
-36394.0,-38889.0,-36084.0,2,0.020313024520874023,2
-38049.0,-34437.0,-37505.0,3,0.025292158126831055,2
-38122.0,-34652.0,-37463.0,4,0.032087087631225586,3
-38132.0,-34703.0,-37411.0,4,0.032090187072753906,3
-37034.0,-38462.0,-36799.0,24,0.10997605323791504,5
-36280.0,-39108.0,-36089.0,24,0.10998201370239258,5
-36514.0,-38966.0,-36077.0,24,0.11000299453735352,5
-37886.0,-34362.0,-37519.0,40,0.1701340675354004,6
-37607.0,-35242.0,-37083.0,57,0.24593210220336914,6
-37046.0,-38177.0,-36730.0,96,0.41290903091430664,7
-37793.0,-35306.0,-36980.0,155,1.368298053741455,8
-37600.0,-35492.0,-36758.0,282,1.8653490543365479,9
-35487.0,-39456.0,-35466.0,588,3.4203031063079834,10
-36740.0,-38036.0,-36840.0,1289,5.993909120559692,12
-36208.0,-38825.0,-36187.0,1297,6.017965078353882,12
-35499.0,-39171.0,-35397.0,1760,7.340816020965576,13
-37907.0,-34570.0,-37485.0,2107,8.30297303199768,14
-37805.0,-35021.0,-36911.0,2604,9.644241094589233,15
-37727.0,-34665.0,-37477.0,2691,9.84107518196106,15
-37869.0,-34532.0,-37497.0,3020,10.690190076828003,15
-37669.0,-35330.0,-36735.0,3979,12.801153182983398,17
-37191.0,-34796.0,-37236.0,5463,15.735464096069336,19
-37830.0,-34542.0,-37552.0,5719,16.17282509803772,19
-32133.0,-39578.0,-32528.0,6063,16.75424599647522,19
-32258.0,-39622.0,-32287.0,7027,18.43703317642212,20
-32182.0,-39504.0,-32442.0,7031,18.44303607940674,20
-32176.0,-39534.0,-32453.0,8005,20.029088020324707,21
-37015.0,-34783.0,-37287.0,9187,21.94860005378723,22
-36160.0,-38661.0,-36201.0,10578,24.290750980377197,24
-37180.0,-34817.0,-37240.0,10814,24.65549397468567,24
-37630.0,-35409.0,-37016.0,11662,26.143025159835815,26
-37640.0,-35460.0,-36964.0,11664,26.14742612838745,26
-37892.0,-34699.0,-37430.0,11738,26.390335083007812,26
-37902.0,-34750.0,-37378.0,11740,26.406543970108032,26
-36327.0,-38939.0,-36137.0,11878,26.760853052139282,26
