z1,z2,z3,node,time,depth
-3281.0,-2154.0,-1962.0,1,0.0017650127410888672,1
-1992.0,-2946.0,-2318.0,1,0.0017769336700439453,1
-2774.0,-2551.0,-2042.0,1,0.0017778873443603516,1
-3067.0,-1096.0,-2080.0,3,0.005043983459472656,2
-2499.0,-2549.0,-2238.0,8,0.011831045150756836,4
-2845.0,-2053.0,-2706.0,16,0.02048182487487793,5
-2338.0,-2450.0,-2786.0,34,0.0368189811706543,6
-2645.0,-2175.0,-2566.0,46,0.045578956604003906,6
-1426.0,-2242.0,-2803.0,65,0.059422969818115234,7
-2548.0,-2445.0,-2189.0,66,0.05983901023864746,7
-3267.0,-974.0,-2220.0,71,0.06339097023010254,7
-2138.0,-2572.0,-2646.0,82,0.07051801681518555,7
-779.0,-2686.0,-2489.0,83,0.07124495506286621,7
-2862.0,-1198.0,-2282.0,116,0.09402084350585938,8
-2226.0,-1219.0,-2886.0,138,0.10538601875305176,8
-2864.0,-1816.0,-2126.0,184,0.1260058879852295,9
-2631.0,-995.0,-2824.0,202,0.1333310604095459,9
-2124.0,-1392.0,-2904.0,210,0.13669991493225098,9
-2077.0,-853.0,-3207.0,256,0.15479087829589844,10
-1570.0,-1250.0,-3287.0,262,0.15714597702026367,10
-1674.0,-1695.0,-3113.0,264,0.157973051071167,10
-2079.0,-1471.0,-3051.0,268,0.15952491760253906,10
-1572.0,-1868.0,-3131.0,272,0.16077685356140137,10
-2071.0,-2634.0,-1484.0,284,0.16438984870910645,11
-1632.0,-1793.0,-2877.0,298,0.16834497451782227,11
-1125.0,-2190.0,-2957.0,300,0.16895794868469238,11
