z1,z2,z3,node,time,depth
-46.0,-41.0,-44.0,1,0.004385948181152344,1
-41.0,-29.0,-47.0,1,0.004408121109008789,1
-46.0,-46.0,-38.0,131,0.10138702392578125,15
-52.0,-44.0,-30.0,209,0.1712961196899414,6
-49.0,-40.0,-38.0,263,0.21074700355529785,15
-53.0,-39.0,-23.0,269,0.21821904182434082,7
-50.0,-46.0,-31.0,318,0.25460314750671387,12
-48.0,-44.0,-36.0,395,0.3232460021972656,11
-51.0,-31.0,-32.0,518,0.43326306343078613,15
-48.0,-28.0,-39.0,540,0.44595813751220703,15
-50.0,-41.0,-37.0,598,0.4913489818572998,12
-38.0,-33.0,-45.0,603,0.4991011619567871,5
-41.0,-31.0,-45.0,609,0.5070149898529053,10
-44.0,-28.0,-46.0,618,0.5113790035247803,15
-41.0,-30.0,-46.0,636,0.5258450508117676,15
-51.0,-34.0,-31.0,667,0.5601930618286133,11
-35.0,-35.0,-45.0,684,0.583975076675415,8
-41.0,-43.0,-44.0,703,0.6040160655975342,2
-47.0,-44.0,-38.0,704,0.6071419715881348,3
-41.0,-45.0,-42.0,705,0.6096069812774658,4
-45.0,-47.0,-37.0,749,0.644679069519043,15
-45.0,-42.0,-43.0,803,0.6916279792785645,15
-38.0,-52.0,-39.0,823,0.7166910171508789,5
-44.0,-46.0,-39.0,838,0.7282571792602539,16
-39.0,-47.0,-42.0,872,0.7470080852508545,9
-43.0,-44.0,-41.0,883,0.7541029453277588,13
-45.0,-44.0,-40.0,884,0.7547969818115234,10
-42.0,-49.0,-40.0,890,0.7574591636657715,14
-41.0,-48.0,-41.0,895,0.7607929706573486,8
-42.0,-43.0,-42.0,903,0.7668991088867188,13
-38.0,-50.0,-41.0,908,0.7713391780853271,7
-39.0,-52.0,-36.0,964,0.8193120956420898,12
-45.0,-49.0,-34.0,982,0.8375639915466309,10
-44.0,-51.0,-35.0,988,0.8419570922851562,11
-42.0,-54.0,-34.0,1003,0.8487160205841064,9
-48.0,-52.0,-29.0,1022,0.8615939617156982,4
-50.0,-44.0,-34.0,1028,0.8705799579620361,10
-47.0,-45.0,-35.0,1045,0.8807570934295654,13
-49.0,-42.0,-36.0,1055,0.8872971534729004,15
-51.0,-45.0,-29.0,1086,0.9157240390777588,12
-49.0,-47.0,-30.0,1107,0.9363880157470703,11
-51.0,-47.0,-26.0,1127,0.9464881420135498,4
-47.0,-51.0,-31.0,1135,0.958611011505127,12
-44.0,-52.0,-32.0,1148,0.9647560119628906,14
-46.0,-49.0,-33.0,1169,0.9790630340576172,11
-46.0,-54.0,-27.0,1206,1.0056910514831543,10
-47.0,-47.0,-32.0,1238,1.025787115097046,14
-49.0,-49.0,-27.0,1243,1.0275781154632568,9
