z1,z2,z3,node,time,depth
-14252.0,-12435.0,-14481.0,584,0.24213314056396484,5
-14165.0,-12521.0,-14306.0,635,0.26490306854248047,9
-13482.0,-12899.0,-13798.0,652,0.27191901206970215,14
-13739.0,-13099.0,-13780.0,670,0.27967309951782227,12
-13652.0,-13185.0,-13605.0,695,0.2903721332550049,11
-14439.0,-12321.0,-14477.0,810,0.3400850296020508,12
-14608.0,-12316.0,-14524.0,812,0.34098315238952637,8
-14618.0,-12413.0,-14373.0,816,0.3426539897918701,10
-15101.0,-11608.0,-15097.0,947,0.3987691402435303,9
-15730.0,-10919.0,-15822.0,950,0.400346040725708,6
-14811.0,-11432.0,-15220.0,952,0.40134501457214355,8
-15068.0,-11632.0,-15202.0,972,0.4108099937438965,10
-14357.0,-12499.0,-14304.0,974,0.41171717643737793,7
-15740.0,-11016.0,-15671.0,986,0.41734910011291504,8
-15051.0,-11785.0,-15171.0,1002,0.4250161647796631,9
-14964.0,-11871.0,-14996.0,1027,0.4376070499420166,9
-14270.0,-12585.0,-14129.0,1031,0.43952298164367676,9
-14991.0,-11815.0,-14876.0,1032,0.43987107276916504,8
-15217.0,-11583.0,-15121.0,1082,0.46196699142456055,10
-13844.0,-13163.0,-13603.0,1100,0.469696044921875,12
-14506.0,-12450.0,-14223.0,1106,0.47245097160339355,10
-15227.0,-11680.0,-14970.0,1130,0.48256516456604004,10
-14538.0,-12449.0,-14470.0,1140,0.48678016662597656,12
-15200.0,-11736.0,-15090.0,1142,0.4875020980834961,10
-14451.0,-12535.0,-14295.0,1157,0.49503111839294434,9
-13757.0,-13249.0,-13428.0,1161,0.4969031810760498,9
-14478.0,-12479.0,-14175.0,1162,0.49724602699279785,8
-15107.0,-11790.0,-14900.0,1167,0.4998471736907959,7
