z1,z2,z3,node,time,depth
19533.0,22803.0,19736.0,1,0.015408992767333984,1
23550.0,19479.0,23496.0,1,0.015420913696289062,1
22091.0,20657.0,21399.0,1,0.01543283462524414,1
20594.0,21932.0,20862.0,4,0.07373690605163574,3
21689.0,21233.0,21745.0,4,0.07376980781555176,3
23207.0,20609.0,22792.0,4,0.07380199432373047,3
22087.0,21075.0,22739.0,8,0.12889981269836426,4
21421.0,22377.0,20578.0,40,0.44814085960388184,8
21144.0,22616.0,20777.0,40,0.4481987953186035,8
