z1,z2,z3,node,time,depth
-12962.0,-11814.0,-13398.0,7,0.004291057586669922,3
-13022.0,-11750.0,-13316.0,7,0.004293203353881836,3
-12966.0,-11320.0,-13984.0,7,0.004294157028198242,3
-12530.0,-11817.0,-14250.0,41,0.0225830078125,6
-12759.0,-12543.0,-13186.0,60,0.03296613693237305,7
-12581.0,-12316.0,-13578.0,65,0.03509020805358887,7
-13216.0,-11646.0,-13374.0,75,0.040635108947753906,7
-12586.0,-12247.0,-13582.0,79,0.04244208335876465,7
-13013.0,-12313.0,-12726.0,87,0.04668998718261719,7
-13018.0,-12091.0,-13057.0,108,0.05827212333679199,8
-12670.0,-12102.0,-13481.0,110,0.05946207046508789,8
-12637.0,-12746.0,-12910.0,113,0.060871124267578125,8
-12852.0,-11835.0,-13675.0,116,0.0623781681060791,8
-13375.0,-11746.0,-12891.0,117,0.06281805038452148,8
-12708.0,-12044.0,-13858.0,132,0.07096219062805176,8
-12763.0,-12049.0,-13772.0,141,0.07591605186462402,8
-12819.0,-12479.0,-13104.0,141,0.07591819763183594,8
-12868.0,-11657.0,-13798.0,143,0.07706117630004883,8
-12590.0,-11753.0,-14168.0,145,0.07831597328186035,8
-13017.0,-11819.0,-13312.0,159,0.08593511581420898,8
-13073.0,-12249.0,-12644.0,159,0.08593606948852539,8
-12721.0,-12601.0,-12809.0,178,0.0997769832611084,9
-12903.0,-12334.0,-13003.0,184,0.1035301685333252,9
-12919.0,-12156.0,-13126.0,191,0.10735416412353516,9
-12641.0,-12252.0,-13496.0,193,0.10849213600158691,9
-13162.0,-11882.0,-12874.0,196,0.10999107360839844,9
-12725.0,-12107.0,-13395.0,270,0.15614700317382812,10
-12674.0,-11608.0,-14067.0,274,0.15911412239074707,10
-13022.0,-11597.0,-13643.0,282,0.1641991138458252,10
-12712.0,-11550.0,-14444.0,302,0.17763900756835938,10
-12336.0,-12294.0,-13874.0,342,0.20470619201660156,11
-12781.0,-12537.0,-12727.0,346,0.20700716972351074,11
-13078.0,-12027.0,-12975.0,358,0.2148761749267578,11
-12285.0,-11795.0,-14546.0,372,0.2249140739440918,11
-12957.0,-12098.0,-13503.0,398,0.2402939796447754,12
-12906.0,-11599.0,-14175.0,418,0.2514510154724121,12
-13160.0,-11369.0,-13715.0,428,0.2564971446990967,12
-12768.0,-11980.0,-13776.0,458,0.27164316177368164,13
-12144.0,-12659.0,-13447.0,476,0.27961111068725586,14
-12093.0,-12160.0,-14119.0,490,0.2851521968841553,14
-12281.0,-12712.0,-13245.0,500,0.28894805908203125,15
-12230.0,-12213.0,-13917.0,508,0.29160308837890625,15
-12483.0,-12414.0,-13768.0,516,0.2942171096801758,16
-12394.0,-11973.0,-14063.0,518,0.29492807388305664,16
-12432.0,-11915.0,-14440.0,520,0.29561305046081543,16
-12686.0,-11685.0,-13980.0,522,0.29630112648010254,16
