z1,z2,z3,node,time,depth
-4964.0,-2625.0,-3229.0,1,0.0010781288146972656,1
-4665.0,-2268.0,-3966.0,1,0.0010819435119628906,1
-4142.0,-3523.0,-3355.0,37,0.015146017074584961,9
-4683.0,-2907.0,-3735.0,83,0.03184700012207031,7
-4423.0,-3241.0,-2849.0,91,0.03550314903259277,4
-4235.0,-3156.0,-3503.0,112,0.04318594932556152,6
-4783.0,-2205.0,-3843.0,122,0.0465540885925293,6
