z1,z2,z3,node,time,depth
8139.0,8672.0,3487.0,1,0.0447080135345459,1
6523.0,5981.0,3619.0,1,0.044714927673339844,1
7645.0,4105.0,9736.0,1,0.0447230339050293,1
5710.0,4137.0,6608.0,1,0.04473090171813965,1
4881.0,4732.0,7286.0,1,0.044738054275512695,1
5209.0,5256.0,5218.0,1,0.044760942459106445,1
4806.0,5897.0,5256.0,1,0.04490303993225098,1
8178.0,8235.0,3614.0,2,0.06762409210205078,2
4277.0,6575.0,8326.0,2,0.06766200065612793,2
4171.0,7759.0,7514.0,2,0.06766891479492188,2
4262.0,6458.0,8763.0,2,0.06767606735229492,2
4276.0,7740.0,7251.0,70,1.2403929233551025,5
4567.0,8180.0,6483.0,70,1.2404310703277588,5
4476.0,7827.0,6664.0,70,1.2404379844665527,5
4789.0,6814.0,7490.0,105,1.9365849494934082,8
4462.0,8199.0,6746.0,110,2.0317270755767822,12
4751.0,8228.0,6392.0,117,2.0717430114746094,12
4329.0,7871.0,7155.0,117,2.0717949867248535,12
4770.0,6911.0,7711.0,132,2.185189962387085,17
4258.0,7669.0,7938.0,146,2.267648935317993,10
4774.0,6697.0,7927.0,172,2.5869240760803223,13
4734.0,7615.0,6782.0,206,2.916667938232422,7
4435.0,7062.0,7768.0,206,2.9166979789733887,7
4420.0,6945.0,8205.0,206,2.916706085205078,7
4587.0,7659.0,7273.0,226,3.1688039302825928,14
4363.0,7650.0,7675.0,247,3.3187201023101807,10
4501.0,6215.0,9018.0,283,3.959965944290161,4
4429.0,7557.0,7597.0,283,3.959973096847534,4
4534.0,7538.0,7334.0,283,3.9600179195404053,4
4757.0,7309.0,7055.0,283,3.9601221084594727,4
4516.0,6332.0,8581.0,283,3.96014404296875,4
4624.0,6680.0,7964.0,496,7.270525932312012,3
4609.0,6563.0,8401.0,496,7.270564079284668,3
4782.0,7167.0,7406.0,497,7.318403959274292,4
4767.0,7050.0,7843.0,549,8.287753105163574,5
4872.0,5378.0,6142.0,661,11.109509944915771,2
5689.0,5943.0,4474.0,661,11.109539985656738,2
4166.0,6398.0,9183.0,661,11.109600067138672,2
4274.0,7788.0,7379.0,662,11.151199102401733,3
4405.0,6155.0,9438.0,662,11.151242971420288,3
4420.0,6272.0,9001.0,662,11.151251077651978,3
4181.0,6515.0,8746.0,662,11.151266098022461,3
4613.0,7407.0,7726.0,689,11.630956888198853,16
4339.0,7002.0,8188.0,779,12.768177032470703,5
4532.0,7576.0,7497.0,779,12.768244981765747,5
4718.0,7388.0,7463.0,779,12.768341064453125,5
5262.0,6797.0,5026.0,875,15.119616031646729,3
4421.0,7744.0,6888.0,897,15.72608995437622,4
4693.0,6754.0,7910.0,927,16.31171488761902,7
5814.0,5429.0,4888.0,965,17.344419956207275,6
4679.0,7532.0,7006.0,1138,22.26866388320923,12
4762.0,8014.0,6532.0,1183,23.269970893859863,13
4696.0,8145.0,6616.0,1219,24.313585996627808,14
