z1,z2,z3,node,time,depth
-36.0,-38.0,-28.0,1,0.0012331008911132812,1
-46.0,-27.0,-41.0,1,0.0012412071228027344,1
-46.0,-11.0,-45.0,27,0.015619039535522461,10
-42.0,-33.0,-36.0,117,0.06466102600097656,5
