z1,z2,z3,node,time,depth
-50.0,-54.0,-66.0,1,0.007097959518432617,1
-45.0,-56.0,-68.0,1,0.007178783416748047,1
-43.0,-53.0,-72.0,1,0.007218837738037109,1
-47.0,-49.0,-71.0,5,0.033850908279418945,3
-47.0,-50.0,-70.0,5,0.03385281562805176,3
-59.0,-40.0,-52.0,11,0.06570696830749512,4
-49.0,-53.0,-67.0,14,0.08012700080871582,4
-57.0,-43.0,-51.0,14,0.0801858901977539,4
-50.0,-49.0,-69.0,16,0.08877897262573242,5
-50.0,-48.0,-70.0,16,0.08878087997436523,5
-46.0,-48.0,-72.0,17,0.09435081481933594,5
-51.0,-46.0,-70.0,20,0.10830879211425781,5
-61.0,-35.0,-56.0,21,0.11326885223388672,5
-51.0,-47.0,-69.0,42,0.19582891464233398,6
-56.0,-46.0,-63.0,42,0.195875883102417,6
-58.0,-41.0,-56.0,149,0.5523688793182373,8
-52.0,-49.0,-64.0,164,0.6017768383026123,8
-58.0,-42.0,-53.0,210,0.7426249980926514,8
-56.0,-45.0,-64.0,278,0.930088996887207,9
-57.0,-37.0,-60.0,292,0.974510908126831,9
-52.0,-50.0,-54.0,367,1.1770448684692383,9
-60.0,-39.0,-55.0,431,1.3195018768310547,10
-60.0,-38.0,-57.0,652,1.8086259365081787,11
-57.0,-36.0,-61.0,673,1.8484117984771729,11
-54.0,-48.0,-66.0,680,1.8636209964752197,11
-59.0,-34.0,-61.0,694,1.8948068618774414,11
-57.0,-40.0,-58.0,701,1.9098777770996094,11
-51.0,-50.0,-67.0,702,1.9104688167572021,11
-59.0,-37.0,-59.0,912,2.2953338623046875,12
-61.0,-34.0,-57.0,1196,2.732520818710327,13
-46.0,-51.0,-70.0,1304,2.883619785308838,14
-62.0,-29.0,-46.0,1359,2.938044786453247,14
-51.0,-49.0,-68.0,1372,2.9514718055725098,14
-62.0,-30.0,-41.0,1642,3.227848768234253,15
-46.0,-54.0,-69.0,1674,3.2576308250427246,15
-46.0,-55.0,-68.0,1680,3.2628519535064697,15
-43.0,-50.0,-73.0,1708,3.286728858947754,16
-47.0,-47.0,-72.0,1714,3.2912979125976562,16
-48.0,-48.0,-71.0,1796,3.3569729328155518,16
-27.0,-55.0,-69.0,1828,3.383265972137451,16
-30.0,-58.0,-61.0,1862,3.407843828201294,16
-30.0,-57.0,-65.0,1994,3.5001628398895264,17
-49.0,-50.0,-68.0,2006,3.508288860321045,18
-62.0,-28.0,-47.0,2042,3.5311028957366943,18
-50.0,-51.0,-67.0,2062,3.544017791748047,18
-33.0,-57.0,-64.0,2082,3.556881904602051,18
-58.0,-36.0,-60.0,2094,3.564823865890503,19
-36.0,-57.0,-60.0,2182,3.6121039390563965,21
