z1,z2,z3,node,time,depth
-19432.0,-20187.0,-18661.0,1,0.0023119449615478516,1
-19144.0,-19306.0,-19379.0,1112,0.6629059314727783,6
-18616.0,-20125.0,-19143.0,1212,0.7136249542236328,4
-19242.0,-20134.0,-18931.0,1372,0.8046610355377197,10
-18998.0,-18830.0,-19417.0,1373,0.8065090179443359,2
-18411.0,-19327.0,-19512.0,1373,0.8065118789672852,2
-19636.0,-18568.0,-18694.0,1427,0.8406479358673096,11
-18672.0,-19379.0,-19171.0,1569,0.932607889175415,11
-19298.0,-19388.0,-18959.0,1574,0.9355449676513672,10
