z1,z2,z3,node,time,depth
-19388.0,-16767.0,-18636.0,1,0.0010399818420410156,1
-18682.0,-16884.0,-19352.0,1,0.0010437965393066406,1
-19178.0,-17040.0,-18302.0,1,0.0010509490966796875,1
-18472.0,-17157.0,-19018.0,1,0.0010559558868408203,1
-18726.0,-16888.0,-18902.0,66,0.039175987243652344,8
