z1,z2,z3,node,time,depth
-19.0,-51.0,-39.0,1,0.001967906951904297,1
-44.0,-30.0,-48.0,1,0.001971006393432617,1
-57.0,-34.0,-36.0,1,0.001973867416381836,1
-49.0,-43.0,-40.0,1,0.00197601318359375,1
-46.0,-39.0,-45.0,1,0.0019788742065429688,1
-29.0,-39.0,-47.0,1,0.001981973648071289,1
-28.0,-53.0,-37.0,1,0.001984834671020508,1
-39.0,-36.0,-48.0,1,0.001986980438232422,1
-42.0,-46.0,-39.0,2,0.004545927047729492,2
-36.0,-42.0,-44.0,3,0.006460905075073242,2
-32.0,-49.0,-38.0,3,0.006466865539550781,2
-37.0,-47.0,-34.0,5,0.013556957244873047,3
-33.0,-44.0,-41.0,5,0.013559818267822266,3
-34.0,-47.0,-38.0,6,0.015364885330200195,3
-25.0,-46.0,-41.0,8,0.021556854248046875,4
-51.0,-34.0,-40.0,12,0.03247380256652832,4
-53.0,-27.0,-39.0,12,0.03247690200805664,4
-23.0,-49.0,-39.0,34,0.07240986824035645,6
-50.0,-35.0,-31.0,70,0.10553097724914551,7
-37.0,-42.0,-41.0,82,0.11437487602233887,8
