z1,z2,z3,node,time,depth
-19291.0,-17644.0,-19988.0,59,0.04580092430114746,6
-20463.0,-19446.0,-19951.0,126,0.08741188049316406,8
-20796.0,-18921.0,-19628.0,141,0.09604382514953613,8
-20543.0,-19042.0,-19168.0,231,0.1515049934387207,9
