z1,z2,z3,node,time,depth
22546.0,19110.0,23374.0,1,0.022009849548339844,1
19196.0,24726.0,18622.0,1,0.022023916244506836,1
18894.0,23686.0,19330.0,1,0.022038936614990234,1
21892.0,21183.0,21598.0,11,0.17709684371948242,2
22753.0,19952.0,22849.0,11,0.1771259307861328,2
20396.0,22479.0,20878.0,29,0.4185810089111328,5
20568.0,22641.0,20319.0,29,0.4186239242553711,5
20975.0,22185.0,20917.0,29,0.418651819229126,5
20954.0,22607.0,20719.0,59,0.822476863861084,9
