z1,z2,z3,node,time,depth
21091.0,20871.0,18752.0,1,0.03516387939453125,1
21109.0,18769.0,20125.0,1,0.035173892974853516,1
20377.0,19198.0,21896.0,1,0.03518486022949219,1
19657.0,22285.0,18494.0,1,0.03519487380981445,1
17980.0,20935.0,22072.0,1,0.035205841064453125,1
18503.0,22237.0,20156.0,1,0.03521585464477539,1
20460.0,20755.0,19720.0,23,1.1489439010620117,5
20547.0,19966.0,20762.0,25,1.174022912979126,6
19378.0,21950.0,20159.0,41,2.1008589267730713,8
20355.0,20416.0,20555.0,41,2.1008858680725098,8
