z1,z2,z3,node,time,depth
-56.0,-39.0,-52.0,1,0.0035789012908935547,1
-52.0,-49.0,-55.0,1,0.00360107421875,1
-45.0,-54.0,-53.0,1,0.0036110877990722656,1
-54.0,-45.0,-47.0,34,0.027657032012939453,13
-54.0,-44.0,-51.0,55,0.041539907455444336,8
-52.0,-41.0,-56.0,138,0.09099197387695312,13
-36.0,-55.0,-51.0,295,0.20903706550598145,4
-28.0,-56.0,-43.0,384,0.29584193229675293,7
-40.0,-53.0,-56.0,387,0.30074191093444824,3
-39.0,-52.0,-57.0,408,0.318864107131958,14
-48.0,-51.0,-59.0,422,0.3297560214996338,14
-53.0,-37.0,-53.0,538,0.43299007415771484,13
-50.0,-46.0,-60.0,543,0.436276912689209,9
