z1,z2,z3,node,time,depth
63.0,66.0,71.0,1,0.0031599998474121094,1
76.0,66.0,61.0,1,0.003165006637573242,1
69.0,66.0,66.0,1,0.003170013427734375,1
56.0,74.0,72.0,1,0.003173828125,1
66.0,70.0,67.0,3,0.011561870574951172,2
66.0,68.0,68.0,5,0.02068495750427246,3
