z1,z2,z3,node,time,depth
-2468.0,-2557.0,-2621.0,1,0.0016241073608398438,1
-2483.0,-1450.0,-3282.0,1,0.001631021499633789,1
-2622.0,-1887.0,-3024.0,1,0.0016319751739501953,1
-2329.0,-2120.0,-2879.0,2,0.002869129180908203,2
-2798.0,-2175.0,-1305.0,16,0.010806083679199219,11
-2627.0,-1957.0,-2036.0,19,0.012080907821655273,10
-2497.0,-2179.0,-1459.0,34,0.021377086639404297,11
-1521.0,-1659.0,-3228.0,61,0.039201974868774414,10
-1098.0,-2074.0,-2931.0,62,0.03984808921813965,9
-2487.0,-1472.0,-3070.0,76,0.04887890815734863,3
-2626.0,-1909.0,-2812.0,76,0.04888296127319336,3
-1679.0,-1011.0,-3419.0,115,0.07320809364318848,10
-3084.0,-1494.0,-1350.0,160,0.10019993782043457,11
-2754.0,-1876.0,-2666.0,164,0.1014089584350586,6
-3055.0,-1872.0,-2512.0,179,0.10885810852050781,5
