z1,z2,z3,node,time,depth
-29.0,-36.0,-32.0,1,0.0015649795532226562,1
-44.0,-30.0,-41.0,1,0.001569986343383789,1
-43.0,-31.0,-40.0,1,0.0015709400177001953,1
-30.0,-35.0,-33.0,34,0.018809080123901367,3
-35.0,-33.0,-29.0,48,0.025964021682739258,11
-25.0,-34.0,-39.0,97,0.04930615425109863,5
-38.0,-31.0,-44.0,103,0.052204132080078125,7
-24.0,-35.0,-38.0,104,0.05285501480102539,4
-37.0,-32.0,-43.0,120,0.06003713607788086,6
-38.0,-30.0,-46.0,122,0.06146502494812012,4
-39.0,-29.0,-47.0,122,0.06146693229675293,4
-43.0,-25.0,-45.0,141,0.07053709030151367,7
-44.0,-24.0,-46.0,143,0.07116293907165527,5
