z1,z2,z3,node,time,depth
-15931.0,-17713.0,-17290.0,1,0.0017371177673339844,1
-15977.0,-17960.0,-17107.0,1,0.0017380714416503906,1
-15381.0,-18308.0,-16806.0,83,0.09781908988952637,7
-15820.0,-18084.0,-16885.0,109,0.12505602836608887,8
-15690.0,-18208.0,-17276.0,170,0.18974590301513672,9
-15570.0,-17622.0,-17521.0,173,0.1918039321899414,9
-15085.0,-17599.0,-17625.0,193,0.2116549015045166,9
-15131.0,-17846.0,-17442.0,219,0.23931312561035156,9
-15690.0,-17827.0,-17447.0,240,0.2577080726623535,10
-15205.0,-18185.0,-17380.0,260,0.2757389545440674,10
-15251.0,-18432.0,-17197.0,280,0.29651808738708496,10
-14964.0,-18299.0,-17537.0,300,0.3125569820404053,11
-15205.0,-17804.0,-17551.0,380,0.3873169422149658,12
-15251.0,-18051.0,-17368.0,396,0.40363001823425293,12
-13372.0,-15518.0,-17713.0,647,0.6003470420837402,18
