z1,z2,z3,node,time,depth
53.0,72.0,75.0,1,0.037676095962524414,1
51.0,84.0,69.0,1,0.037683963775634766,1
86.0,54.0,74.0,1,0.03769993782043457,1
51.0,78.0,70.0,1,0.037722110748291016,1
64.0,62.0,49.0,1,0.03780007362365723,1
59.0,67.0,68.0,2,0.05091714859008789,2
63.0,63.0,70.0,2,0.05092501640319824,2
61.0,68.0,64.0,3,0.06461000442504883,3
62.0,71.0,62.0,4,0.08076000213623047,4
56.0,77.0,74.0,11,0.12550902366638184,6
54.0,83.0,69.0,11,0.1255171298980713,6
54.0,89.0,68.0,11,0.12552499771118164,6
62.0,65.0,75.0,87,0.5995070934295654,33
55.0,79.0,69.0,90,0.6224329471588135,35
55.0,86.0,67.0,120,0.7139301300048828,3
55.0,80.0,68.0,120,0.7139711380004883,3
58.0,92.0,54.0,155,0.8172249794006348,2
59.0,87.0,53.0,155,0.8172850608825684,2
57.0,73.0,59.0,156,0.845458984375,3
63.0,89.0,52.0,173,0.8933780193328857,4
62.0,85.0,54.0,183,0.9426760673522949,7
60.0,84.0,58.0,225,1.0945489406585693,5
63.0,70.0,60.0,231,1.1231131553649902,7
68.0,60.0,67.0,235,1.1343350410461426,2
84.0,58.0,76.0,241,1.1652801036834717,6
86.0,56.0,72.0,242,1.173849105834961,7
85.0,58.0,75.0,245,1.1828930377960205,9
85.0,56.0,77.0,248,1.1918480396270752,9
82.0,59.0,86.0,257,1.2102129459381104,5
73.0,61.0,65.0,259,1.2227180004119873,4
83.0,91.0,47.0,271,1.2537009716033936,3
80.0,85.0,48.0,281,1.2860069274902344,4
