z1,z2,z3,node,time,depth
27.0,16.0,38.0,1,0.009366035461425781,1
29.0,17.0,29.0,1,0.009371042251586914,1
25.0,27.0,23.0,1,0.00937509536743164,1
22.0,43.0,20.0,1,0.009379148483276367,1
21.0,20.0,38.0,1,0.0093841552734375,1
23.0,21.0,29.0,1,0.009387969970703125,1
23.0,26.0,26.0,1,0.009392023086547852,1
37.0,28.0,20.0,1,0.009396076202392578,1
30.0,36.0,19.0,1,0.009401082992553711,1
25.0,32.0,20.0,1,0.009405136108398438,1
20.0,42.0,29.0,1,0.009409189224243164,1
44.0,43.0,18.0,1,0.009414196014404297,1
43.0,31.0,19.0,1,0.009418010711669922,1
36.0,45.0,18.0,1,0.009422063827514648,1
28.0,40.0,19.0,1,0.009426116943359375,1
34.0,49.0,18.0,1,0.009431123733520508,1
26.0,48.0,19.0,1,0.009435176849365234,1
19.0,24.0,44.0,1,0.00943899154663086,1
21.0,48.0,21.0,1,0.009443998336791992,1
19.0,29.0,41.0,1,0.009448051452636719,1
23.0,35.0,23.0,2,0.03093719482421875,2
22.0,40.0,24.0,2,0.030961036682128906,2
29.0,22.0,26.0,3,0.0440981388092041,2
21.0,25.0,35.0,3,0.04410600662231445,2
30.0,31.0,20.0,3,0.04411506652832031,2
36.0,34.0,19.0,3,0.0441281795501709,2
24.0,32.0,24.0,6,0.06594300270080566,3
42.0,32.0,19.0,7,0.07991218566894531,3
22.0,30.0,30.0,7,0.0799250602722168,3
35.0,35.0,19.0,10,0.09251999855041504,3
21.0,40.0,28.0,10,0.09253716468811035,3
20.0,38.0,35.0,11,0.10141611099243164,3
21.0,34.0,32.0,28,0.13364315032958984,4
21.0,35.0,31.0,29,0.14248108863830566,4
30.0,26.0,23.0,30,0.14800810813903809,4
33.0,30.0,21.0,31,0.1558990478515625,4
36.0,29.0,22.0,53,0.201768159866333,5
20.0,29.0,39.0,62,0.2168560028076172,5
20.0,34.0,36.0,86,0.2688281536102295,5
22.0,35.0,27.0,92,0.2798800468444824,5
27.0,47.0,19.0,102,0.2911500930786133,5
23.0,40.0,20.0,104,0.29483604431152344,5
21.0,39.0,29.0,108,0.302509069442749,5
37.0,20.0,27.0,130,0.34081101417541504,6
24.0,37.0,21.0,159,0.3881490230560303,6
28.0,25.0,28.0,186,0.4249451160430908,7
34.0,21.0,28.0,187,0.42685604095458984,7
42.0,24.0,25.0,221,0.46465110778808594,8
