z1,z2,z3,node,time,depth
-8843.0,-9062.0,-8699.0,126,0.04583907127380371,3
-8091.0,-9561.0,-7797.0,153,0.05577898025512695,7
-7925.0,-9832.0,-8004.0,155,0.056498050689697266,6
-8064.0,-9808.0,-8151.0,157,0.05736517906188965,2
-8982.0,-9038.0,-8846.0,181,0.06662416458129883,3
-8230.0,-9537.0,-7944.0,187,0.06925296783447266,7
