z1,z2,z3,node,time,depth
5434.0,8548.0,4197.0,1,0.056643009185791016,1
5756.0,11529.0,3882.0,1,0.05665016174316406,1
6767.0,5766.0,7175.0,1,0.056658029556274414,1
7173.0,5863.0,6412.0,1,0.05667304992675781,1
4752.0,8481.0,4798.0,1,0.05667996406555176,1
7612.0,5306.0,7468.0,1,0.056687116622924805,1
6481.0,5947.0,6531.0,1,0.056694984436035156,1
7618.0,5359.0,6975.0,1,0.056713104248046875,1
11825.0,4115.0,11138.0,1,0.05674409866333008,1
11749.0,4126.0,11022.0,1,0.05675506591796875,1
5717.0,7621.0,5112.0,2,0.1319410800933838,2
5925.0,6785.0,6928.0,2,0.13195204734802246,2
5286.0,11410.0,3958.0,2,0.13200616836547852,2
4575.0,11021.0,5472.0,3,0.15440917015075684,2
5249.0,11375.0,4037.0,4,0.21507501602172852,3
5948.0,7614.0,5904.0,9,0.41059112548828125,4
5490.0,11365.0,3957.0,14,0.6462099552154541,5
5224.0,11246.0,4257.0,23,1.020298957824707,6
5326.0,11179.0,4693.0,54,2.250653028488159,8
10441.0,5083.0,9385.0,59,2.4671969413757324,9
10347.0,5088.0,9521.0,59,2.4672040939331055,9
5261.0,11281.0,4178.0,109,4.267136096954346,11
10836.0,4945.0,10302.0,121,4.648725986480713,12
5412.0,11121.0,4781.0,180,6.857295036315918,13
4703.0,10945.0,5237.0,182,6.937494993209839,13
10950.0,4826.0,10212.0,185,7.111719131469727,14
10078.0,5257.0,9576.0,192,7.471909999847412,14
11014.0,4520.0,10285.0,230,8.433585166931152,15
11696.0,4272.0,11201.0,231,8.518615961074829,15
11411.0,4343.0,11241.0,231,8.518625974655151,15
9845.0,5206.0,9782.0,231,8.518692016601562,15
10586.0,4755.0,10343.0,231,8.51873517036438,15
10281.0,4926.0,10470.0,231,8.518744945526123,15
10871.0,4684.0,10303.0,231,8.51875615119934,15
10130.0,5135.0,9742.0,231,8.51876711845398,15
10146.0,5178.0,9647.0,231,8.51878809928894,15
10066.0,5305.0,9448.0,239,8.878230094909668,15
10291.0,5209.0,9591.0,352,12.735056161880493,17
10215.0,5220.0,9475.0,352,12.735067129135132,17
9861.0,5249.0,9687.0,469,16.58726215362549,19
10566.0,4855.0,10430.0,532,18.677730083465576,20
11391.0,4443.0,11328.0,532,18.677804946899414,20
10411.0,5131.0,9507.0,564,19.469035148620605,20
10317.0,5136.0,9643.0,566,19.519875049591064,20
10774.0,4998.0,10162.0,816,26.82905411720276,24
11090.0,4509.0,10401.0,900,29.21302604675293,26
11573.0,4298.0,10972.0,948,30.182225942611694,27
10838.0,4692.0,10235.0,948,30.182233095169067,27
11649.0,4287.0,11088.0,976,30.550090074539185,28
10914.0,4681.0,10351.0,976,30.550097942352295,28
