z1,z2,z3,node,time,depth
-61.0,-24.0,-55.0,1,0.0053789615631103516,1
-28.0,-62.0,-26.0,1,0.005382061004638672,1
-46.0,-45.0,-39.0,1,0.0053861141204833984,1
-26.0,-64.0,-23.0,1,0.005388975143432617,1
-17.0,-69.0,-15.0,1,0.005393028259277344,1
-18.0,-68.0,-19.0,1,0.00539708137512207,1
-60.0,-24.0,-56.0,1,0.005399942398071289,1
-35.0,-50.0,-41.0,1,0.005403995513916016,1
-58.0,-30.0,-50.0,1,0.005407094955444336,1
-48.0,-39.0,-47.0,1,0.005410909652709961,1
-32.0,-57.0,-34.0,1,0.0054149627685546875,1
-51.0,-38.0,-46.0,1,0.005418062210083008,1
-54.0,-31.0,-53.0,1,0.005422115325927734,1
-51.0,-32.0,-53.0,1,0.005424976348876953,1
-38.0,-43.0,-47.0,1,0.0054280757904052734,1
-43.0,-43.0,-43.0,63,0.08907103538513184,6
-45.0,-42.0,-42.0,126,0.15545105934143066,6
-24.0,-59.0,-30.0,132,0.18095612525939941,10
-44.0,-43.0,-41.0,157,0.20544099807739258,10
-34.0,-53.0,-30.0,158,0.21001410484313965,11
-38.0,-48.0,-38.0,158,0.2100210189819336,11
-16.0,-64.0,-24.0,194,0.2805819511413574,20
-37.0,-49.0,-39.0,244,0.3578660488128662,23
-25.0,-62.0,-27.0,267,0.3818790912628174,21
-33.0,-57.0,-29.0,294,0.4185810089111328,23
-34.0,-56.0,-28.0,300,0.4260389804840088,24
-40.0,-48.0,-35.0,325,0.45624303817749023,22
-39.0,-50.0,-31.0,357,0.49520301818847656,10
-41.0,-49.0,-33.0,447,0.5809309482574463,2
-38.0,-51.0,-37.0,447,0.5809769630432129,2
-49.0,-28.0,-54.0,514,0.6689140796661377,4
-39.0,-48.0,-37.0,620,0.7959489822387695,8
-55.0,-30.0,-52.0,687,0.8882369995117188,8
-42.0,-44.0,-43.0,687,0.8882510662078857,8
-43.0,-45.0,-42.0,690,0.9093039035797119,10
-50.0,-35.0,-47.0,714,0.9433639049530029,13
-54.0,-33.0,-49.0,723,0.9551761150360107,10
-46.0,-42.0,-40.0,844,1.1091070175170898,8
-44.0,-40.0,-43.0,867,1.1430869102478027,12
-47.0,-40.0,-41.0,871,1.1471900939941406,12
-46.0,-36.0,-50.0,909,1.1891570091247559,10
-40.0,-42.0,-46.0,909,1.1891601085662842,10
-47.0,-36.0,-48.0,921,1.2051880359649658,12
-41.0,-41.0,-45.0,935,1.2335269451141357,12
-36.0,-39.0,-48.0,983,1.288438081741333,12
-27.0,-52.0,-37.0,991,1.2996981143951416,3
-48.0,-35.0,-49.0,991,1.2997300624847412,3
-52.0,-35.0,-43.0,992,1.3257579803466797,4
-35.0,-53.0,-29.0,1093,1.4775190353393555,9
-19.0,-67.0,-18.0,1137,1.523284912109375,10
-17.0,-65.0,-20.0,1150,1.5380120277404785,9
-31.0,-58.0,-28.0,1184,1.5794119834899902,6
-32.0,-58.0,-25.0,1184,1.5794188976287842,6
-42.0,-46.0,-35.0,1201,1.6031360626220703,8
-36.0,-52.0,-33.0,1256,1.6805379390716553,7
