z1,z2,z3,node,time,depth
-36.0,-44.0,-39.0,1,0.0009829998016357422,1
-29.0,-39.0,-44.0,1,0.0009870529174804688,1
-40.0,-40.0,-28.0,1,0.0009930133819580078,1
-37.0,-42.0,-32.0,38,0.017483949661254883,3
-30.0,-28.0,-40.0,63,0.027070999145507812,6
