z1,z2,z3,node,time,depth
-8527.0,-8302.0,-7898.0,270,0.16127991676330566,5
-8327.0,-8269.0,-8129.0,281,0.1657118797302246,7
-8071.0,-8297.0,-8218.0,282,0.16614389419555664,4
-8272.0,-8042.0,-8230.0,295,0.17148709297180176,7
-8367.0,-8030.0,-8183.0,301,0.17380595207214355,4
