z1,z2,z3,node,time,depth
-54.0,-14.0,-49.0,1,0.0033140182495117188,1
-48.0,-20.0,-50.0,1,0.003317117691040039,1
-51.0,-23.0,-45.0,1,0.0033190250396728516,1
-38.0,-36.0,-39.0,1,0.003322124481201172,1
-15.0,-55.0,-13.0,1,0.0033249855041503906,1
-22.0,-51.0,-24.0,1,0.003328084945678711,1
-32.0,-46.0,-28.0,1,0.0033309459686279297,1
-38.0,-39.0,-35.0,1,0.00333404541015625,1
-27.0,-50.0,-25.0,1,0.0033371448516845703,1
-18.0,-53.0,-20.0,1,0.003339052200317383,1
-18.0,-54.0,-16.0,1,0.003342151641845703,1
-52.0,-15.0,-49.0,4,0.017567157745361328,3
-44.0,-30.0,-38.0,4,0.017570018768310547,3
-35.0,-37.0,-36.0,4,0.01758408546447754,3
-29.0,-43.0,-32.0,4,0.01759505271911621,3
-39.0,-27.0,-43.0,4,0.01760101318359375,3
-45.0,-22.0,-46.0,4,0.017603158950805664,3
-33.0,-38.0,-36.0,4,0.017606019973754883,3
-33.0,-41.0,-27.0,19,0.05032205581665039,5
-31.0,-42.0,-32.0,27,0.06881594657897949,5
-40.0,-29.0,-41.0,27,0.06881904602050781,5
-41.0,-26.0,-43.0,27,0.06882214546203613,5
-43.0,-29.0,-40.0,27,0.06882810592651367,5
-45.0,-27.0,-38.0,27,0.06883096694946289,5
-39.0,-31.0,-39.0,61,0.1235041618347168,7
-41.0,-30.0,-39.0,61,0.12350702285766602,7
-39.0,-32.0,-36.0,80,0.1444549560546875,7
-27.0,-47.0,-27.0,124,0.19071102142333984,8
-28.0,-45.0,-29.0,125,0.19374799728393555,8
-30.0,-44.0,-29.0,125,0.19375109672546387,8
-28.0,-44.0,-30.0,202,0.26283717155456543,9
-47.0,-21.0,-47.0,324,0.36777210235595703,11
-34.0,-37.0,-37.0,324,0.3677811622619629,11
-40.0,-27.0,-42.0,348,0.3857271671295166,12
-40.0,-34.0,-34.0,349,0.38800716400146484,12
-43.0,-27.0,-41.0,362,0.4004051685333252,13
