z1,z2,z3,node,time,depth
-8749.0,-9149.0,-8961.0,3,0.0026710033416748047,2
-8854.0,-9188.0,-8860.0,3,0.0026721954345703125,2
-9391.0,-8502.0,-9385.0,148,0.06809210777282715,9
