z1,z2,z3,node,time,depth
-22.0,-19.0,-47.0,1,0.0017170906066894531,1
-26.0,-30.0,-31.0,1,0.0017251968383789062,1
-24.0,-24.0,-42.0,1,0.0017311573028564453,1
-27.0,-30.0,-17.0,3,0.0052411556243896484,2
-28.0,-22.0,-25.0,32,0.039205074310302734,6
-23.0,-25.0,-40.0,78,0.07354307174682617,7
-27.0,-23.0,-23.0,152,0.1163949966430664,9
-26.0,-31.0,-17.0,188,0.13184118270874023,10
-20.0,-32.0,-23.0,211,0.1403360366821289,10
-17.0,-27.0,-32.0,220,0.14332318305969238,11
-25.0,-18.0,-32.0,222,0.14395904541015625,11
