z1,z2,z3,node,time,depth
-60.0,-34.0,-57.0,35,0.06518697738647461,6
-59.0,-36.0,-57.0,73,0.12755393981933594,7
-39.0,-54.0,-34.0,113,0.18774700164794922,7
-54.0,-42.0,-51.0,141,0.22898602485656738,7
-58.0,-33.0,-62.0,409,0.5274960994720459,9
-43.0,-51.0,-42.0,562,0.6568300724029541,10
-43.0,-52.0,-41.0,563,0.6575360298156738,10
-36.0,-56.0,-35.0,576,0.6671750545501709,10
-42.0,-52.0,-43.0,590,0.6781930923461914,10
-48.0,-48.0,-48.0,597,0.6860110759735107,10
-42.0,-51.0,-44.0,628,0.7098090648651123,10
-37.0,-56.0,-34.0,800,0.8561248779296875,10
-61.0,-34.0,-56.0,983,0.9651138782501221,10
-50.0,-46.0,-49.0,1024,0.9870779514312744,11
-42.0,-53.0,-42.0,1030,0.9922430515289307,11
-52.0,-42.0,-54.0,1109,1.0549509525299072,11
-44.0,-51.0,-41.0,1294,1.1789500713348389,11
-55.0,-41.0,-54.0,1472,1.2628600597381592,12
-52.0,-44.0,-52.0,1473,1.2635900974273682,12
-51.0,-45.0,-50.0,1480,1.2664098739624023,12
-56.0,-39.0,-54.0,1498,1.2733170986175537,12
-53.0,-42.0,-52.0,1499,1.2740180492401123,12
-44.0,-50.0,-43.0,1506,1.277014970779419,12
-54.0,-40.0,-55.0,1510,1.2787749767303467,12
-43.0,-49.0,-44.0,1606,1.3370659351348877,12
-45.0,-50.0,-42.0,1790,1.436647891998291,12
-53.0,-43.0,-49.0,1814,1.4455840587615967,12
-46.0,-49.0,-41.0,1816,1.4468719959259033,12
-57.0,-39.0,-53.0,1820,1.4486379623413086,12
-57.0,-38.0,-56.0,1838,1.4569649696350098,13
-57.0,-37.0,-57.0,1860,1.4684169292449951,13
-55.0,-39.0,-56.0,1904,1.4961678981781006,13
-60.0,-33.0,-60.0,1920,1.5041708946228027,13
-61.0,-33.0,-59.0,2072,1.5806570053100586,13
-61.0,-32.0,-62.0,2110,1.5987319946289062,14
-57.0,-36.0,-58.0,2128,1.6065750122070312,14
-59.0,-35.0,-60.0,2142,1.616373062133789,14
-60.0,-30.0,-64.0,2198,1.6434240341186523,14
-60.0,-29.0,-65.0,2233,1.6606080532073975,14
-22.0,-58.0,-18.0,2244,1.6651949882507324,14
-58.0,-34.0,-61.0,2275,1.677682876586914,15
-65.0,-27.0,-65.0,2280,1.67940092086792,15
-65.0,-26.0,-66.0,2281,1.6798720359802246,15
-54.0,-38.0,-57.0,2287,1.6823499202728271,15
-64.0,-26.0,-68.0,2340,1.701498031616211,15
-64.0,-25.0,-69.0,2341,1.7019751071929932,15
-61.0,-31.0,-63.0,2378,1.7144160270690918,16
