z1,z2,z3,node,time,depth
-2761.0,-2703.0,-2993.0,16,0.007134914398193359,11
-2040.0,-3313.0,-2385.0,98,0.03941607475280762,10
-1503.0,-3563.0,-1778.0,112,0.04517412185668945,9
-1559.0,-3751.0,-1759.0,114,0.04596900939941406,8
-1604.0,-3547.0,-1796.0,115,0.04633212089538574,8
-1517.0,-3847.0,-1667.0,151,0.06359004974365234,8
-1594.0,-3619.0,-1628.0,179,0.07813000679016113,8
-1648.0,-3673.0,-1550.0,189,0.08220410346984863,8
-1562.0,-3643.0,-1704.0,190,0.0826270580291748,7
-602.0,-4126.0,-903.0,191,0.08382701873779297,2
-2647.0,-3279.0,-3227.0,362,0.16109204292297363,5
-2748.0,-3263.0,-3245.0,383,0.17084002494812012,5
