z1,z2,z3,node,time,depth
89.0,77.0,63.0,1,0.01800084114074707,1
68.0,95.0,70.0,1,0.01800990104675293,1
72.0,75.0,90.0,1,0.018018007278442383,1
97.0,70.0,115.0,1,0.018025875091552734,1
82.0,71.0,83.0,1,0.018034934997558594,1
79.0,79.0,84.0,5,0.10344386100769043,3
78.0,84.0,74.0,8,0.20276689529418945,4
81.0,82.0,83.0,15,0.43549084663391113,5
80.0,86.0,72.0,34,0.851099967956543,9
