z1,z2,z3,node,time,depth
-61.0,-44.0,-57.0,1,0.0037488937377929688,1
-55.0,-46.0,-58.0,1,0.0037508010864257812,1
-51.0,-56.0,-37.0,2,0.007368803024291992,2
-48.0,-49.0,-56.0,3,0.010748863220214844,2
-54.0,-52.0,-43.0,4,0.014093875885009766,3
-58.0,-48.0,-51.0,5,0.017700910568237305,3
-44.0,-58.0,-37.0,6,0.020756006240844727,3
-49.0,-52.0,-50.0,14,0.042474985122680664,4
-52.0,-51.0,-50.0,23,0.06184196472167969,5
-46.0,-56.0,-44.0,29,0.07390689849853516,5
-45.0,-53.0,-50.0,55,0.11659002304077148,6
-54.0,-50.0,-48.0,63,0.13056182861328125,6
-47.0,-54.0,-43.0,96,0.16945600509643555,7
-45.0,-54.0,-48.0,120,0.20386981964111328,7
-55.0,-47.0,-56.0,249,0.33292388916015625,9
-65.0,-46.0,-50.0,260,0.34197282791137695,9
-52.0,-50.0,-52.0,296,0.3705928325653076,9
-58.0,-49.0,-48.0,369,0.43378782272338867,9
-59.0,-49.0,-39.0,412,0.4644339084625244,10
-62.0,-38.0,-53.0,427,0.4738729000091553,10
-56.0,-53.0,-32.0,673,0.6297218799591064,11
-48.0,-57.0,-40.0,1014,0.8260178565979004,12
-57.0,-46.0,-53.0,1076,0.8580279350280762,13
-64.0,-37.0,-53.0,1214,0.9254138469696045,14
-54.0,-51.0,-45.0,1222,0.9287068843841553,14
-38.0,-56.0,-47.0,1250,0.9403438568115234,14
-42.0,-58.0,-40.0,1270,0.9491169452667236,14
-56.0,-50.0,-43.0,1280,0.9533119201660156,14
-44.0,-51.0,-52.0,1298,0.9631338119506836,15
-41.0,-55.0,-46.0,1300,0.9638040065765381,15
-51.0,-54.0,-40.0,1314,0.9693470001220703,15
-51.0,-53.0,-48.0,1318,0.9706649780273438,15
-53.0,-54.0,-35.0,1332,0.9754159450531006,16
-59.0,-47.0,-42.0,1334,0.9760928153991699,16
