z1,z2,z3,node,time,depth
-12201.0,-15359.0,-11458.0,1,0.000885009765625,1
-14318.0,-13192.0,-13625.0,1,0.0008900165557861328,1
-13515.0,-13800.0,-12995.0,6,0.005198001861572266,3
-13773.0,-13931.0,-12827.0,15,0.01367807388305664,4
-13004.0,-14751.0,-12088.0,17,0.015267133712768555,5
-12145.0,-15307.0,-11581.0,27,0.023640155792236328,5
-12948.0,-14699.0,-12211.0,35,0.030270099639892578,6
-12820.0,-14289.0,-12311.0,37,0.03172612190246582,6
-13498.0,-13868.0,-12930.0,64,0.04910898208618164,7
-13740.0,-13791.0,-13006.0,65,0.04961514472961426,7
-13426.0,-13871.0,-12968.0,98,0.07166314125061035,8
-13362.0,-14017.0,-12935.0,99,0.07218718528747559,8
-13820.0,-13853.0,-12795.0,100,0.07279300689697266,8
-13663.0,-14141.0,-12690.0,105,0.07637906074523926,8
-12892.0,-14286.0,-12273.0,106,0.07699012756347656,8
-13748.0,-13856.0,-12833.0,134,0.09190511703491211,9
-13017.0,-14461.0,-12165.0,144,0.09717011451721191,9
-13837.0,-13785.0,-12860.0,150,0.10082602500915527,9
-13684.0,-14002.0,-12800.0,156,0.10464596748352051,10
-12177.0,-15334.0,-11472.0,168,0.11026501655578613,11
-12980.0,-14726.0,-12102.0,170,0.1114051342010498,12
