z1,z2,z3,node,time,depth
7543.0,6695.0,4695.0,1,0.00609588623046875,1
7419.0,4825.0,6602.0,1,0.006100893020629883,1
4614.0,6800.0,7004.0,1,0.006105899810791016,1
4962.0,5752.0,7872.0,1,0.006112098693847656,1
6727.0,6280.0,5972.0,123,0.867811918258667,3
5705.0,6907.0,6976.0,123,0.8678219318389893,3
7097.0,6815.0,5308.0,123,0.8678269386291504,3
6691.0,9519.0,6917.0,138,1.0013248920440674,7
6718.0,9344.0,6970.0,160,1.1578259468078613,8
