z1,z2,z3,node,time,depth
-15419.0,-13967.0,-15231.0,1,0.0005540847778320312,1
-15087.0,-13988.0,-14456.0,35,0.014661073684692383,11
-15058.0,-14114.0,-14348.0,61,0.024745941162109375,5
-14829.0,-14101.0,-14523.0,75,0.030874013900756836,6
-15081.0,-14100.0,-14381.0,94,0.040071964263916016,8
