z1,z2,z3,node,time,depth
18412.0,17012.0,17126.0,1,0.015622854232788086,1
17132.0,16189.0,18378.0,1,0.015630006790161133,1
18450.0,17928.0,15991.0,1,0.015637874603271484,1
17049.0,17791.0,17142.0,1,0.015645980834960938,1
16605.0,18678.0,17273.0,1,0.01565384864807129,1
16167.0,18152.0,18397.0,1,0.015661954879760742,1
18089.0,17731.0,17018.0,3,0.03412604331970215,2
17586.0,17527.0,17487.0,7,0.06817793846130371,4
17182.0,18517.0,17113.0,10,0.0874629020690918,6
