z1,z2,z3,node,time,depth
-23.0,-50.0,-22.0,8,0.014123916625976562,4
-38.0,-45.0,-39.0,33,0.04778909683227539,6
-37.0,-46.0,-36.0,140,0.17129898071289062,8
-48.0,-37.0,-49.0,308,0.32822203636169434,9
-43.0,-42.0,-43.0,463,0.4514338970184326,10
-51.0,-34.0,-51.0,537,0.5053319931030273,10
-49.0,-36.0,-50.0,543,0.5095648765563965,10
-49.0,-35.0,-51.0,603,0.5579791069030762,10
-39.0,-43.0,-37.0,720,0.6395869255065918,11
-46.0,-39.0,-45.0,732,0.6473579406738281,11
-47.0,-38.0,-45.0,785,0.68361496925354,11
-44.0,-38.0,-46.0,918,0.7640368938446045,11
-51.0,-35.0,-49.0,1086,0.8672580718994141,12
-50.0,-36.0,-49.0,1099,0.8735001087188721,12
-44.0,-41.0,-44.0,1140,0.8950440883636475,12
-57.0,-28.0,-56.0,1206,0.9239709377288818,12
-55.0,-31.0,-55.0,1224,0.9342679977416992,12
-52.0,-32.0,-52.0,1278,0.9636020660400391,12
-50.0,-35.0,-50.0,1432,1.0427649021148682,13
-55.0,-30.0,-56.0,1548,1.0992588996887207,13
-56.0,-29.0,-56.0,1560,1.10526704788208,13
-52.0,-33.0,-51.0,1599,1.1255059242248535,13
-48.0,-36.0,-51.0,1618,1.1356680393218994,13
-25.0,-48.0,-23.0,1666,1.1624820232391357,13
-57.0,-27.0,-57.0,1846,1.2416560649871826,14
-56.0,-28.0,-57.0,1854,1.2452750205993652,14
-24.0,-49.0,-23.0,1982,1.2948060035705566,15
-61.0,-23.0,-61.0,2016,1.3066980838775635,15
