z1,z2,z3,node,time,depth
24502.0,24195.0,21095.0,1,0.06026792526245117,1
24647.0,22243.0,22725.0,1,0.060281991958618164,1
24123.0,21463.0,24754.0,1,0.060296058654785156,1
22786.0,21857.0,24238.0,1,0.06032299995422363,1
22544.0,23485.0,22483.0,1,0.060337066650390625,1
22494.0,24923.0,21723.0,1,0.06035113334655762,1
22105.0,23935.0,22545.0,1,0.06036496162414551,1
22730.0,23692.0,22214.0,1,0.06038212776184082,1
22338.0,23688.0,23961.0,5,0.33762693405151367,2
24140.0,22781.0,22584.0,37,2.698354959487915,8
23916.0,22776.0,22737.0,43,3.2120471000671387,9
23673.0,23416.0,23505.0,60,4.481938123703003,12
