z1,z2,z3,node,time,depth
-49.0,-21.0,-48.0,1,0.0006670951843261719,1
-49.0,-19.0,-50.0,5,0.0026061534881591797,3
-55.0,-15.0,-56.0,16,0.006976127624511719,5
-56.0,-13.0,-55.0,26,0.010616064071655273,6
-56.0,-15.0,-53.0,32,0.012464046478271484,7
-53.0,-17.0,-53.0,34,0.01299905776977539,7
