z1,z2,z3,node,time,depth
-8219.0,-9392.0,-8684.0,105,0.03746795654296875,4
-8142.0,-9490.0,-8708.0,139,0.04974007606506348,7
-7657.0,-10049.0,-8014.0,140,0.05011391639709473,5
-8845.0,-8916.0,-9275.0,144,0.05169105529785156,3
-8283.0,-9573.0,-8605.0,146,0.05265307426452637,4
