z1,z2,z3,node,time,depth
22098.0,25937.0,24847.0,1,0.024937868118286133,1
25766.0,25307.0,22688.0,1,0.024951934814453125,1
24173.0,22847.0,25237.0,1,0.024966001510620117,1
22996.0,23653.0,24579.0,1,0.0249788761138916,1
24749.0,24295.0,23648.0,1,0.024992942810058594,1
22715.0,27561.0,24577.0,11,0.35378503799438477,3
24577.0,24667.0,23784.0,39,1.5246620178222656,6
