z1,z2,z3,node,time,depth
-48.0,-47.0,-35.0,1,0.004103899002075195,1
-36.0,-37.0,-55.0,1,0.004106998443603516,1
-42.0,-34.0,-54.0,1,0.004110097885131836,1
-26.0,-54.0,-43.0,1,0.00412297248840332,1
-33.0,-52.0,-45.0,1,0.004126071929931641,1
-35.0,-46.0,-50.0,1,0.004128932952880859,1
-30.0,-40.0,-54.0,1,0.004132986068725586,1
-42.0,-54.0,-31.0,1,0.004136085510253906,1
-44.0,-52.0,-29.0,1,0.004138946533203125,1
-50.0,-41.0,-41.0,1,0.004152059555053711,1
-47.0,-37.0,-49.0,1,0.00415492057800293,1
-46.0,-49.0,-37.0,1,0.00415802001953125,1
-34.0,-56.0,-38.0,1,0.00416111946105957,1
-39.0,-49.0,-44.0,1,0.004163980484008789,1
-47.0,-41.0,-42.0,3,0.009812116622924805,3
-40.0,-36.0,-52.0,4,0.01194310188293457,4
-41.0,-49.0,-42.0,13,0.020611047744750977,4
-43.0,-47.0,-40.0,36,0.04665803909301758,3
-47.0,-43.0,-38.0,52,0.06702589988708496,4
-44.0,-39.0,-46.0,52,0.06704211235046387,4
-42.0,-39.0,-48.0,52,0.0670630931854248,4
-45.0,-43.0,-40.0,53,0.07046699523925781,5
-47.0,-42.0,-40.0,75,0.10129904747009277,2
-46.0,-42.0,-43.0,75,0.10130500793457031,2
-42.0,-46.0,-43.0,75,0.10130810737609863,2
-41.0,-40.0,-50.0,75,0.10131096839904785,2
-39.0,-39.0,-52.0,75,0.10131692886352539,2
-43.0,-33.0,-50.0,75,0.10132288932800293,2
-39.0,-35.0,-53.0,75,0.10132503509521484,2
-46.0,-38.0,-47.0,75,0.10132789611816406,2
-37.0,-44.0,-50.0,76,0.10611605644226074,3
-31.0,-47.0,-49.0,77,0.11179304122924805,4
-38.0,-51.0,-37.0,77,0.11179900169372559,4
-27.0,-49.0,-47.0,95,0.12946200370788574,7
-36.0,-51.0,-40.0,102,0.13747000694274902,4
-32.0,-41.0,-53.0,102,0.1374959945678711,4
-36.0,-39.0,-53.0,102,0.1374979019165039,4
-41.0,-50.0,-38.0,116,0.1539149284362793,5
-37.0,-46.0,-48.0,116,0.1539170742034912,5
-38.0,-42.0,-50.0,116,0.1539289951324463,5
-37.0,-47.0,-45.0,117,0.15663504600524902,6
-33.0,-42.0,-51.0,130,0.17358088493347168,8
-23.0,-42.0,-52.0,143,0.19201207160949707,3
-36.0,-54.0,-36.0,143,0.19202089309692383,3
-41.0,-42.0,-48.0,143,0.19202709197998047,3
-44.0,-44.0,-42.0,144,0.1965630054473877,4
-44.0,-38.0,-48.0,173,0.23212194442749023,4
-42.0,-40.0,-46.0,188,0.25328493118286133,8
-43.0,-40.0,-44.0,191,0.2594449520111084,5
-25.0,-43.0,-51.0,196,0.271259069442749,8
-30.0,-48.0,-46.0,201,0.2800559997558594,6
-39.0,-44.0,-46.0,210,0.2910621166229248,8
