z1,z2,z3,node,time,depth
18968.0,17302.0,17914.0,1,0.005055904388427734,1
18293.0,18147.0,16818.0,1,0.005063056945800781,1
17261.0,18770.0,19107.0,1,0.005070924758911133,1
18150.0,18537.0,19419.0,2,0.012096881866455078,2
18224.0,18606.0,17831.0,2,0.012105941772460938,2
18965.0,17409.0,19023.0,12,0.04509997367858887,5
