z1,z2,z3,node,time,depth
103.0,52.0,111.0,1,0.0793769359588623,1
77.0,77.0,80.0,1,0.07938694953918457,1
90.0,70.0,80.0,1,0.07943010330200195,1
65.0,123.0,62.0,1,0.0796060562133789,1
68.0,87.0,75.0,1,0.07978701591491699,1
60.0,128.0,67.0,2,0.10146212577819824,2
62.0,125.0,65.0,2,0.10147309303283691,2
64.0,122.0,65.0,3,0.1576380729675293,3
70.0,115.0,69.0,3,0.15774297714233398,3
73.0,110.0,74.0,3,0.1577589511871338,3
69.0,114.0,72.0,3,0.1577739715576172,3
66.0,116.0,75.0,3,0.1578199863433838,3
61.0,124.0,68.0,3,0.15785002708435059,3
64.0,119.0,73.0,3,0.15786504745483398,3
72.0,119.0,65.0,3,0.15796995162963867,3
67.0,117.0,70.0,12,0.4032399654388428,9
65.0,120.0,70.0,59,1.282189130783081,4
68.0,118.0,67.0,104,2.0196359157562256,9
71.0,119.0,66.0,122,2.3207430839538574,10
63.0,119.0,76.0,268,6.025870084762573,4
67.0,111.0,83.0,268,6.026051044464111,4
67.0,113.0,78.0,268,6.026201963424683,4
68.0,114.0,74.0,268,6.026216983795166,4
64.0,118.0,75.0,268,6.026231050491333,4
64.0,121.0,70.0,268,6.0262610912323,4
66.0,114.0,79.0,269,6.076195955276489,5
68.0,115.0,73.0,315,7.060282945632935,6
65.0,119.0,72.0,355,7.817048072814941,10
62.0,122.0,76.0,384,8.291990041732788,8
65.0,117.0,79.0,384,8.29200005531311,8
70.0,85.0,76.0,419,9.571962118148804,2
71.0,117.0,67.0,420,9.662743091583252,3
63.0,124.0,66.0,420,9.66296911239624,3
63.0,122.0,68.0,420,9.662998914718628,3
68.0,116.0,72.0,441,10.08263611793518,8
65.0,121.0,66.0,521,12.236731052398682,3
68.0,120.0,65.0,521,12.236793041229248,3
63.0,120.0,71.0,522,12.27732801437378,4
74.0,111.0,71.0,526,12.411343097686768,7
75.0,113.0,69.0,526,12.411358118057251,7
71.0,112.0,72.0,610,14.142449140548706,5
88.0,106.0,74.0,639,14.70009708404541,13
67.0,120.0,69.0,706,16.77196502685547,14
72.0,114.0,69.0,794,19.26480197906494,5
69.0,115.0,70.0,794,19.26481604576111,5
79.0,107.0,73.0,804,19.5778751373291,6
76.0,108.0,74.0,829,20.077352046966553,11
121.0,68.0,108.0,1052,26.9406681060791,11
118.0,69.0,108.0,1056,27.20230197906494,14
119.0,69.0,107.0,1075,27.7202091217041,14
111.0,69.0,110.0,1173,32.49625492095947,22
