z1,z2,z3,node,time,depth
-8227.0,-8521.0,-8436.0,2,0.0012929439544677734,2
-8169.0,-8617.0,-8530.0,2,0.0012950897216796875,2
-7511.0,-8702.0,-8935.0,45,0.01779794692993164,4
-7555.0,-8904.0,-8788.0,56,0.02220296859741211,6
-7940.0,-8560.0,-8930.0,62,0.024621009826660156,7
-7886.0,-8598.0,-9077.0,69,0.026947975158691406,9
-7944.0,-8502.0,-8983.0,74,0.028770923614501953,8
-7977.0,-8409.0,-8850.0,79,0.03073406219482422,7
-7228.0,-8683.0,-9482.0,88,0.03396010398864746,6
-7272.0,-8885.0,-9335.0,93,0.0364079475402832,5
