z1,z2,z3,node,time,depth
-38.0,-39.0,-50.0,1,0.001611948013305664,1
-37.0,-40.0,-46.0,4,0.005501985549926758,3
-36.0,-36.0,-54.0,15,0.019871950149536133,4
-30.0,-44.0,-53.0,33,0.0430140495300293,6
-35.0,-45.0,-42.0,41,0.051930904388427734,6
-27.0,-32.0,-57.0,49,0.06225395202636719,6
-31.0,-41.0,-55.0,64,0.08129000663757324,7
-32.0,-43.0,-54.0,65,0.08188891410827637,7
-34.0,-47.0,-40.0,67,0.08355712890625,7
-32.0,-26.0,-56.0,99,0.12356996536254883,7
-33.0,-38.0,-55.0,122,0.14970803260803223,8
-33.0,-47.0,-45.0,124,0.15059399604797363,8
-33.0,-45.0,-46.0,128,0.1547999382019043,8
-35.0,-43.0,-47.0,134,0.16112303733825684,8
-36.0,-42.0,-51.0,164,0.1939089298248291,8
-33.0,-44.0,-52.0,210,0.24202799797058105,9
-32.0,-46.0,-47.0,213,0.24383306503295898,9
-34.0,-46.0,-45.0,213,0.2438359260559082,9
-34.0,-39.0,-54.0,264,0.2964019775390625,9
-34.0,-44.0,-47.0,282,0.3113229274749756,10
-34.0,-43.0,-52.0,283,0.31205105781555176,10
-35.0,-44.0,-45.0,300,0.324444055557251,10
-35.0,-39.0,-52.0,318,0.3406491279602051,10
-31.0,-36.0,-56.0,344,0.3596949577331543,11
-34.0,-34.0,-55.0,436,0.41361498832702637,13
-29.0,-30.0,-57.0,462,0.4256429672241211,14
-28.0,-29.0,-59.0,468,0.42821693420410156,14
-30.0,-29.0,-57.0,472,0.4299769401550293,14
-31.0,-26.0,-57.0,492,0.4376981258392334,16
