z1,z2,z3,node,time,depth
17300.0,16612.0,14953.0,1,0.005028963088989258,1
15482.0,15613.0,16970.0,1,0.005033969879150391,1
14856.0,16425.0,17137.0,1,0.0050389766693115234,1
15614.0,17298.0,16451.0,1,0.005043983459472656,1
15318.0,16148.0,17607.0,2,0.010542154312133789,2
15734.0,16890.0,16491.0,4,0.017177104949951172,3
15737.0,16635.0,16807.0,8,0.030506134033203125,5
