z1,z2,z3,node,time,depth
-15459.0,-13640.0,-14111.0,55,0.022858142852783203,13
-15937.0,-13681.0,-13249.0,82,0.035369157791137695,9
-15590.0,-13501.0,-13830.0,104,0.04608321189880371,7
-14692.0,-13748.0,-13893.0,113,0.050866127014160156,4
-15039.0,-13928.0,-13312.0,113,0.05086708068847656,4
-15702.0,-13833.0,-13698.0,133,0.059696197509765625,6
-14488.0,-13679.0,-13929.0,219,0.09966111183166504,6
-14835.0,-13859.0,-13348.0,219,0.09966301918029785,6
-15255.0,-13571.0,-14147.0,255,0.11828112602233887,13
-15053.0,-12795.0,-14550.0,331,0.1527860164642334,7
-15148.0,-13073.0,-14341.0,335,0.15461111068725586,11
-15547.0,-13045.0,-13990.0,344,0.15830302238464355,12
-15479.0,-13275.0,-13885.0,347,0.1595780849456787,11
-15244.0,-13427.0,-14334.0,350,0.1610560417175293,10
-15132.0,-13095.0,-14466.0,354,0.16292810440063477,8
