z1,z2,z3,node,time,depth
-64.0,-73.0,-61.0,1,0.0027539730072021484,1
-75.0,-50.0,-72.0,1,0.002763986587524414,1
-73.0,-49.0,-74.0,1,0.0027909278869628906,1
-63.0,-72.0,-64.0,8,0.023910999298095703,4
-51.0,-78.0,-48.0,23,0.061347007751464844,5
-65.0,-63.0,-63.0,110,0.2165088653564453,7
-70.0,-58.0,-64.0,212,0.3465139865875244,9
-63.0,-62.0,-65.0,309,0.4355008602142334,9
-30.0,-84.0,-32.0,429,0.5345299243927002,10
-43.0,-80.0,-48.0,583,0.6519010066986084,11
-32.0,-83.0,-32.0,584,0.6528160572052002,11
-64.0,-64.0,-62.0,637,0.6899189949035645,11
-69.0,-58.0,-66.0,646,0.6964850425720215,12
-46.0,-82.0,-45.0,752,0.7648220062255859,12
-46.0,-81.0,-47.0,753,0.7656128406524658,12
-52.0,-74.0,-54.0,754,0.7666139602661133,12
-50.0,-77.0,-51.0,891,0.8524069786071777,13
-66.0,-64.0,-60.0,956,0.8887100219726562,13
-69.0,-60.0,-61.0,1007,0.9218418598175049,14
-50.0,-75.0,-53.0,1063,0.9516069889068604,14
-64.0,-61.0,-66.0,1080,0.9600729942321777,14
-53.0,-76.0,-52.0,1086,0.9635579586029053,14
-65.0,-62.0,-64.0,1106,0.9738600254058838,14
-73.0,-51.0,-71.0,1143,0.9961788654327393,15
-45.0,-79.0,-48.0,1191,1.0239849090576172,15
-65.0,-64.0,-61.0,1216,1.0332598686218262,15
-54.0,-77.0,-49.0,1224,1.0367138385772705,15
-66.0,-59.0,-66.0,1234,1.0413858890533447,16
-68.0,-56.0,-69.0,1276,1.0676548480987549,16
-68.0,-60.0,-64.0,1386,1.1271419525146484,18
-67.0,-59.0,-65.0,1432,1.1499178409576416,19
-68.0,-58.0,-67.0,1436,1.1519439220428467,19
-67.0,-57.0,-68.0,1438,1.153027057647705,19
-69.0,-56.0,-67.0,1452,1.160156011581421,19
