z1,z2,z3,node,time,depth
-14668.0,-13203.0,-14714.0,9,0.0038101673126220703,4
-14006.0,-14135.0,-13807.0,25,0.011051177978515625,5
-14277.0,-13711.0,-14423.0,76,0.03524208068847656,8
-14557.0,-13809.0,-14309.0,96,0.04583406448364258,8
