z1,z2,z3,node,time,depth
8909.0,7498.0,4193.0,1,0.026957988739013672,1
6355.0,6857.0,4900.0,1,0.02696704864501953,1
8631.0,7185.0,4287.0,1,0.026985883712768555,1
6445.0,4773.0,7865.0,1,0.027005910873413086,1
4010.0,7667.0,7379.0,1,0.02701401710510254,1
4214.0,6897.0,7279.0,1,0.027022838592529297,1
4854.0,5627.0,5431.0,1,0.027031898498535156,1
6003.0,5017.0,7543.0,2,0.03737282752990723,2
4726.0,7500.0,7125.0,4,0.0593719482421875,4
4560.0,7562.0,6698.0,34,0.14668583869934082,3
6037.0,5302.0,6918.0,35,0.1541459560394287,4
4764.0,6792.0,6598.0,36,0.16065597534179688,5
6030.0,5385.0,6961.0,51,0.21704483032226562,8
6654.0,5581.0,6888.0,51,0.21706795692443848,8
5996.0,5100.0,7586.0,77,0.333629846572876,6
6620.0,5296.0,7513.0,79,0.3395218849182129,8
5506.0,5492.0,8798.0,88,0.3645608425140381,6
6306.0,7460.0,5140.0,108,0.529973030090332,3
6505.0,6634.0,5401.0,108,0.5299808979034424,3
7863.0,6843.0,4826.0,108,0.5299978256225586,3
8612.0,6738.0,4903.0,108,0.530005931854248,3
8748.0,6224.0,5368.0,108,0.5300228595733643,3
7999.0,6329.0,5291.0,108,0.5300719738006592,3
7752.0,6772.0,5044.0,140,0.6734390258789062,6
6159.0,7844.0,5363.0,152,0.7151739597320557,8
7881.0,6584.0,5121.0,163,0.7571659088134766,5
8630.0,6479.0,5198.0,163,0.757174015045166,5
7021.0,6618.0,5262.0,163,0.7572119235992432,5
7770.0,6513.0,5339.0,184,0.8341989517211914,7
7365.0,6600.0,5260.0,208,0.939180850982666,4
8818.0,6243.0,5103.0,251,1.2129440307617188,3
8202.0,6736.0,5037.0,253,1.2688570022583008,5
9096.0,6556.0,5009.0,266,1.3326618671417236,7
8052.0,7942.0,4720.0,321,1.5311310291290283,8
7905.0,8517.0,4477.0,350,1.6471190452575684,5
8068.0,7899.0,4439.0,350,1.6471269130706787,5
8073.0,7233.0,4687.0,350,1.6471588611602783,5
7671.0,7593.0,4767.0,366,1.7320468425750732,6
7508.0,8211.0,4805.0,368,1.758349895477295,7
8351.0,7546.0,4593.0,428,1.987351894378662,9
