z1,z2,z3,node,time,depth
-8517.0,-10073.0,-8490.0,1,0.0010788440704345703,1
-9975.0,-8478.0,-9701.0,1,0.001088857650756836,1
-9143.0,-9232.0,-9265.0,16,0.016470909118652344,5
-9934.0,-8551.0,-9636.0,17,0.017195940017700195,5
-9284.0,-9220.0,-9123.0,32,0.029989957809448242,6
