z1,z2,z3,node,time,depth
13975.0,16320.0,13686.0,1,0.006510019302368164,1
12763.0,16379.0,14602.0,1,0.006515026092529297,1
12287.0,15699.0,15461.0,1,0.00652003288269043,1
15742.0,13764.0,14024.0,1,0.0065250396728515625,1
14239.0,14212.0,15343.0,1,0.006530046463012695,1
14698.0,14927.0,14747.0,3,0.01462101936340332,2
14925.0,15091.0,14692.0,9,0.032601118087768555,5
13170.0,15581.0,15098.0,9,0.03261613845825195,5
