z1,z2,z3,node,time,depth
-3801.0,-3035.0,-3759.0,1,0.0013589859008789062,1
-4004.0,-2712.0,-3647.0,1,0.0013599395751953125,1
-3166.0,-3542.0,-2596.0,94,0.05480313301086426,9
-4011.0,-3401.0,-3366.0,102,0.05862903594970703,6
-3890.0,-3299.0,-3453.0,104,0.06196403503417969,3
-3045.0,-3440.0,-2683.0,140,0.07974100112915039,9
-2972.0,-3544.0,-2742.0,176,0.09978199005126953,9
-3346.0,-3752.0,-2197.0,177,0.10020804405212402,8
