z1,z2,z3,node,time,depth
-61.0,-76.0,-66.0,1,0.004126071929931641,1
-34.0,-92.0,-36.0,1,0.004133939743041992,1
-71.0,-59.0,-80.0,1,0.004147052764892578,1
-63.0,-66.0,-75.0,1,0.004148960113525391,1
-58.0,-74.0,-69.0,1,0.0041501522064208984,1
-66.0,-67.0,-74.0,1,0.004179954528808594,1
-76.0,-41.0,-82.0,1,0.0041849613189697266,1
-62.0,-74.0,-66.0,3,0.013705968856811523,2
-66.0,-68.0,-72.0,5,0.022114038467407227,3
-73.0,-50.0,-78.0,8,0.033926963806152344,4
-72.0,-44.0,-82.0,9,0.037641048431396484,4
-54.0,-81.0,-61.0,13,0.05293011665344238,4
-59.0,-72.0,-69.0,13,0.052932024002075195,4
-56.0,-81.0,-59.0,24,0.08735513687133789,5
-60.0,-74.0,-67.0,68,0.20571303367614746,7
-61.0,-72.0,-67.0,95,0.27962398529052734,7
-69.0,-62.0,-69.0,149,0.40771007537841797,8
-55.0,-82.0,-56.0,156,0.4212629795074463,8
-53.0,-79.0,-62.0,183,0.48102712631225586,8
-53.0,-82.0,-58.0,436,0.9779930114746094,10
-68.0,-60.0,-70.0,799,1.6084129810333252,12
-63.0,-69.0,-62.0,851,1.6899199485778809,12
-35.0,-91.0,-39.0,1001,1.9226579666137695,12
-36.0,-90.0,-37.0,1274,2.281306028366089,13
-42.0,-88.0,-43.0,1275,2.2828450202941895,13
-40.0,-88.0,-45.0,1327,2.3587610721588135,13
-42.0,-84.0,-47.0,1328,2.3598721027374268,13
-42.0,-87.0,-44.0,1980,3.1096861362457275,15
-72.0,-53.0,-77.0,2402,3.4951059818267822,17
-75.0,-44.0,-81.0,2406,3.4981939792633057,17
-43.0,-86.0,-45.0,2542,3.6042661666870117,17
-40.0,-84.0,-48.0,2582,3.6361801624298096,17
-41.0,-86.0,-47.0,2586,3.638951063156128,17
-41.0,-87.0,-46.0,2588,3.640408992767334,17
-48.0,-83.0,-51.0,2990,3.905158042907715,20
