z1,z2,z3,node,time,depth
23035.0,24787.0,22853.0,1,0.027471065521240234,1
22378.0,24518.0,24687.0,1,0.027486085891723633,1
24739.0,24052.0,23540.0,1,0.027499914169311523,1
23648.0,23912.0,25780.0,1,0.027528047561645508,1
23958.0,24692.0,23658.0,15,0.18641996383666992,4
