z1,z2,z3,node,time,depth
14442.0,15028.0,17964.0,1,0.005774974822998047,1
15340.0,17143.0,16326.0,1,0.0057811737060546875,1
15638.0,15632.0,16584.0,1,0.00578618049621582,1
16006.0,15468.0,17380.0,2,0.010640144348144531,2
15141.0,16623.0,16956.0,4,0.01750016212463379,3
15644.0,15327.0,17747.0,4,0.017503976821899414,3
