z1,z2,z3,node,time,depth
-34.0,-52.0,-41.0,2,0.006091117858886719,2
-29.0,-41.0,-44.0,4,0.01174616813659668,4
-31.0,-39.0,-44.0,180,0.13233017921447754,6
-35.0,-32.0,-45.0,285,0.2020280361175537,16
-32.0,-36.0,-45.0,333,0.22857308387756348,14
-48.0,-39.0,-29.0,471,0.32247114181518555,14
-39.0,-32.0,-43.0,545,0.3873891830444336,16
-36.0,-36.0,-43.0,546,0.38778114318847656,15
-37.0,-34.0,-44.0,550,0.38929200172424316,11
-39.0,-47.0,-42.0,553,0.3928821086883545,4
-44.0,-51.0,-33.0,553,0.39288997650146484,4
-40.0,-50.0,-39.0,679,0.5027260780334473,11
-34.0,-49.0,-43.0,687,0.5123021602630615,9
-45.0,-49.0,-35.0,773,0.6036560535430908,13
-44.0,-46.0,-38.0,774,0.6040410995483398,12
-41.0,-47.0,-40.0,777,0.6051230430603027,9
-39.0,-51.0,-37.0,778,0.6054811477661133,8
-35.0,-48.0,-43.0,779,0.6074211597442627,2
-41.0,-49.0,-39.0,781,0.6123261451721191,4
-32.0,-54.0,-38.0,841,0.6803750991821289,6
-38.0,-55.0,-34.0,841,0.680387020111084,6
-31.0,-53.0,-39.0,913,0.743462085723877,7
-37.0,-54.0,-35.0,913,0.7434730529785156,7
-35.0,-53.0,-36.0,967,0.7890210151672363,15
-41.0,-54.0,-32.0,969,0.789788007736206,13
-40.0,-51.0,-35.0,970,0.7901690006256104,12
-37.0,-52.0,-37.0,973,0.7912499904632568,9
-35.0,-56.0,-34.0,974,0.7915971279144287,8
-42.0,-53.0,-31.0,992,0.8143551349639893,12
-41.0,-50.0,-34.0,993,0.8147091865539551,11
-43.0,-54.0,-30.0,1012,0.8336880207061768,12
-44.0,-52.0,-29.0,1014,0.834388017654419,10
-39.0,-52.0,-35.0,1015,0.8347392082214355,9
-37.0,-56.0,-32.0,1016,0.8350770473480225,8
-46.0,-48.0,-35.0,1051,0.8648431301116943,11
-45.0,-45.0,-38.0,1053,0.8655550479888916,9
-47.0,-46.0,-34.0,1054,0.8659210205078125,8
-42.0,-46.0,-40.0,1055,0.8662810325622559,7
