z1,z2,z3,node,time,depth
-74.0,-96.0,-87.0,1,0.002292156219482422,1
-71.0,-97.0,-85.0,1,0.002309083938598633,1
-75.0,-87.0,-79.0,5,0.012324094772338867,5
-64.0,-84.0,-91.0,361,0.40995121002197266,21
-65.0,-83.0,-91.0,405,0.4436922073364258,21
-63.0,-85.0,-91.0,408,0.4449470043182373,20
-78.0,-81.0,-76.0,418,0.4518852233886719,8
-77.0,-84.0,-74.0,419,0.45319223403930664,9
-76.0,-79.0,-78.0,521,0.5633370876312256,9
-79.0,-85.0,-72.0,523,0.5655431747436523,10
-78.0,-84.0,-73.0,529,0.5706422328948975,16
-79.0,-82.0,-74.0,546,0.5837042331695557,12
-53.0,-90.0,-91.0,831,0.9236140251159668,5
-55.0,-88.0,-91.0,887,0.9950602054595947,6
-54.0,-89.0,-91.0,897,1.012186050415039,15
-72.0,-94.0,-89.0,1060,1.1468541622161865,5
-61.0,-86.0,-91.0,1089,1.181551218032837,21
-60.0,-87.0,-91.0,1167,1.2374260425567627,17
-76.0,-87.0,-72.0,1191,1.2593181133270264,17
-76.0,-84.0,-75.0,1213,1.2832741737365723,11
-56.0,-88.0,-90.0,1284,1.3414092063903809,8
