z1,z2,z3,node,time,depth
-9691.0,-10685.0,-8282.0,1,0.0008060932159423828,1
-8577.0,-10408.0,-9578.0,46,0.016169071197509766,8
-8423.0,-11230.0,-8967.0,68,0.02436208724975586,8
-8747.0,-10465.0,-9440.0,79,0.027812957763671875,5
-8836.0,-10831.0,-8755.0,85,0.029790878295898438,6
-8812.0,-10927.0,-8931.0,88,0.03085803985595703,6
-9432.0,-10262.0,-9105.0,96,0.033721923828125,6
-9602.0,-10319.0,-8967.0,97,0.034303903579711914,3
-9278.0,-11084.0,-8494.0,102,0.035964012145996094,6
