z1,z2,z3,node,time,depth
-9325.0,-9187.0,-9485.0,1,0.0005259513854980469,1
-8554.0,-8299.0,-10366.0,1,0.0005309581756591797,1
-8692.0,-8804.0,-10034.0,3,0.001447916030883789,3
-8289.0,-8991.0,-9506.0,32,0.01355290412902832,8
-8700.0,-8837.0,-9842.0,36,0.015277862548828125,6
-8922.0,-9374.0,-8957.0,39,0.016418933868408203,5
