z1,z2,z3,node,time,depth
-13922.0,-15162.0,-12030.0,1,0.0006849765777587891,1
-13578.0,-14453.0,-12640.0,5,0.003289937973022461,3
-13696.0,-14395.0,-12397.0,9,0.005461931228637695,4
-14070.0,-14344.0,-11966.0,17,0.01005411148071289,5
-13670.0,-14791.0,-12064.0,71,0.03788590431213379,7
-14299.0,-14778.0,-11850.0,86,0.04451107978820801,8
-14073.0,-14011.0,-12217.0,96,0.04849696159362793,9
