z1,z2,z3,node,time,depth
24128.0,25713.0,27183.0,1,0.06418585777282715,1
25642.0,26171.0,25182.0,1,0.06419992446899414,1
26926.0,26708.0,24529.0,1,0.06421399116516113,1
26847.0,25060.0,25410.0,1,0.06422781944274902,1
25179.0,25291.0,26863.0,1,0.06424188613891602,1
25838.0,24893.0,27853.0,1,0.06425595283508301,1
28299.0,24416.0,25549.0,1,0.0642697811126709,1
27545.0,25461.0,25302.0,19,1.4093658924102783,3
24982.0,26984.0,26110.0,21,1.494053840637207,4
24462.0,25643.0,27204.0,21,1.494067907333374,4
26102.0,25849.0,26446.0,31,1.847822904586792,9
