z1,z2,z3,node,time,depth
-13200.0,-13769.0,-11052.0,1,0.002137899398803711,1
-12814.0,-13637.0,-11731.0,2,0.0036029815673828125,2
-11949.0,-13507.0,-12513.0,3,0.0044629573822021484,3
-12748.0,-13382.0,-11868.0,3,0.004467010498046875,3
-12309.0,-13713.0,-12002.0,80,0.05188798904418945,6
-11850.0,-13822.0,-12420.0,90,0.05705595016479492,12
-11512.0,-13901.0,-12396.0,105,0.06358599662780762,11
-12032.0,-13677.0,-12395.0,118,0.0705258846282959,10
-11592.0,-14162.0,-11902.0,119,0.07106494903564453,6
-12311.0,-13776.0,-11751.0,135,0.07941198348999023,9
-11576.0,-13874.0,-12640.0,184,0.10613584518432617,7
-11758.0,-13729.0,-12615.0,184,0.10613703727722168,7
-12037.0,-13828.0,-11971.0,194,0.11127591133117676,10
-11957.0,-13567.0,-12465.0,221,0.12400698661804199,9
-12015.0,-13762.0,-12376.0,222,0.1245419979095459,6
-11238.0,-13953.0,-12616.0,234,0.13090300559997559,8
-12095.0,-13335.0,-12332.0,235,0.13218307495117188,2
-12335.0,-13639.0,-11834.0,236,0.13331389427185059,3
-13134.0,-13514.0,-11189.0,236,0.133314847946167,3
-12780.0,-13305.0,-11903.0,278,0.15865707397460938,8
-11962.0,-14006.0,-11961.0,284,0.16343402862548828,7
-12144.0,-13861.0,-11936.0,284,0.1634349822998047,7
-12423.0,-13960.0,-11292.0,294,0.1687629222869873,10
-12343.0,-13699.0,-11786.0,303,0.17390894889831543,9
-12401.0,-13894.0,-11697.0,304,0.17441701889038086,6
-11624.0,-14085.0,-11937.0,308,0.1765120029449463,8
-12069.0,-13751.0,-12006.0,348,0.19977688789367676,8
-12846.0,-13560.0,-11766.0,349,0.20013689994812012,7
