z1,z2,z3,node,time,depth
-4173.0,-3559.0,-3627.0,1,0.0012969970703125,1
-3866.0,-3617.0,-3630.0,2,0.0028510093688964844,2
-3314.0,-3485.0,-4163.0,30,0.029124975204467773,5
-3103.0,-3634.0,-2752.0,122,0.07541298866271973,8
-2743.0,-3970.0,-2911.0,131,0.07943606376647949,8
-3068.0,-3821.0,-2602.0,131,0.0794370174407959,8
-3039.0,-3687.0,-2739.0,190,0.10471200942993164,9
-3671.0,-3221.0,-3929.0,232,0.1218719482421875,9
-3378.0,-3432.0,-4176.0,234,0.12249588966369629,9
-3100.0,-3706.0,-2677.0,238,0.12386107444763184,10
-2241.0,-3632.0,-3213.0,240,0.12451291084289551,10
