z1,z2,z3,node,time,depth
4615.0,4543.0,7200.0,1,0.03632211685180664,1
6256.0,6470.0,3731.0,1,0.0363309383392334,1
9628.0,8874.0,3374.0,1,0.03633904457092285,1
6665.0,6213.0,3644.0,1,0.036366939544677734,1
4630.0,5094.0,5064.0,1,0.03644514083862305,1
5307.0,6269.0,4947.0,2,0.09158611297607422,2
5244.0,4909.0,5517.0,2,0.09160900115966797,2
5976.0,4494.0,6763.0,2,0.09161710739135742,2
5892.0,5509.0,5043.0,4,0.16687512397766113,3
6957.0,4233.0,9996.0,9,0.35374903678894043,4
8785.0,4310.0,8226.0,9,0.3538031578063965,4
8831.0,4344.0,7885.0,9,0.35381102561950684,4
8142.0,4464.0,8394.0,17,0.5561630725860596,5
9414.0,8639.0,3547.0,22,0.6434299945831299,6
6152.0,5718.0,4621.0,22,0.6435191631317139,6
6781.0,4395.0,10440.0,26,0.7549350261688232,6
6903.0,4405.0,9452.0,26,0.7549519538879395,6
7267.0,4277.0,9911.0,27,0.7763700485229492,6
9096.0,8722.0,3565.0,36,0.9616999626159668,7
9356.0,8848.0,3409.0,36,0.9617071151733398,7
9326.0,8407.0,3552.0,36,0.9617669582366943,7
9598.0,8433.0,3517.0,36,0.9617750644683838,7
7213.0,4449.0,9367.0,42,1.0302259922027588,7
7619.0,4479.0,9054.0,63,1.2703280448913574,8
9142.0,8613.0,3582.0,79,1.4324679374694824,9
9368.0,8748.0,3530.0,84,1.4731860160827637,9
6803.0,4440.0,10094.0,189,2.2308080196380615,11
