z1,z2,z3,node,time,depth
-12900.0,-14678.0,-12385.0,112,0.048892974853515625,10
-12553.0,-14892.0,-12938.0,149,0.06564497947692871,4
-13078.0,-14484.0,-12595.0,149,0.06564617156982422,4
-12701.0,-15273.0,-12682.0,177,0.07795310020446777,5
-12833.0,-15128.0,-12681.0,248,0.10995697975158691,8
-13300.0,-14485.0,-11810.0,372,0.16179609298706055,14
-13234.0,-14657.0,-12077.0,400,0.1748809814453125,10
-13242.0,-14662.0,-11993.0,450,0.19729995727539062,8
-12887.0,-14871.0,-12630.0,469,0.20592308044433594,5
-13412.0,-14463.0,-12287.0,469,0.20592498779296875,5
-12889.0,-15224.0,-12184.0,517,0.22800207138061523,6
-13175.0,-15112.0,-12289.0,544,0.24178099632263184,8
-13167.0,-15107.0,-12373.0,557,0.2474501132965088,7
