z1,z2,z3,node,time,depth
-2743.0,-2346.0,-3780.0,1,0.0015938282012939453,1
-2383.0,-2542.0,-3836.0,1,0.0016047954559326172,1
-1990.0,-2337.0,-3921.0,1,0.001605987548828125,1
-2264.0,-3214.0,-3460.0,14,0.008418798446655273,10
-2170.0,-3404.0,-3199.0,52,0.023144960403442383,7
-2503.0,-2681.0,-3150.0,77,0.033670902252197266,8
-1915.0,-3494.0,-2788.0,88,0.038240909576416016,9
-2290.0,-3543.0,-2513.0,97,0.04172801971435547,8
-2561.0,-2746.0,-2195.0,105,0.04500389099121094,10
-2530.0,-3208.0,-3143.0,109,0.04673600196838379,2
-2631.0,-2380.0,-3329.0,112,0.04889798164367676,5
-2769.0,-2675.0,-2833.0,123,0.05358481407165527,8
-2920.0,-1739.0,-3201.0,125,0.05475282669067383,5
-3040.0,-1878.0,-2515.0,135,0.05871295928955078,10
-2801.0,-2411.0,-2825.0,146,0.06317782402038574,8
-2827.0,-2740.0,-1878.0,164,0.07014083862304688,7
