z1,z2,z3,node,time,depth
-17192.0,-18619.0,-18701.0,1,0.0010759830474853516,1
-18029.0,-19407.0,-17520.0,1,0.0010800361633300781,1
-17139.0,-19450.0,-18198.0,1,0.0010819435119628906,1
-18082.0,-18576.0,-18023.0,1,0.0010890960693359375,1
-17504.0,-19061.0,-18232.0,75,0.04562997817993164,10
