z1,z2,z3,node,time,depth
-50.0,-54.0,-66.0,1,0.0073659420013427734,1
-45.0,-56.0,-68.0,1,0.007463932037353516,1
-43.0,-53.0,-72.0,1,0.007508993148803711,1
-61.0,-35.0,-56.0,2,0.015256881713867188,2
-52.0,-49.0,-64.0,3,0.02093195915222168,3
-47.0,-50.0,-70.0,407,0.5455009937286377,4
-30.0,-58.0,-61.0,520,0.7390580177307129,15
-43.0,-50.0,-73.0,802,1.1617398262023926,12
-62.0,-30.0,-41.0,1302,1.8763678073883057,12
-57.0,-37.0,-60.0,1579,2.2422738075256348,11
-51.0,-47.0,-69.0,1924,2.578403949737549,5
-56.0,-46.0,-63.0,1924,2.578418016433716,5
-46.0,-55.0,-68.0,2079,2.827111005783081,11
-50.0,-49.0,-69.0,2081,2.8331589698791504,7
-47.0,-47.0,-72.0,2324,3.1357569694519043,12
-51.0,-50.0,-67.0,2348,3.17490291595459,12
-48.0,-48.0,-71.0,2349,3.1753339767456055,11
-59.0,-40.0,-52.0,2353,3.192180871963501,4
-61.0,-34.0,-57.0,2406,3.3309128284454346,6
-57.0,-36.0,-61.0,2535,3.521934986114502,10
-59.0,-34.0,-61.0,2625,3.6402699947357178,9
-62.0,-28.0,-47.0,2642,3.666637897491455,20
-58.0,-36.0,-60.0,2683,3.71811580657959,18
-57.0,-40.0,-58.0,2695,3.738312005996704,15
-59.0,-37.0,-59.0,2701,3.7434887886047363,18
-62.0,-29.0,-46.0,2795,3.8453218936920166,7
-58.0,-41.0,-56.0,2845,3.9163708686828613,13
-60.0,-38.0,-57.0,2859,3.925590991973877,14
-60.0,-39.0,-55.0,2861,3.9288458824157715,8
-58.0,-42.0,-53.0,2943,4.056898832321167,9
-52.0,-50.0,-54.0,3155,4.337902784347534,15
-46.0,-48.0,-72.0,3211,4.393078804016113,3
-51.0,-46.0,-70.0,3211,4.393099784851074,3
-47.0,-49.0,-71.0,3212,4.398463010787964,4
-36.0,-57.0,-60.0,3238,4.459456920623779,21
-33.0,-57.0,-64.0,3241,4.460908889770508,20
-30.0,-57.0,-65.0,3245,4.463665008544922,18
-27.0,-55.0,-69.0,3273,4.494403839111328,18
-49.0,-50.0,-68.0,3323,4.598706960678101,11
-50.0,-51.0,-67.0,3339,4.635264873504639,11
-46.0,-51.0,-70.0,3340,4.635660886764526,10
-49.0,-53.0,-67.0,3342,4.645546913146973,5
-57.0,-43.0,-51.0,3405,4.766032934188843,8
-56.0,-45.0,-64.0,3594,4.960030794143677,9
-54.0,-48.0,-66.0,3615,4.9796788692474365,11
-50.0,-48.0,-70.0,3617,4.984221935272217,5
-46.0,-54.0,-69.0,3767,5.194519996643066,11
-51.0,-49.0,-68.0,3795,5.215479850769043,9
