z1,z2,z3,node,time,depth
-30.0,-37.0,-46.0,1,0.0011620521545410156,1
-31.0,-43.0,-39.0,121,0.05230093002319336,7
-33.0,-41.0,-40.0,122,0.05317997932434082,3
-31.0,-46.0,-35.0,122,0.05318188667297363,3
-35.0,-45.0,-37.0,131,0.05767989158630371,9
-39.0,-42.0,-33.0,152,0.06521201133728027,6
-28.0,-42.0,-41.0,159,0.06839203834533691,2
-36.0,-38.0,-39.0,169,0.07383489608764648,9
-32.0,-41.0,-43.0,196,0.08492398262023926,6
