z1,z2,z3,node,time,depth
-40.0,-30.0,-43.0,1,0.001188039779663086,1
-14.0,-36.0,-23.0,110,0.049046993255615234,7
-31.0,-35.0,-37.0,111,0.04979205131530762,2
-45.0,-15.0,-46.0,124,0.056452035903930664,11
