z1,z2,z3,node,time,depth
18412.0,17012.0,17126.0,1,0.015043973922729492,1
17132.0,16189.0,18378.0,1,0.015051126480102539,1
18450.0,17928.0,15991.0,1,0.015059947967529297,1
17049.0,17791.0,17142.0,1,0.015067100524902344,1
16605.0,18678.0,17273.0,1,0.015074968338012695,1
16167.0,18152.0,18397.0,1,0.015093088150024414,1
17182.0,18517.0,17113.0,7,0.053494930267333984,4
17586.0,17527.0,17487.0,11,0.07812809944152832,6
18089.0,17731.0,17018.0,11,0.07813501358032227,6
