z1,z2,z3,node,time,depth
-63.0,-44.0,-84.0,1,0.0033159255981445312,1
-52.0,-37.0,-90.0,1,0.0033190250396728516,1
-56.0,-34.0,-90.0,1,0.003320932388305664,1
-65.0,-47.0,-77.0,1,0.003329038619995117,1
-67.0,-46.0,-72.0,4,0.013967037200927734,3
-71.0,-37.0,-70.0,4,0.013993024826049805,3
-72.0,-40.0,-63.0,4,0.013998031616210938,3
-73.0,-40.0,-62.0,10,0.03412294387817383,4
-66.0,-47.0,-63.0,15,0.05011701583862305,4
-65.0,-43.0,-79.0,74,0.20224785804748535,7
-59.0,-48.0,-65.0,94,0.25365185737609863,7
-58.0,-48.0,-68.0,94,0.25365400314331055,7
-68.0,-46.0,-58.0,140,0.3526599407196045,8
-53.0,-49.0,-53.0,164,0.40941500663757324,8
-52.0,-49.0,-56.0,164,0.4094250202178955,8
-58.0,-33.0,-85.0,318,0.7125060558319092,10
-56.0,-40.0,-87.0,399,0.8589608669281006,10
-68.0,-44.0,-77.0,922,1.6485679149627686,14
-70.0,-38.0,-69.0,928,1.6534528732299805,14
-69.0,-39.0,-70.0,1082,1.847548007965088,15
-69.0,-44.0,-63.0,1478,2.2149949073791504,17
-72.0,-41.0,-49.0,1748,2.369027853012085,21
-70.0,-43.0,-57.0,1756,2.3719968795776367,21
-70.0,-42.0,-66.0,1770,2.3771278858184814,21
-71.0,-42.0,-63.0,1772,2.3778798580169678,21
