z1,z2,z3,node,time,depth
-14239.0,-15520.0,-13802.0,3,0.002218961715698242,3
-14541.0,-15134.0,-14240.0,105,0.05371904373168945,11
-13900.0,-15688.0,-13837.0,143,0.07088804244995117,4
-13810.0,-15460.0,-14565.0,146,0.0722808837890625,7
-13431.0,-15524.0,-14032.0,166,0.08219599723815918,10
-14539.0,-15250.0,-14313.0,169,0.08348488807678223,5
-13710.0,-15480.0,-14633.0,192,0.09479498863220215,5
-13800.0,-15708.0,-13905.0,192,0.09479594230651855,5
-13331.0,-15544.0,-14100.0,208,0.10363483428955078,12
-13329.0,-15660.0,-14173.0,212,0.10542702674865723,6
-14439.0,-15270.0,-14381.0,244,0.12223196029663086,4
-14081.0,-15396.0,-14017.0,255,0.12871098518371582,9
-14083.0,-15280.0,-13944.0,271,0.13640594482421875,7
