z1,z2,z3,node,time,depth
27961.0,24052.0,25972.0,1,0.07210683822631836,1
23977.0,27745.0,25492.0,1,0.07212185859680176,1
25423.0,26774.0,24695.0,1,0.07213592529296875,1
24444.0,25636.0,28068.0,1,0.07215094566345215,1
23670.0,26840.0,27676.0,1,0.07216501235961914,1
26994.0,25942.0,24639.0,1,0.07218003273010254,1
25946.0,24785.0,25992.0,1,0.07219386100769043,1
25894.0,23405.0,27126.0,1,0.07220792770385742,1
25111.0,26009.0,26013.0,14,0.35431385040283203,5
25381.0,26154.0,25853.0,22,0.44416189193725586,6
27259.0,24862.0,25711.0,48,0.8108010292053223,10
26408.0,24339.0,26814.0,48,0.8108580112457275,10
25845.0,24922.0,26811.0,48,0.8109290599822998,10
