z1,z2,z3,node,time,depth
-13812.0,-12956.0,-13770.0,1,0.0006999969482421875,1
-15503.0,-10779.0,-15766.0,110,0.0647578239440918,3
-14947.0,-11574.0,-15113.0,243,0.13554096221923828,8
-14752.0,-11583.0,-15151.0,254,0.14085102081298828,10
-15054.0,-11530.0,-15374.0,308,0.1759929656982422,5
-14498.0,-12325.0,-14721.0,315,0.18023204803466797,9
-14500.0,-12155.0,-14685.0,316,0.1808300018310547,10
-14303.0,-12334.0,-14759.0,324,0.18452692031860352,10
-14208.0,-12379.0,-14640.0,351,0.19943904876708984,8
