z1,z2,z3,node,time,depth
16435.0,16422.0,19372.0,1,0.0076410770416259766,1
16398.0,18582.0,18708.0,1,0.007648944854736328,1
18322.0,18452.0,16476.0,1,0.007657051086425781,1
18386.0,17699.0,19200.0,3,0.021710872650146484,2
18629.0,18168.0,17584.0,5,0.0416719913482666,3
18116.0,18484.0,18542.0,9,0.07213187217712402,5
