z1,z2,z3,node,time,depth
-8051.0,-9619.0,-7441.0,3,0.002084970474243164,2
-7777.0,-9719.0,-7553.0,16,0.008502006530761719,5
-7867.0,-9303.0,-7841.0,19,0.010031938552856445,5
-8369.0,-9176.0,-7674.0,19,0.010033845901489258,5
-8310.0,-9148.0,-7723.0,28,0.01487588882446289,6
