z1,z2,z3,node,time,depth
-54.0,-48.0,-68.0,1,0.004213094711303711,1
-51.0,-51.0,-68.0,1,0.004260063171386719,1
-58.0,-53.0,-55.0,3,0.012575149536132812,3
-60.0,-45.0,-45.0,139,0.15239405632019043,14
-60.0,-44.0,-46.0,231,0.25121402740478516,8
-60.0,-50.0,-39.0,294,0.31497812271118164,11
-61.0,-47.0,-42.0,295,0.3173811435699463,6
-48.0,-59.0,-44.0,518,0.5540590286254883,15
-44.0,-60.0,-48.0,746,0.7532641887664795,13
-46.0,-39.0,-69.0,751,0.7601480484008789,9
-39.0,-46.0,-69.0,758,0.7677149772644043,13
-53.0,-55.0,-61.0,832,0.8227450847625732,10
-56.0,-54.0,-60.0,833,0.8232290744781494,9
-55.0,-57.0,-56.0,834,0.8259961605072021,5
-51.0,-54.0,-63.0,834,0.8260140419006348,5
-42.0,-59.0,-50.0,878,0.8806331157684326,13
-52.0,-58.0,-57.0,925,0.9307131767272949,9
-55.0,-50.0,-62.0,926,0.931143045425415,8
-59.0,-52.0,-55.0,927,0.9351241588592529,2
-46.0,-59.0,-45.0,970,0.994434118270874,13
-61.0,-42.0,-46.0,1050,1.0897951126098633,6
-57.0,-49.0,-59.0,1068,1.1076290607452393,8
-52.0,-53.0,-63.0,1070,1.1140990257263184,4
-40.0,-59.0,-51.0,1106,1.1563160419464111,13
-41.0,-41.0,-69.0,1127,1.1744401454925537,16
-49.0,-54.0,-64.0,1133,1.1780390739440918,9
-48.0,-57.0,-60.0,1134,1.1799030303955078,6
-48.0,-54.0,-65.0,1143,1.1933701038360596,4
-58.0,-48.0,-59.0,1144,1.1964499950408936,5
-60.0,-46.0,-43.0,1146,1.2018611431121826,7
-60.0,-35.0,-52.0,1173,1.2375831604003906,8
-62.0,-41.0,-44.0,1198,1.2553889751434326,11
-50.0,-58.0,-58.0,1262,1.312380075454712,10
-53.0,-50.0,-63.0,1264,1.3131930828094482,8
-53.0,-57.0,-57.0,1265,1.313575029373169,7
