z1,z2,z3,node,time,depth
-30.0,-61.0,-27.0,1,0.002087116241455078,1
-62.0,-38.0,-61.0,2,0.003885984420776367,2
-65.0,-38.0,-60.0,2,0.0038919448852539062,2
-53.0,-52.0,-48.0,6,0.01025700569152832,6
-52.0,-53.0,-47.0,20,0.01742100715637207,14
-58.0,-44.0,-55.0,360,0.20910215377807617,14
-57.0,-45.0,-54.0,398,0.23761916160583496,12
-46.0,-56.0,-41.0,555,0.37507200241088867,6
-33.0,-60.0,-28.0,573,0.39234209060668945,7
-45.0,-57.0,-40.0,598,0.41153812408447266,8
-63.0,-30.0,-61.0,752,0.5629439353942871,9
-67.0,-22.0,-67.0,771,0.5732710361480713,14
-62.0,-30.0,-62.0,804,0.5986471176147461,5
-54.0,-49.0,-45.0,838,0.6351211071014404,5
-60.0,-46.0,-53.0,857,0.6552541255950928,9
