z1,z2,z3,node,time,depth
-97.0,-35.0,-95.0,1,0.0031239986419677734,1
-75.0,-53.0,-79.0,1,0.0031430721282958984,1
-84.0,-46.0,-87.0,1,0.003144979476928711,1
-61.0,-60.0,-61.0,3,0.010123014450073242,2
-95.0,-34.0,-97.0,3,0.010138988494873047,2
-82.0,-47.0,-84.0,3,0.010145902633666992,2
-90.0,-41.0,-90.0,4,0.014695882797241211,3
-90.0,-39.0,-91.0,10,0.03413891792297363,4
-63.0,-59.0,-64.0,11,0.03798794746398926,4
-88.0,-42.0,-87.0,12,0.041368961334228516,4
-91.0,-39.0,-89.0,32,0.08060598373413086,5
-69.0,-55.0,-70.0,143,0.2260608673095703,7
-67.0,-56.0,-67.0,177,0.25890398025512695,7
-67.0,-54.0,-73.0,183,0.269758939743042,7
-88.0,-40.0,-92.0,409,0.4594700336456299,9
-60.0,-58.0,-66.0,445,0.4830949306488037,9
-57.0,-57.0,-68.0,445,0.48309803009033203,9
-95.0,-25.0,-99.0,665,0.6351940631866455,10
-90.0,-37.0,-94.0,673,0.641211986541748,10
-76.0,-50.0,-76.0,809,0.723336935043335,10
-97.0,-32.0,-98.0,886,0.7710170745849609,11
-99.0,-25.0,-96.0,901,0.778195858001709,11
-70.0,-54.0,-70.0,997,0.8411979675292969,11
-76.0,-48.0,-80.0,1109,0.9129040241241455,12
-89.0,-40.0,-91.0,1122,0.919456958770752,12
-98.0,-26.0,-95.0,1210,0.9801568984985352,13
-91.0,-38.0,-92.0,1214,0.9819619655609131,13
-98.0,-27.0,-92.0,1256,1.008862018585205,13
-64.0,-57.0,-60.0,1363,1.0686860084533691,14
-59.0,-60.0,-62.0,1404,1.0903899669647217,14
-78.0,-48.0,-72.0,1437,1.1061620712280273,14
-61.0,-59.0,-65.0,1540,1.1596870422363281,16
-65.0,-56.0,-68.0,1562,1.169792890548706,16
-68.0,-55.0,-72.0,1566,1.1716160774230957,16
-77.0,-48.0,-77.0,1594,1.1852869987487793,17
-77.0,-49.0,-74.0,1600,1.187757968902588,17
-65.0,-54.0,-74.0,1620,1.1960909366607666,18
-92.0,-36.0,-87.0,1622,1.1968920230865479,18
