z1,z2,z3,node,time,depth
-38.0,-30.0,-35.0,2,0.0023000240325927734,2
-34.0,-24.0,-40.0,2,0.0023109912872314453,2
-36.0,-23.0,-36.0,10,0.009341955184936523,4
-39.0,-24.0,-30.0,34,0.023720979690551758,6
-41.0,-23.0,-26.0,54,0.03360915184020996,7
-34.0,-31.0,-34.0,80,0.04349112510681152,8
-32.0,-31.0,-37.0,104,0.05271196365356445,9
