z1,z2,z3,node,time,depth
26341.0,21959.0,26771.0,1,0.032301902770996094,1
23880.0,24477.0,23712.0,1,0.03231501579284668,1
22651.0,25699.0,22519.0,1,0.03232884407043457,1
26203.0,22996.0,26243.0,5,0.1603078842163086,3
26423.0,22704.0,26178.0,22,1.226759910583496,6
26047.0,23425.0,26297.0,33,1.8533008098602295,7
25394.0,23639.0,25748.0,49,3.0695888996124268,9
24413.0,24306.0,24862.0,54,3.3388888835906982,10
