z1,z2,z3,node,time,depth
-17429.0,-19032.0,-21205.0,1,0.0016150474548339844,1
-17132.0,-18530.0,-21773.0,8,0.01082611083984375,4
-17157.0,-18539.0,-21561.0,9,0.012322187423706055,4
-18628.0,-18150.0,-20057.0,12,0.015726089477539062,4
-17679.0,-18054.0,-21211.0,14,0.0178220272064209,4
-18059.0,-18562.0,-20723.0,15,0.01888418197631836,4
-17257.0,-18063.0,-21804.0,18,0.02193617820739746,5
-17611.0,-18209.0,-21371.0,19,0.022899150848388672,5
-17529.0,-18556.0,-21448.0,20,0.023578166961669922,5
-18076.0,-18080.0,-20886.0,26,0.02952408790588379,5
-18456.0,-18588.0,-20398.0,27,0.0304410457611084,5
-17497.0,-18877.0,-21045.0,30,0.033251047134399414,5
-18297.0,-18280.0,-20701.0,49,0.049514055252075195,6
-18184.0,-18095.0,-20754.0,51,0.051203012466430664,6
-17369.0,-18455.0,-21455.0,63,0.06062912940979004,7
-17883.0,-18702.0,-21015.0,87,0.07799506187438965,7
-17951.0,-18547.0,-20855.0,107,0.09284305572509766,7
-17554.0,-18565.0,-21236.0,151,0.1222829818725586,8
-18008.0,-18235.0,-21046.0,151,0.12228512763977051,8
-17393.0,-18569.0,-21402.0,200,0.15244412422180176,9
-17963.0,-18313.0,-20817.0,318,0.23363113403320312,10
-17790.0,-18595.0,-21077.0,450,0.32015013694763184,12
-17634.0,-18429.0,-21348.0,492,0.3474130630493164,13
-17016.0,-18203.0,-21858.0,496,0.3501300811767578,13
-17288.0,-18696.0,-21502.0,498,0.35169410705566406,13
-17413.0,-18229.0,-21533.0,500,0.3533210754394531,13
-17702.0,-18274.0,-21188.0,510,0.3597860336303711,13
-18181.0,-17953.0,-20786.0,514,0.36254310607910156,13
-18453.0,-18446.0,-20430.0,522,0.3678290843963623,13
-18056.0,-18420.0,-20755.0,530,0.37343716621398926,13
-17999.0,-18776.0,-20620.0,562,0.39304018020629883,15
-17602.0,-18750.0,-20945.0,566,0.39542317390441895,15
