z1,z2,z3,node,time,depth
-12699.0,-10823.0,-11438.0,1,0.005212068557739258,1
-11049.0,-12923.0,-11394.0,1,0.005215167999267578,1
-10882.0,-12695.0,-11999.0,1,0.005219221115112305,1
-10699.0,-11871.0,-12416.0,1,0.0052220821380615234,1
-11596.0,-11303.0,-12390.0,1,0.00522613525390625,1
-11452.0,-12074.0,-12092.0,1,0.005228996276855469,1
-12453.0,-10686.0,-12190.0,1,0.005232095718383789,1
-10129.0,-12492.0,-12323.0,1,0.005236148834228516,1
-10659.0,-12427.0,-12382.0,1,0.005240201950073242,1
-11838.0,-12414.0,-10000.0,1,0.005243062973022461,1
-11619.0,-12302.0,-11487.0,1,0.0052471160888671875,1
-11639.0,-12632.0,-10704.0,1,0.005250215530395508,1
-12367.0,-11461.0,-11092.0,1,0.0052530765533447266,1
-11440.0,-11379.0,-12344.0,3,0.01129603385925293,3
-11201.0,-11389.0,-12217.0,22,0.03523612022399902,7
-11073.0,-11602.0,-12097.0,27,0.0423741340637207,4
-11865.0,-11671.0,-11779.0,27,0.0423891544342041,4
-12321.0,-10777.0,-11794.0,28,0.04506516456604004,5
-11956.0,-11519.0,-11180.0,28,0.04506802558898926,5
-11954.0,-11000.0,-11547.0,29,0.046560049057006836,6
-11498.0,-11894.0,-11532.0,49,0.07708215713500977,5
-12086.0,-10909.0,-11943.0,50,0.07846522331237793,6
-11472.0,-12404.0,-11309.0,72,0.10853219032287598,3
-12038.0,-10986.0,-11933.0,72,0.10853910446166992,3
-11983.0,-10827.0,-12099.0,72,0.10855722427368164,3
-11047.0,-12112.0,-11874.0,83,0.12365913391113281,5
-10968.0,-12239.0,-11805.0,104,0.15550518035888672,4
-11026.0,-11924.0,-12297.0,171,0.2693960666656494,2
-11883.0,-11307.0,-12097.0,171,0.26939916610717773,2
-11095.0,-11591.0,-12314.0,171,0.2694101333618164,2
-11627.0,-11654.0,-12032.0,172,0.2723970413208008,3
-11942.0,-11169.0,-11657.0,175,0.2767331600189209,5
-12229.0,-10964.0,-11347.0,225,0.3445701599121094,3
-12332.0,-11046.0,-11191.0,225,0.3446071147918701,3
-11401.0,-12615.0,-10957.0,225,0.34461116790771484,3
-11818.0,-12084.0,-10783.0,225,0.3446180820465088,3
-12000.0,-11684.0,-10845.0,227,0.3512401580810547,5
-11685.0,-11718.0,-11094.0,244,0.38134217262268066,5
-11271.0,-12664.0,-10350.0,258,0.40578413009643555,6
-11234.0,-12387.0,-11562.0,287,0.4620800018310547,4
-11897.0,-11602.0,-11001.0,287,0.46208715438842773,4
-10730.0,-12222.0,-12058.0,306,0.5007710456848145,6
-11161.0,-12217.0,-11695.0,345,0.5766861438751221,7
