z1,z2,z3,node,time,depth
65.0,79.0,44.0,1,0.02439594268798828,1
60.0,58.0,65.0,1,0.024403810501098633,1
53.0,70.0,56.0,1,0.02441096305847168,1
45.0,77.0,58.0,1,0.02441883087158203,1
88.0,52.0,53.0,1,0.024441957473754883,1
70.0,54.0,54.0,1,0.024509906768798828,1
92.0,78.0,52.0,2,0.05092597007751465,2
52.0,74.0,57.0,32,0.7509679794311523,6
102.0,74.0,51.0,83,1.9484589099884033,11
96.0,75.0,52.0,83,1.9485929012298584,11
