z1,z2,z3,node,time,depth
-9219.0,-9229.0,-8917.0,1,0.0006389617919921875,1
-8597.0,-9924.0,-8197.0,5,0.003206014633178711,3
-8432.0,-9995.0,-8240.0,16,0.009143829345703125,5
