z1,z2,z3,node,time,depth
-3750.0,-3461.0,-4076.0,1,0.003638029098510742,1
-2692.0,-3495.0,-4573.0,1,0.0036411285400390625,1
-4696.0,-2832.0,-3616.0,1,0.0036439895629882812,1
-4893.0,-2168.0,-2410.0,1,0.0036470890045166016,1
-4007.0,-3823.0,-3909.0,1,0.003650188446044922,1
-4420.0,-3806.0,-1452.0,1,0.0036530494689941406,1
-3404.0,-4580.0,-1601.0,1,0.003656148910522461,1
-4468.0,-3641.0,-3081.0,1,0.0036590099334716797,1
-3935.0,-4232.0,-2500.0,1,0.0036630630493164062,1
-4062.0,-4242.0,-1234.0,1,0.0036661624908447266,1
-3033.0,-3893.0,-4211.0,1,0.003668069839477539,1
-3094.0,-4517.0,-2101.0,1,0.0036711692810058594,1
-3166.0,-4108.0,-3510.0,1,0.003674030303955078,1
-3553.0,-4115.0,-3325.0,1,0.0036771297454833984,1
-4468.0,-3511.0,-3134.0,2,0.008439064025878906,2
-4211.0,-3777.0,-2958.0,2,0.008445978164672852,2
-2961.0,-4302.0,-2802.0,3,0.013103008270263672,2
-3638.0,-2866.0,-4113.0,4,0.01671600341796875,3
-4509.0,-3080.0,-2912.0,5,0.019648075103759766,3
-3659.0,-3877.0,-3826.0,5,0.019657135009765625,3
-3810.0,-3849.0,-3501.0,5,0.019674062728881836,3
-2901.0,-4277.0,-2816.0,6,0.022526025772094727,3
-3834.0,-3960.0,-2881.0,7,0.02507305145263672,3
-4158.0,-3088.0,-3227.0,10,0.03660106658935547,4
-4110.0,-3792.0,-2016.0,16,0.05232810974121094,5
-4052.0,-3091.0,-3625.0,18,0.059945106506347656,5
-3034.0,-4129.0,-2676.0,30,0.08124709129333496,5
-4513.0,-2836.0,-2764.0,34,0.09203910827636719,6
-3106.0,-3720.0,-4085.0,38,0.10094118118286133,6
-3970.0,-3840.0,-1410.0,49,0.11391901969909668,6
-3612.0,-4276.0,-1192.0,54,0.11928606033325195,6
-3805.0,-2910.0,-3936.0,74,0.15054607391357422,7
-4015.0,-3173.0,-3173.0,79,0.1573929786682129,7
-4062.0,-3151.0,-3416.0,86,0.16325116157531738,7
-4018.0,-3545.0,-3092.0,114,0.18902802467346191,8
-4052.0,-3148.0,-3539.0,116,0.1924591064453125,8
-2797.0,-3038.0,-4451.0,124,0.20568013191223145,8
