z1,z2,z3,node,time,depth
-37.0,-30.0,-39.0,16,0.01820206642150879,5
-22.0,-39.0,-19.0,78,0.05675506591796875,7
-37.0,-31.0,-37.0,120,0.07761716842651367,8
-21.0,-38.0,-22.0,128,0.08175802230834961,8
-26.0,-33.0,-26.0,134,0.08459711074829102,8
-27.0,-32.0,-26.0,146,0.09079718589782715,8
-26.0,-32.0,-28.0,190,0.11049914360046387,9
-26.0,-34.0,-25.0,196,0.11268115043640137,9
-28.0,-33.0,-23.0,240,0.12851619720458984,10
-39.0,-13.0,-42.0,260,0.1351940631866455,11
