z1,z2,z3,node,time,depth
55.0,108.0,56.0,1,0.04372596740722656,1
58.0,73.0,60.0,1,0.04374098777770996,1
78.0,58.0,79.0,1,0.0437929630279541,1
108.0,53.0,110.0,2,0.06620407104492188,2
106.0,53.0,112.0,2,0.06621408462524414,2
109.0,54.0,109.0,22,0.41254401206970215,14
107.0,54.0,111.0,28,0.4780290126800537,17
110.0,56.0,108.0,33,0.5598208904266357,12
77.0,63.0,75.0,106,1.828685998916626,4
104.0,57.0,109.0,127,2.1854350566864014,9
113.0,56.0,104.0,166,2.963109016418457,6
67.0,72.0,65.0,194,3.7786850929260254,7
68.0,71.0,64.0,207,4.03829288482666,7
75.0,68.0,76.0,208,4.05531907081604,8
73.0,68.0,80.0,222,4.303848028182983,10
76.0,69.0,75.0,224,4.3393778800964355,11
56.0,106.0,57.0,228,4.433837890625,13
57.0,105.0,58.0,232,4.55251407623291,16
65.0,101.0,59.0,269,5.052769899368286,14
