z1,z2,z3,node,time,depth
113.0,92.0,58.0,1,0.08570408821105957,1
93.0,59.0,80.0,1,0.08577704429626465,1
55.0,82.0,108.0,1,0.08588099479675293,1
54.0,85.0,112.0,1,0.0858910083770752,1
57.0,80.0,88.0,1,0.08594298362731934,1
88.0,68.0,59.0,1,0.08599400520324707,1
75.0,68.0,82.0,2,0.10496115684509277,2
72.0,70.0,81.0,2,0.10497117042541504,2
67.0,76.0,86.0,2,0.10500216484069824,2
70.0,74.0,87.0,25,0.3449680805206299,14
69.0,75.0,85.0,56,0.6214580535888672,14
84.0,95.0,70.0,57,0.65317702293396,15
90.0,65.0,76.0,104,1.2871379852294922,26
90.0,67.0,73.0,104,1.28714919090271,26
83.0,66.0,78.0,104,1.287170171737671,26
82.0,67.0,80.0,117,1.3959290981292725,30
93.0,63.0,74.0,146,1.67354416847229,30
97.0,65.0,71.0,146,1.6736171245574951,30
97.0,61.0,77.0,161,1.814985990524292,36
80.0,68.0,77.0,165,1.85585618019104,30
71.0,74.0,83.0,179,2.06941819190979,38
78.0,75.0,78.0,179,2.069439172744751,38
87.0,67.0,75.0,222,2.5228271484375,50
79.0,69.0,79.0,236,2.5958621501922607,52
79.0,71.0,76.0,239,2.618525981903076,50
76.0,76.0,80.0,239,2.618568181991577,50
87.0,69.0,72.0,245,2.6851091384887695,54
86.0,70.0,74.0,258,2.738985061645508,55
96.0,66.0,71.0,275,2.924808979034424,33
83.0,73.0,75.0,275,2.924830198287964,33
86.0,81.0,72.0,294,3.1631920337677,21
92.0,62.0,101.0,301,3.3266429901123047,2
69.0,69.0,93.0,301,3.3269331455230713,2
82.0,99.0,69.0,302,3.381608009338379,3
86.0,98.0,66.0,302,3.3816940784454346,3
86.0,93.0,69.0,307,3.478346109390259,6
81.0,103.0,73.0,316,3.586595058441162,12
87.0,92.0,70.0,318,3.6001620292663574,8
79.0,76.0,74.0,333,4.155977010726929,5
67.0,75.0,101.0,334,4.195598125457764,6
88.0,65.0,104.0,367,5.472799062728882,10
62.0,79.0,111.0,382,6.202177047729492,15
65.0,79.0,109.0,387,6.282002210617065,17
56.0,88.0,106.0,392,6.3336710929870605,21
66.0,78.0,112.0,395,6.372586011886597,18
