z1,z2,z3,node,time,depth
22875.0,19964.0,22515.0,1,0.027385950088500977,1
20552.0,22062.0,20629.0,1,0.027400970458984375,1
19980.0,22962.0,19760.0,1,0.02741694450378418,1
19648.0,24190.0,19274.0,1,0.027431964874267578,1
21140.0,21676.0,22216.0,13,0.4695899486541748,4
22375.0,21006.0,22114.0,23,0.8146929740905762,6
20995.0,22001.0,20834.0,23,0.8147377967834473,6
