z1,z2,z3,node,time,depth
80.0,60.0,71.0,1,0.14989686012268066,1
76.0,65.0,67.0,1,0.14996099472045898,1
64.0,91.0,63.0,1,0.15030407905578613,1
54.0,103.0,106.0,1,0.1503450870513916,1
65.0,78.0,65.0,1,0.15044808387756348,1
61.0,79.0,77.0,1,0.15079998970031738,1
74.0,51.0,87.0,1,0.15081000328063965,1
56.0,103.0,99.0,2,0.20338201522827148,2
57.0,107.0,94.0,2,0.20339202880859375,2
84.0,112.0,59.0,2,0.2034130096435547,2
88.0,106.0,59.0,2,0.20342302322387695,2
59.0,111.0,90.0,4,0.29291391372680664,4
58.0,113.0,90.0,83,2.711361885070801,4
58.0,102.0,96.0,83,2.71156907081604,4
58.0,105.0,94.0,136,4.311538934707642,6
90.0,105.0,60.0,442,14.396314859390259,3
91.0,100.0,61.0,442,14.39635705947876,3
99.0,90.0,64.0,442,14.396367073059082,3
67.0,72.0,74.0,442,14.396409034729004,3
59.0,102.0,92.0,442,14.396419048309326,3
60.0,103.0,89.0,442,14.396429061889648,3
89.0,102.0,61.0,460,15.058677911758423,6
60.0,90.0,102.0,632,22.54380202293396,4
81.0,104.0,61.0,632,22.543884992599487,4
85.0,101.0,62.0,632,22.54389500617981,4
77.0,108.0,62.0,632,22.54393696784973,4
64.0,79.0,71.0,632,22.543946981430054,4
60.0,108.0,85.0,632,22.543988943099976,4
60.0,95.0,96.0,633,22.59799599647522,5
60.0,100.0,94.0,749,27.862133979797363,9
60.0,94.0,100.0,754,28.214130878448486,6
55.0,107.0,100.0,756,28.371420860290527,5
59.0,98.0,106.0,807,31.252017974853516,7
56.0,102.0,108.0,866,34.24571204185486,23
95.0,98.0,61.0,882,34.95856499671936,6
71.0,73.0,67.0,882,34.95858597755432,6
94.0,97.0,62.0,892,35.80165886878967,9
72.0,71.0,103.0,899,36.40815091133118,8
56.0,106.0,98.0,931,37.7448890209198,7
70.0,76.0,67.0,931,37.74500298500061,7
57.0,102.0,105.0,993,41.07306504249573,8
