z1,z2,z3,node,time,depth
-8625.0,-8729.0,-8081.0,5,0.0023300647735595703,5
-8768.0,-9140.0,-7821.0,28,0.010518074035644531,8
-9073.0,-8886.0,-7406.0,41,0.015232086181640625,7
-8579.0,-8851.0,-8082.0,48,0.018126964569091797,6
-8207.0,-8873.0,-8221.0,50,0.018876075744628906,3
-7747.0,-9163.0,-8085.0,53,0.020101070404052734,6
-8396.0,-9162.0,-7960.0,62,0.023699045181274414,8
-8351.0,-9263.0,-7880.0,85,0.03348803520202637,5
