z1,z2,z3,node,time,depth
7670.0,7511.0,7110.0,1,0.05127882957458496,1
6495.0,9013.0,7089.0,1,0.0513148307800293,1
7374.0,6810.0,8500.0,1,0.05133199691772461,1
8939.0,7229.0,6252.0,1,0.051358938217163086,1
6362.0,11093.0,9477.0,1,0.05138587951660156,1
6374.0,10843.0,9547.0,1,0.051393985748291016,1
9293.0,6292.0,11381.0,1,0.05141186714172363,1
9503.0,6492.0,10910.0,2,0.09456801414489746,2
7698.0,7004.0,8112.0,3,0.11820387840270996,2
7163.0,7369.0,8366.0,4,0.1658918857574463,3
6936.0,8466.0,11427.0,5,0.18975281715393066,3
6959.0,8627.0,11176.0,5,0.18976092338562012,3
8624.0,6772.0,11181.0,6,0.24593687057495117,3
11772.0,9680.0,6088.0,8,0.29602694511413574,4
9055.0,6759.0,11024.0,8,0.29608702659606934,4
8920.0,6761.0,11113.0,8,0.2960939407348633,4
7157.0,8284.0,11153.0,10,0.3613460063934326,4
9066.0,6742.0,10979.0,14,0.5246729850769043,4
10298.0,6808.0,9669.0,15,0.5438218116760254,4
7300.0,7887.0,7646.0,16,0.592871904373169,5
7818.0,8627.0,6781.0,30,1.1119179725646973,6
8571.0,8323.0,6812.0,30,1.111982822418213,6
9273.0,6361.0,11317.0,62,2.1669929027557373,7
11879.0,9133.0,6219.0,70,2.435739040374756,8
11756.0,9683.0,6135.0,71,2.454124927520752,8
6479.0,10881.0,9490.0,140,4.6955788135528564,11
6814.0,8824.0,11202.0,141,4.861363887786865,11
7035.0,8642.0,10928.0,168,5.902022838592529,12
6837.0,8985.0,10951.0,223,7.712066888809204,14
6491.0,10631.0,9560.0,223,7.712131023406982,14
7058.0,8803.0,10677.0,223,7.71220588684082,14
9483.0,6561.0,10846.0,307,10.062692880630493,16
6439.0,10613.0,9737.0,364,11.246433019638062,19
