z1,z2,z3,node,time,depth
-10298.0,-7890.0,-9932.0,1,0.0007731914520263672,1
-10149.0,-7722.0,-10090.0,3,0.002073049545288086,3
-9919.0,-7737.0,-10812.0,33,0.013589143753051758,7
-9828.0,-7758.0,-10915.0,35,0.014449119567871094,2
-9994.0,-8292.0,-10165.0,108,0.04251718521118164,6
