z1,z2,z3,node,time,depth
-32.0,-19.0,-32.0,1,0.0017979145050048828,1
-32.0,-20.0,-29.0,2,0.003834962844848633,2
-21.0,-22.0,-30.0,55,0.035060882568359375,8
-27.0,-17.0,-35.0,56,0.036067962646484375,3
-27.0,-24.0,-22.0,99,0.05748486518859863,5
-23.0,-23.0,-29.0,108,0.06243896484375,11
-17.0,-23.0,-31.0,113,0.06457686424255371,10
-24.0,-24.0,-26.0,120,0.06796097755432129,11
-22.0,-26.0,-25.0,128,0.07229995727539062,9
-29.0,-20.0,-33.0,143,0.08025503158569336,7
-26.0,-22.0,-28.0,148,0.08554196357727051,5
-27.0,-23.0,-25.0,148,0.08554387092590332,5
-24.0,-26.0,-21.0,222,0.12177300453186035,11
-28.0,-24.0,-18.0,226,0.1234428882598877,9
-25.0,-25.0,-24.0,236,0.12832283973693848,11
-28.0,-22.0,-24.0,239,0.12943387031555176,10
-29.0,-23.0,-21.0,242,0.1306159496307373,9
-33.0,-15.0,-21.0,291,0.15756702423095703,6
