z1,z2,z3,node,time,depth
-10020.0,-10412.0,-8350.0,1,0.0010149478912353516,1
-9470.0,-10358.0,-9206.0,1,0.0010159015655517578,1
-10095.0,-10074.0,-8483.0,5,0.004685878753662109,3
-10166.0,-9889.0,-8875.0,18,0.010416984558105469,5
-9684.0,-10169.0,-8688.0,30,0.014967918395996094,6
