z1,z2,z3,node,time,depth
64.0,76.0,44.0,1,0.022773027420043945,1
54.0,63.0,52.0,1,0.02279496192932129,1
51.0,82.0,72.0,3,0.09323406219482422,2
51.0,81.0,73.0,3,0.09324193000793457,2
67.0,61.0,87.0,3,0.09324908256530762,2
49.0,77.0,94.0,5,0.16958308219909668,3
51.0,77.0,87.0,5,0.16960501670837402,3
53.0,76.0,72.0,14,0.46548891067504883,4
53.0,77.0,71.0,14,0.46563005447387695,4
