z1,z2,z3,node,time,depth
-10279.0,-7390.0,-10301.0,3,0.001806020736694336,2
-10692.0,-6745.0,-10966.0,3,0.0018069744110107422,2
-10917.0,-7060.0,-10736.0,4,0.0023190975189208984,3
-10504.0,-7705.0,-10071.0,9,0.004728078842163086,4
-10364.0,-7575.0,-10113.0,32,0.016927003860473633,6
-10777.0,-6930.0,-10778.0,46,0.02452397346496582,7
