z1,z2,z3,node,time,depth
-32.0,-25.0,-24.0,1,0.0016651153564453125,1
-29.0,-26.0,-29.0,1,0.0016660690307617188,1
-11.0,-38.0,-24.0,1,0.0016710758209228516,1
-26.0,-32.0,-24.0,5,0.0073680877685546875,3
-23.0,-33.0,-29.0,5,0.0073699951171875,3
-12.0,-30.0,-31.0,5,0.007375001907348633,3
-11.0,-34.0,-28.0,10,0.013112068176269531,4
-23.0,-29.0,-32.0,14,0.017446041107177734,5
-25.0,-18.0,-30.0,17,0.019968032836914062,5
-12.0,-34.0,-27.0,23,0.025323152542114258,5
-14.0,-37.0,-19.0,23,0.025326967239379883,5
-25.0,-30.0,-27.0,26,0.02787494659423828,6
-26.0,-28.0,-27.0,46,0.03788495063781738,7
-13.0,-35.0,-23.0,102,0.06016802787780762,11
