z1,z2,z3,node,time,depth
-20.0,-46.0,-20.0,1,0.0008671283721923828,1
-22.0,-39.0,-22.0,16,0.013879060745239258,5
-21.0,-40.0,-22.0,17,0.01442408561706543,5
-22.0,-42.0,-21.0,17,0.014425039291381836,5
-25.0,-41.0,-19.0,32,0.024426937103271484,6
