z1,z2,z3,node,time,depth
-7457.0,-5689.0,-7305.0,1,0.003038167953491211,1
-4382.0,-7683.0,-4969.0,1,0.003086090087890625,1
-4329.0,-7764.0,-4776.0,3,0.009077072143554688,2
-8056.0,-4382.0,-7585.0,4,0.01276707649230957,3
-8049.0,-4210.0,-7777.0,4,0.012772083282470703,3
-5125.0,-7089.0,-5540.0,12,0.04070711135864258,4
-8402.0,-1882.0,-7846.0,20,0.06245112419128418,5
-8072.0,-4104.0,-7561.0,32,0.09096622467041016,6
-6806.0,-6377.0,-6636.0,33,0.0934901237487793,6
-5911.0,-7053.0,-6137.0,33,0.09350919723510742,6
-4974.0,-7409.0,-5409.0,54,0.14776110649108887,6
-5224.0,-7088.0,-5275.0,55,0.1495990753173828,6
-6860.0,-5777.0,-6669.0,81,0.19979310035705566,7
-6616.0,-6623.0,-6710.0,108,0.24373507499694824,8
-6562.0,-6365.0,-6806.0,109,0.2453470230102539,8
-8126.0,-3504.0,-7594.0,147,0.31775617599487305,8
-4294.0,-7556.0,-4983.0,163,0.33405113220214844,8
-7369.0,-5226.0,-7350.0,212,0.3906211853027344,9
-7511.0,-5089.0,-7338.0,213,0.3924131393432617,9
-6616.0,-5765.0,-6839.0,213,0.3924221992492676,9
-7527.0,-4811.0,-7314.0,215,0.3969740867614746,9
-7534.0,-4983.0,-7122.0,215,0.3969759941101074,9
-5111.0,-7209.0,-5336.0,398,0.5971062183380127,11
-5215.0,-7059.0,-5452.0,399,0.5977261066436768,11
-7423.0,-4962.0,-7352.0,437,0.637188196182251,11
-5770.0,-6734.0,-6173.0,479,0.6854162216186523,11
-6670.0,-6023.0,-6743.0,554,0.7524511814117432,12
-6610.0,-6098.0,-6803.0,555,0.7533071041107178,12
-6626.0,-5820.0,-6779.0,703,0.8746140003204346,13
-5034.0,-7334.0,-5349.0,758,0.9150130748748779,13
-7838.0,-4281.0,-7710.0,902,1.0199880599975586,15
-5087.0,-7253.0,-5542.0,998,1.0835762023925781,15
-4999.0,-7126.0,-5556.0,1000,1.0850000381469727,15
-8131.0,-3484.0,-7612.0,1060,1.1206870079040527,16
-6686.0,-5745.0,-6719.0,1068,1.1261181831359863,16
-5204.0,-7168.0,-5426.0,1104,1.1511211395263672,16
-5171.0,-7181.0,-5490.0,1200,1.2065651416778564,17
-8337.0,-1773.0,-7884.0,1264,1.243476152420044,18
-8228.0,-1943.0,-7750.0,1274,1.2484321594238281,18
-8443.0,-1813.0,-7855.0,1340,1.2794721126556396,19
-5228.0,-7124.0,-5220.0,1360,1.2892570495605469,20
-5248.0,-7056.0,-5477.0,1386,1.2998700141906738,21
-3666.0,-7767.0,-4116.0,1402,1.3055992126464844,21
