z1,z2,z3,node,time,depth
-36.0,-42.0,-41.0,1,0.0012278556823730469,1
-40.0,-38.0,-37.0,94,0.03454184532165527,5
-43.0,-39.0,-36.0,102,0.03755497932434082,8
-42.0,-36.0,-39.0,123,0.046591997146606445,9
-40.0,-36.0,-41.0,128,0.04839301109313965,8
-45.0,-37.0,-38.0,133,0.050282955169677734,7
-38.0,-40.0,-43.0,172,0.0661158561706543,6
