z1,z2,z3,node,time,depth
-17289.0,-15828.0,-17021.0,1,0.002153158187866211,1
-18687.0,-14830.0,-17418.0,1,0.0021631717681884766,1
-17845.0,-14429.0,-18136.0,3,0.006300210952758789,2
-17376.0,-14696.0,-18123.0,3,0.006301164627075195,2
-18208.0,-15183.0,-17091.0,3,0.006308078765869141,2
-18068.0,-14895.0,-17788.0,3,0.006322145462036133,2
-18279.0,-15179.0,-17067.0,5,0.011284112930297852,3
-18139.0,-14891.0,-17764.0,5,0.01132512092590332,3
-17182.0,-15696.0,-17118.0,6,0.013911008834838867,3
-17739.0,-15450.0,-17078.0,7,0.016000986099243164,3
-17758.0,-15561.0,-17034.0,9,0.02017521858215332,4
-17956.0,-14352.0,-17953.0,10,0.021944046020507812,4
-17599.0,-15162.0,-17775.0,15,0.03096318244934082,4
-18464.0,-14364.0,-17766.0,17,0.03390312194824219,5
-17801.0,-15631.0,-16748.0,34,0.05391716957092285,6
-18218.0,-15097.0,-17405.0,69,0.08497118949890137,7
-18179.0,-14818.0,-17605.0,77,0.09051299095153809,7
-17370.0,-14850.0,-18134.0,113,0.11578011512756348,8
-17221.0,-15622.0,-17158.0,162,0.15245604515075684,9
-17661.0,-15343.0,-17445.0,165,0.15383505821228027,9
-17627.0,-15173.0,-17700.0,226,0.19087505340576172,10
-17701.0,-15270.0,-17286.0,233,0.19509005546569824,10
-18236.0,-15194.0,-17016.0,240,0.2003769874572754,10
-18168.0,-14903.0,-17490.0,258,0.2101881504058838,10
-17690.0,-15355.0,-17171.0,294,0.22818803787231445,11
-18096.0,-14906.0,-17713.0,298,0.22991108894348145,11
-18207.0,-15182.0,-17290.0,306,0.23532700538635254,11
-18247.0,-15109.0,-17131.0,312,0.23758316040039062,11
-17699.0,-15170.0,-17477.0,324,0.2434241771697998,11
-17588.0,-15247.0,-17660.0,340,0.2503631114959717,11
-17628.0,-15174.0,-17501.0,346,0.2532491683959961,11
-16891.0,-15203.0,-17807.0,349,0.25498008728027344,11
-18107.0,-14821.0,-17828.0,358,0.25867414474487305,12
-17767.0,-15461.0,-17003.0,366,0.2624220848083496,12
-17148.0,-15526.0,-17373.0,388,0.27280712127685547,12
-17884.0,-14355.0,-18176.0,394,0.27573108673095703,13
-17405.0,-14708.0,-17849.0,412,0.28426599502563477,13
