z1,z2,z3,node,time,depth
-13481.0,-14713.0,-13680.0,40,0.022758007049560547,6
-13976.0,-14427.0,-14156.0,43,0.024332046508789062,6
-14781.0,-13883.0,-13917.0,51,0.028886079788208008,6
-14613.0,-13796.0,-13960.0,85,0.04676699638366699,7
-13948.0,-14612.0,-13335.0,112,0.05872297286987305,8
-14116.0,-14699.0,-13292.0,120,0.06303906440734863,8
-15169.0,-14027.0,-13466.0,158,0.08245301246643066,9
-14611.0,-14413.0,-13768.0,178,0.09238004684448242,9
-15132.0,-13621.0,-13683.0,188,0.09870100021362305,9
-14497.0,-13635.0,-14071.0,246,0.1268291473388672,10
-14665.0,-13722.0,-14028.0,248,0.12748503684997559,10
-14782.0,-14510.0,-13103.0,270,0.13823604583740234,11
-14950.0,-14597.0,-13060.0,280,0.14328408241271973,11
-15471.0,-13805.0,-12975.0,290,0.14897704124450684,11
-14352.0,-14374.0,-13929.0,308,0.1567380428314209,12
-14520.0,-14461.0,-13886.0,318,0.16117000579833984,12
-15041.0,-13669.0,-13801.0,328,0.16548514366149902,12
