z1,z2,z3,node,time,depth
10244.0,4867.0,7861.0,1,0.015377044677734375,1
6399.0,6371.0,5098.0,1,0.015382051467895508,1
7451.0,4991.0,5698.0,1,0.01538705825805664,1
7210.0,6974.0,4623.0,1,0.015392065048217773,1
8153.0,6506.0,4807.0,1,0.015397071838378906,1
9955.0,8724.0,4445.0,1,0.015402078628540039,1
6303.0,5900.0,6306.0,1,0.015417098999023438,1
9395.0,8807.0,4587.0,19,0.21011614799499512,8
7102.0,6331.0,5462.0,57,0.4603080749511719,3
