z1,z2,z3,node,time,depth
-44.0,-42.0,-23.0,1,0.004354000091552734,1
-41.0,-43.0,-35.0,1,0.004357099533081055,1
-30.0,-43.0,-36.0,1,0.004361152648925781,1
-27.0,-33.0,-47.0,1,0.004364013671875,1
-53.0,-38.0,-22.0,1,0.00436711311340332,1
-52.0,-39.0,-23.0,1,0.004370212554931641,1
-43.0,-28.0,-45.0,1,0.004373073577880859,1
-47.0,-25.0,-40.0,1,0.00437617301940918,1
-50.0,-20.0,-36.0,1,0.0043790340423583984,1
-31.0,-42.0,-41.0,1,0.004382133483886719,1
-53.0,-31.0,-31.0,1,0.0043849945068359375,1
-52.0,-32.0,-32.0,1,0.004388093948364258,1
-37.0,-29.0,-48.0,1,0.004391193389892578,1
-36.0,-33.0,-46.0,1,0.004394054412841797,1
-44.0,-38.0,-41.0,1,0.004397153854370117,1
-40.0,-19.0,-46.0,2,0.010657072067260742,2
-50.0,-21.0,-34.0,2,0.010660171508789062,2
-41.0,-29.0,-42.0,2,0.010666131973266602,2
-37.0,-32.0,-45.0,2,0.010684013366699219,2
-33.0,-36.0,-44.0,2,0.01069021224975586,2
-35.0,-38.0,-42.0,2,0.010696172714233398,2
-32.0,-40.0,-42.0,2,0.010699033737182617,2
-33.0,-35.0,-45.0,3,0.017525196075439453,2
-33.0,-37.0,-43.0,3,0.017528057098388672,2
-39.0,-35.0,-42.0,6,0.03772902488708496,3
-42.0,-41.0,-27.0,77,0.1175081729888916,5
-38.0,-25.0,-46.0,93,0.1312570571899414,5
-48.0,-35.0,-36.0,101,0.14166021347045898,5
-36.0,-40.0,-36.0,168,0.19767117500305176,7
-35.0,-39.0,-37.0,205,0.22437620162963867,8
