z1,z2,z3,node,time,depth
-3919.0,-2766.0,-4212.0,1,0.0010340213775634766,1
-4348.0,-3200.0,-3851.0,139,0.056696176528930664,9
-4283.0,-2741.0,-4019.0,145,0.05891704559326172,6
-4426.0,-3124.0,-3770.0,160,0.06383204460144043,6
-4109.0,-2952.0,-3907.0,161,0.06456518173217773,2
-4473.0,-2927.0,-3714.0,161,0.06456613540649414,2
-4538.0,-3386.0,-3546.0,176,0.07230901718139648,8
-4620.0,-3416.0,-3067.0,190,0.07944607734680176,6
