z1,z2,z3,node,time,depth
106.0,97.0,75.0,1,0.09354019165039062,1
103.0,91.0,80.0,1,0.0935511589050293,1
84.0,97.0,90.0,1,0.09361600875854492,1
93.0,110.0,70.0,1,0.0936272144317627,1
101.0,87.0,96.0,1,0.0936591625213623,1
78.0,92.0,105.0,1,0.09368109703063965,1
129.0,84.0,107.0,1,0.09374523162841797,1
95.0,89.0,99.0,2,0.17717313766479492,2
132.0,85.0,104.0,5,0.3458371162414551,3
87.0,108.0,82.0,8,0.4493582248687744,4
129.0,86.0,103.0,12,0.5420432090759277,4
96.0,94.0,88.0,16,0.7318670749664307,5
93.0,95.0,93.0,16,0.7318780422210693,5
125.0,86.0,111.0,27,0.850715160369873,5
126.0,85.0,109.0,27,0.8507471084594727,5
82.0,129.0,103.0,38,1.1427350044250488,6
