z1,z2,z3,node,time,depth
-7220.0,-5564.0,-7473.0,1,0.002274036407470703,1
-7538.0,-5366.0,-7284.0,1,0.0022759437561035156,1
-6177.0,-5162.0,-7665.0,6,0.012485027313232422,3
-6551.0,-5735.0,-7167.0,13,0.024165868759155273,4
-6495.0,-4964.0,-7476.0,25,0.04280686378479004,5
-6589.0,-5615.0,-7008.0,57,0.08237886428833008,6
-6411.0,-5122.0,-7529.0,60,0.0843360424041748,6
-6663.0,-4855.0,-7620.0,62,0.0877079963684082,6
-7230.0,-5605.0,-6150.0,70,0.09632396697998047,7
-6115.0,-6041.0,-5504.0,143,0.17233800888061523,8
-5769.0,-5974.0,-5822.0,469,0.43115687370300293,10
-7596.0,-5394.0,-6162.0,632,0.5259089469909668,11
-7110.0,-5701.0,-6207.0,634,0.5266220569610596,11
-6833.0,-5773.0,-6715.0,724,0.5772280693054199,11
-7005.0,-5623.0,-6397.0,874,0.6524810791015625,12
-7278.0,-5592.0,-6351.0,884,0.657667875289917,12
-6612.0,-5816.0,-6452.0,900,0.6668639183044434,12
-6010.0,-5963.0,-5694.0,928,0.6815929412841797,12
-6696.0,-5567.0,-6916.0,1034,0.7383110523223877,12
-6978.0,-5605.0,-6464.0,1066,0.7528998851776123,13
-6792.0,-5899.0,-6396.0,1074,0.7565340995788574,13
-6180.0,-5939.0,-5278.0,1104,0.770035982131958,13
-5922.0,-5955.0,-5959.0,1150,0.7902638912200928,13
-6599.0,-5813.0,-6851.0,1154,0.7916738986968994,13
-6917.0,-5615.0,-6662.0,1164,0.7951810359954834,13
-6363.0,-4868.0,-7733.0,1182,0.8033549785614014,13
-6161.0,-5950.0,-5931.0,1220,0.820106029510498,14
-7600.0,-4688.0,-6531.0,1252,0.8339118957519531,14
-4984.0,-6044.0,-4642.0,1274,0.8428499698638916,15
-6830.0,-5779.0,-6237.0,1300,0.853489875793457,16
