z1,z2,z3,node,time,depth
-50.0,-54.0,-66.0,1,0.007714986801147461,1
-45.0,-56.0,-68.0,1,0.007793903350830078,1
-43.0,-53.0,-72.0,1,0.007833003997802734,1
-61.0,-35.0,-56.0,3,0.022871971130371094,2
-46.0,-48.0,-72.0,4,0.02999091148376465,3
-51.0,-46.0,-70.0,4,0.030022859573364258,3
-52.0,-49.0,-64.0,7,0.054326772689819336,3
-47.0,-49.0,-71.0,9,0.06521391868591309,4
-59.0,-34.0,-61.0,11,0.07511496543884277,4
-47.0,-50.0,-70.0,14,0.09102296829223633,4
-50.0,-48.0,-70.0,16,0.10039997100830078,5
-49.0,-53.0,-67.0,17,0.10510778427124023,5
-51.0,-47.0,-69.0,24,0.1349039077758789,5
-56.0,-46.0,-63.0,24,0.1349167823791504,5
-61.0,-34.0,-57.0,40,0.19505000114440918,6
-60.0,-39.0,-55.0,41,0.19867587089538574,6
-58.0,-42.0,-53.0,85,0.3167898654937744,7
-50.0,-49.0,-69.0,95,0.3385438919067383,7
-57.0,-43.0,-51.0,125,0.3962879180908203,8
-62.0,-29.0,-46.0,167,0.4616978168487549,8
-51.0,-49.0,-68.0,210,0.5274817943572998,9
-56.0,-45.0,-64.0,224,0.5502758026123047,9
-46.0,-54.0,-69.0,352,0.7099378108978271,10
-46.0,-51.0,-70.0,390,0.7479939460754395,10
-52.0,-50.0,-54.0,435,0.7896149158477783,10
-57.0,-37.0,-60.0,493,0.8527779579162598,10
-62.0,-30.0,-41.0,502,0.8603239059448242,10
-54.0,-48.0,-66.0,558,0.9027838706970215,11
-50.0,-51.0,-67.0,580,0.9231698513031006,11
-49.0,-50.0,-68.0,582,0.9245069026947021,11
-58.0,-41.0,-56.0,645,0.9771819114685059,11
-48.0,-48.0,-71.0,656,0.9859638214111328,11
-47.0,-47.0,-72.0,660,0.9880518913269043,11
-46.0,-55.0,-68.0,678,0.998898983001709,11
-43.0,-50.0,-73.0,722,1.035057783126831,11
-51.0,-50.0,-67.0,854,1.1256909370422363,12
-57.0,-36.0,-61.0,1012,1.2210237979888916,13
-27.0,-55.0,-69.0,1106,1.271357774734497,14
-59.0,-40.0,-52.0,1131,1.2842769622802734,14
-57.0,-40.0,-58.0,1137,1.2891619205474854,14
-30.0,-58.0,-61.0,1190,1.3176298141479492,14
-30.0,-57.0,-65.0,1212,1.3287808895111084,15
-33.0,-57.0,-64.0,1290,1.3676989078521729,16
-36.0,-57.0,-60.0,1352,1.3976478576660156,17
-58.0,-36.0,-60.0,1374,1.408423900604248,17
-59.0,-37.0,-59.0,1404,1.4212889671325684,18
-60.0,-38.0,-57.0,1408,1.4228508472442627,18
-62.0,-28.0,-47.0,1442,1.4367828369140625,21
