z1,z2,z3,node,time,depth
-1985.0,-3575.0,-1462.0,4,0.0043430328369140625,4
-3678.0,-3200.0,-3091.0,15,0.01027989387512207,11
-2539.0,-3239.0,-2104.0,70,0.04009199142456055,9
-1975.0,-3603.0,-1469.0,84,0.04907989501953125,11
-1884.0,-3784.0,-1433.0,87,0.05022597312927246,10
-3560.0,-3101.0,-3201.0,217,0.11578702926635742,9
-4189.0,-2569.0,-3812.0,295,0.16002988815307617,5
-4347.0,-2383.0,-3877.0,315,0.16990208625793457,7
-4215.0,-2556.0,-3872.0,330,0.1789240837097168,6
-4765.0,-953.0,-4431.0,361,0.19327306747436523,10
-4660.0,-1031.0,-4428.0,365,0.19566798210144043,8
-4633.0,-1126.0,-4426.0,387,0.20591998100280762,6
