z1,z2,z3,node,time,depth
72.0,61.0,46.0,1,0.01658797264099121,1
48.0,60.0,53.0,1,0.01660895347595215,1
49.0,57.0,84.0,1,0.016633987426757812,1
65.0,57.0,47.0,1,0.016638994216918945,1
88.0,55.0,62.0,1,0.016670942306518555,1
55.0,58.0,83.0,14,0.05280494689941406,6
51.0,59.0,72.0,31,0.13089680671691895,3
46.0,76.0,79.0,31,0.13090181350708008,3
