z1,z2,z3,node,time,depth
-18430.0,-18474.0,-18635.0,1,0.0007979869842529297,1
-17881.0,-19010.0,-18710.0,1,0.0008039474487304688,1
-17325.0,-18969.0,-18942.0,30,0.018529891967773438,4
-17874.0,-18433.0,-18867.0,30,0.018532991409301758,4
-17594.0,-18728.0,-19301.0,131,0.0749509334564209,8
