z1,z2,z3,node,time,depth
-9268.0,-8431.0,-8651.0,1,0.0011048316955566406,1
-8730.0,-8233.0,-8696.0,40,0.02402496337890625,7
