z1,z2,z3,node,time,depth
-19705.0,-17297.0,-16908.0,4,0.0054700374603271484,4
-19307.0,-17754.0,-17680.0,310,0.18285298347473145,14
-18584.0,-18092.0,-18142.0,326,0.1936500072479248,14
-19268.0,-18022.0,-17247.0,401,0.23475193977355957,8
-19810.0,-16790.0,-16746.0,458,0.2698400020599365,8
-19988.0,-17192.0,-16726.0,474,0.27880191802978516,9
-19361.0,-18144.0,-16842.0,609,0.3558230400085449,5
-18638.0,-18482.0,-17304.0,609,0.35582494735717773,5
-19006.0,-17801.0,-17570.0,625,0.3668999671936035,13
-19590.0,-17649.0,-17498.0,638,0.37532806396484375,14
-19412.0,-17247.0,-17518.0,650,0.38129496574401855,12
-18867.0,-17987.0,-17960.0,664,0.3906528949737549,14
-18468.0,-17878.0,-18283.0,707,0.4160299301147461,4
-18751.0,-17773.0,-18101.0,720,0.4240379333496094,6
-18770.0,-18097.0,-17065.0,800,0.4734830856323242,4
-17772.0,-17584.0,-18449.0,1419,0.8523430824279785,7
-17683.0,-17142.0,-18504.0,1597,0.9549169540405273,13
-17533.0,-17178.0,-18558.0,1628,0.9722990989685059,9
-17861.0,-17544.0,-18484.0,1635,0.9763939380645752,11
-17877.0,-17077.0,-18287.0,1649,0.9862160682678223,8
-17966.0,-17037.0,-18322.0,1690,1.0121090412139893,12
