z1,z2,z3,node,time,depth
-42.0,-37.0,-34.0,1,0.0015499591827392578,1
-28.0,-42.0,-42.0,1,0.0015540122985839844,1
-35.0,-41.0,-35.0,208,0.10514283180236816,9
-36.0,-40.0,-36.0,216,0.10764694213867188,9
-43.0,-28.0,-24.0,224,0.1101069450378418,10
