z1,z2,z3,node,time,depth
16819.0,19586.0,17647.0,1,0.010511159896850586,1
21131.0,15478.0,21711.0,1,0.010519027709960938,1
19924.0,16563.0,20307.0,1,0.010525941848754883,1
19091.0,18573.0,17459.0,1,0.010534048080444336,1
17377.0,19370.0,17783.0,2,0.02171015739440918,2
18984.0,18059.0,18562.0,8,0.09414005279541016,4
20543.0,17117.0,19941.0,8,0.0941469669342041,4
17722.0,19064.0,17991.0,8,0.0941619873046875,4
19156.0,17993.0,18677.0,13,0.14613008499145508,5
