z1,z2,z3,node,time,depth
19372.0,17249.0,17187.0,1,0.010766983032226562,1
19718.0,18345.0,16589.0,1,0.010775089263916016,1
18091.0,19472.0,16231.0,1,0.010782003402709961,1
18090.0,19269.0,19220.0,1,0.010790109634399414,1
18139.0,18125.0,20448.0,1,0.010797977447509766,1
18285.0,19227.0,18194.0,4,0.031855106353759766,3
18882.0,17979.0,18339.0,9,0.05357098579406738,5
