z1,z2,z3,node,time,depth
6990.0,9762.0,5122.0,1,0.030412912368774414,1
6931.0,7612.0,7751.0,1,0.030431032180786133,1
9302.0,6371.0,7031.0,1,0.030438899993896484,1
7594.0,6987.0,8536.0,1,0.030447006225585938,1
8633.0,6643.0,7244.0,1,0.03045487403869629,1
7786.0,7300.0,7465.0,35,1.038470983505249,2
9158.0,9640.0,6666.0,66,1.571678876876831,6
9476.0,9524.0,6473.0,66,1.5717918872833252,6
9577.0,9368.0,6949.0,76,1.867182970046997,10
9850.0,9521.0,6677.0,103,2.1877429485321045,10
10438.0,9442.0,6343.0,179,3.2519350051879883,5
10054.0,8937.0,6834.0,179,3.25203800201416,5
9968.0,9213.0,6781.0,198,3.9550719261169434,11
9650.0,9329.0,6974.0,227,4.493464946746826,9
8262.0,7244.0,7006.0,297,5.996551036834717,3
7415.0,9660.0,6270.0,297,5.9967029094696045,3
10132.0,9452.0,6504.0,326,6.85030198097229,5
9935.0,9710.0,6259.0,326,6.850308895111084,5
11073.0,9237.0,6675.0,326,6.850360870361328,5
10425.0,9312.0,6620.0,326,6.850368976593018,5
9464.0,9472.0,6895.0,359,7.55122184753418,7
10583.0,9635.0,6314.0,393,8.036948919296265,8
10688.0,9254.0,6763.0,574,12.897444009780884,9
11299.0,8908.0,6945.0,575,12.926329851150513,10
11226.0,9163.0,6774.0,632,14.317625999450684,14
