z1,z2,z3,node,time,depth
-3251.0,-1759.0,-2429.0,1,0.0021719932556152344,1
-3104.0,-1614.0,-2482.0,4,0.007904052734375,3
-2875.0,-1784.0,-2481.0,5,0.009682893753051758,3
-2088.0,-2289.0,-1635.0,32,0.03919696807861328,6
-1891.0,-2273.0,-1675.0,64,0.0619659423828125,7
-1727.0,-2368.0,-1527.0,66,0.0629889965057373,7
-1712.0,-2314.0,-1687.0,70,0.06525707244873047,7
-2875.0,-1684.0,-2687.0,74,0.06774210929870605,7
-2866.0,-2070.0,-1416.0,105,0.08486604690551758,7
-2637.0,-2240.0,-1415.0,115,0.09082889556884766,7
-2307.0,-2202.0,-1716.0,126,0.09678792953491211,8
-2128.0,-2243.0,-1728.0,132,0.09995388984680176,8
-3598.0,-1057.0,-2703.0,240,0.15257787704467773,9
-2088.0,-2389.0,-1429.0,244,0.1540229320526123,9
-2647.0,-2157.0,-1335.0,258,0.15995407104492188,9
-2647.0,-2257.0,-1129.0,260,0.16068196296691895,9
-1924.0,-2884.0,-1113.0,280,0.1687459945678711,9
-2221.0,-2211.0,-1580.0,290,0.17273592948913574,9
-2221.0,-1811.0,-1748.0,320,0.18398094177246094,10
-2307.0,-2302.0,-1510.0,324,0.18552899360656738,10
-2128.0,-2343.0,-1522.0,328,0.18696999549865723,10
-2504.0,-2318.0,-1470.0,332,0.18832707405090332,10
-3360.0,-1513.0,-1637.0,340,0.19122600555419922,10
-2418.0,-2327.0,-1334.0,350,0.19484710693359375,10
-2418.0,-2227.0,-1540.0,358,0.1976768970489502,10
-1931.0,-2227.0,-1768.0,372,0.20236706733703613,11
-2321.0,-1795.0,-1821.0,374,0.20302510261535645,11
-2458.0,-2181.0,-1633.0,378,0.20430803298950195,11
-2637.0,-2140.0,-1621.0,380,0.20495009422302246,11
