z1,z2,z3,node,time,depth
-9181.0,-8396.0,-7731.0,1,0.0007789134979248047,1
-8359.0,-8769.0,-8590.0,150,0.061964988708496094,3
-9045.0,-8053.0,-8153.0,181,0.07694005966186523,6
-8594.0,-8680.0,-8436.0,186,0.07877898216247559,6
-9022.0,-8165.0,-8420.0,197,0.08358597755432129,5
