z1,z2,z3,node,time,depth
-55.0,-13.0,-50.0,1,0.004450082778930664,1
-52.0,-13.0,-51.0,1,0.004452943801879883,1
-21.0,-50.0,-23.0,1,0.004456996917724609,1
-10.0,-51.0,-17.0,1,0.004470109939575195,1
-37.0,-38.0,-32.0,1,0.004472970962524414,1
-35.0,-40.0,-29.0,1,0.004476070404052734,1
-47.0,-27.0,-41.0,1,0.004478931427001953,1
-55.0,-16.0,-49.0,1,0.0044820308685302734,1
-32.0,-42.0,-33.0,1,0.004483938217163086,1
-34.0,-38.0,-36.0,1,0.004487037658691406,1
-31.0,-31.0,-42.0,1,0.004489898681640625,1
-46.0,-13.0,-52.0,1,0.004492998123168945,1
-30.0,-37.0,-38.0,1,0.004496097564697266,1
-36.0,-29.0,-43.0,1,0.004498958587646484,1
-45.0,-23.0,-46.0,1,0.004502058029174805,1
-34.0,-36.0,-37.0,2,0.008004903793334961,2
-40.0,-28.0,-42.0,2,0.008011102676391602,2
-35.0,-30.0,-41.0,2,0.008023977279663086,2
-22.0,-45.0,-29.0,3,0.012597084045410156,2
-39.0,-33.0,-38.0,3,0.01260995864868164,2
-37.0,-37.0,-35.0,4,0.016524076461791992,3
-39.0,-29.0,-42.0,6,0.02262711524963379,3
-46.0,-21.0,-46.0,7,0.025557994842529297,3
-36.0,-35.0,-36.0,8,0.029241085052490234,4
-23.0,-47.0,-22.0,8,0.029263019561767578,4
-27.0,-45.0,-24.0,9,0.033164024353027344,4
-43.0,-31.0,-37.0,9,0.03316688537597656,4
-39.0,-31.0,-39.0,9,0.03319191932678223,4
-30.0,-43.0,-31.0,10,0.0352480411529541,4
-50.0,-14.0,-50.0,12,0.03943610191345215,4
-49.0,-21.0,-45.0,16,0.049165964126586914,5
-26.0,-44.0,-28.0,21,0.06095695495605469,5
-34.0,-31.0,-41.0,24,0.06724905967712402,5
-35.0,-32.0,-40.0,25,0.06886696815490723,5
-48.0,-15.0,-50.0,26,0.07203388214111328,5
-26.0,-45.0,-25.0,36,0.09321904182434082,6
-22.0,-48.0,-21.0,36,0.09322190284729004,6
-39.0,-34.0,-32.0,36,0.0932319164276123,6
-37.0,-30.0,-40.0,52,0.12178397178649902,6
-42.0,-29.0,-38.0,61,0.13439702987670898,7
-20.0,-47.0,-24.0,72,0.15714502334594727,7
-45.0,-28.0,-39.0,92,0.183027982711792,8
-48.0,-17.0,-47.0,93,0.1847090721130371,8
-24.0,-46.0,-22.0,102,0.1995410919189453,8
-35.0,-38.0,-33.0,104,0.20402193069458008,8
-40.0,-18.0,-48.0,112,0.21572208404541016,8
-51.0,-19.0,-42.0,126,0.232590913772583,9
