z1,z2,z3,node,time,depth
-25542.0,-25617.0,-25816.0,1,0.0010678768157958984,1
-25784.0,-23293.0,-23438.0,170,0.12230587005615234,11
-25594.0,-23629.0,-23081.0,253,0.17850708961486816,17
-25584.0,-23249.0,-23779.0,319,0.21841001510620117,19
-25554.0,-23662.0,-23813.0,341,0.2314910888671875,16
-25697.0,-23337.0,-23740.0,379,0.25762104988098145,19
-25617.0,-23444.0,-23287.0,681,0.4787418842315674,11
-25758.0,-23458.0,-22904.0,819,0.5844590663909912,15
-25639.0,-23487.0,-23261.0,867,0.6146450042724609,12
-25615.0,-23783.0,-22977.0,1085,0.7737698554992676,15
-25726.0,-23443.0,-22959.0,1087,0.7749650478363037,12
-25614.0,-23561.0,-23081.0,1093,0.7789089679718018,13
-25540.0,-25956.0,-25506.0,1273,0.909045934677124,10
