z1,z2,z3,node,time,depth
78.0,64.0,69.0,1,0.04345989227294922,1
91.0,52.0,93.0,1,0.04346799850463867,1
65.0,72.0,73.0,1,0.043476104736328125,1
76.0,64.0,73.0,1,0.04348301887512207,1
58.0,80.0,54.0,1,0.04351401329040527,1
57.0,121.0,50.0,15,0.22632193565368652,2
67.0,107.0,53.0,16,0.24195003509521484,3
57.0,107.0,58.0,16,0.24198102951049805,3
66.0,77.0,66.0,23,0.30744099617004395,3
