z1,z2,z3,node,time,depth
-58.0,-49.0,-41.0,2,0.0062220096588134766,2
-55.0,-51.0,-38.0,3,0.007979154586791992,3
-56.0,-48.0,-43.0,144,0.10339999198913574,5
-59.0,-46.0,-46.0,258,0.20626401901245117,3
-47.0,-52.0,-38.0,445,0.36593008041381836,7
-48.0,-49.0,-43.0,445,0.3659381866455078,7
-54.0,-51.0,-42.0,497,0.40642309188842773,2
-59.0,-36.0,-54.0,498,0.40880513191223145,3
-58.0,-36.0,-55.0,637,0.5351841449737549,12
-46.0,-48.0,-45.0,649,0.5515110492706299,7
-49.0,-52.0,-35.0,683,0.5809719562530518,5
-41.0,-53.0,-35.0,705,0.6083190441131592,7
-48.0,-52.0,-36.0,725,0.6251611709594727,12
-60.0,-44.0,-50.0,731,0.6316730976104736,6
-58.0,-47.0,-46.0,761,0.6548810005187988,11
-62.0,-45.0,-48.0,767,0.6605939865112305,9
-61.0,-45.0,-49.0,784,0.6751511096954346,8
-63.0,-42.0,-53.0,809,0.6945011615753174,7
