z1,z2,z3,node,time,depth
60.0,50.0,64.0,1,0.01330709457397461,1
60.0,53.0,61.0,1,0.013313055038452148,1
53.0,90.0,64.0,1,0.013319015502929688,1
53.0,79.0,72.0,1,0.013336181640625,1
54.0,64.0,55.0,1,0.013341188430786133,1
68.0,55.0,55.0,1,0.013365983963012695,1
53.0,89.0,66.0,18,0.15761804580688477,8
