z1,z2,z3,node,time,depth
15749.0,15179.0,17884.0,1,0.009084939956665039,1
14988.0,16272.0,17621.0,1,0.009089946746826172,1
17555.0,14090.0,17103.0,1,0.009094953536987305,1
16860.0,17362.0,15002.0,1,0.009099960327148438,1
14619.0,18044.0,16042.0,1,0.00910496711730957,1
17128.0,14824.0,16697.0,1,0.009109973907470703,1
16078.0,16331.0,16266.0,1,0.009114980697631836,1
