z1,z2,z3,node,time,depth
5320.0,5341.0,4815.0,1,0.05503487586975098,1
4085.0,9311.0,7019.0,1,0.05504488945007324,1
4093.0,9759.0,6835.0,1,0.05505490303039551,1
4306.0,6303.0,4660.0,1,0.05506396293640137,1
6930.0,5527.0,3994.0,1,0.055094003677368164,1
5033.0,4811.0,6387.0,1,0.05510306358337402,1
6508.0,4558.0,5833.0,1,0.0551600456237793,1
6909.0,4425.0,9733.0,1,0.05517888069152832,1
7109.0,4486.0,9540.0,5,0.18332886695861816,4
6277.0,4807.0,9623.0,109,4.128230094909668,5
6388.0,4733.0,9491.0,138,4.7475268840789795,7
5708.0,5196.0,5308.0,190,5.895029067993164,4
7230.0,5413.0,4442.0,247,7.796210050582886,6
6832.0,6435.0,4049.0,247,7.796316862106323,6
5896.0,7021.0,4230.0,317,10.11516809463501,7
8235.0,9237.0,3977.0,337,10.855117082595825,8
8872.0,8662.0,3967.0,337,10.855127096176147,8
4245.0,9582.0,6308.0,411,13.71119999885559,12
4253.0,10030.0,6124.0,416,13.881639003753662,14
4242.0,9155.0,6841.0,432,14.429925918579102,14
