z1,z2,z3,node,time,depth
-28.0,-32.0,-25.0,16,0.024183988571166992,5
-27.0,-31.0,-26.0,32,0.039971113204956055,6
-29.0,-33.0,-24.0,62,0.062188148498535156,7
-13.0,-32.0,-26.0,86,0.07714104652404785,7
-34.0,-31.0,-20.0,106,0.08961105346679688,8
-34.0,-29.0,-22.0,168,0.1180119514465332,9
-32.0,-28.0,-26.0,234,0.14494609832763672,10
-20.0,-23.0,-28.0,238,0.14635396003723145,10
-21.0,-24.0,-27.0,244,0.14858794212341309,10
-35.0,-20.0,-17.0,264,0.15578508377075195,10
-17.0,-28.0,-27.0,278,0.16091394424438477,10
-16.0,-27.0,-28.0,280,0.16164517402648926,10
-25.0,-18.0,-27.0,294,0.16647601127624512,11
-24.0,-17.0,-28.0,296,0.1670229434967041,11
