z1,z2,z3,node,time,depth
-21670.0,-20598.0,-20224.0,2,0.0013551712036132812,2
-21641.0,-20410.0,-20318.0,2,0.001360177993774414,2
-21253.0,-21218.0,-20545.0,32,0.017271041870117188,3
-21224.0,-21030.0,-20639.0,32,0.01727604866027832,3
-21208.0,-20907.0,-20745.0,107,0.05759000778198242,8
