z1,z2,z3,node,time,depth
-20753.0,-22086.0,-19269.0,1,0.0006458759307861328,1
-20454.0,-22013.0,-19777.0,1,0.0006480216979980469,1
-20621.0,-21623.0,-19888.0,2,0.001631021499633789,2
-20920.0,-21696.0,-19380.0,88,0.040426015853881836,3
-20947.0,-21546.0,-19834.0,164,0.07398390769958496,9
