z1,z2,z3,node,time,depth
-8768.0,-9651.0,-10536.0,9,0.004191875457763672,4
-8740.0,-9707.0,-10417.0,9,0.00419306755065918,4
-9124.0,-9773.0,-10048.0,16,0.007997989654541016,5
-8742.0,-9932.0,-9927.0,17,0.008488893508911133,5
-8714.0,-9988.0,-9808.0,17,0.008489847183227539,5
-8972.0,-9689.0,-10422.0,66,0.03130006790161133,7
-9020.0,-9812.0,-10170.0,74,0.034255027770996094,7
-8944.0,-9745.0,-10303.0,88,0.03837299346923828,8
-8992.0,-9868.0,-10051.0,94,0.040112972259521484,8
