z1,z2,z3,node,time,depth
19492.0,18016.0,21043.0,1,0.02324390411376953,1
17513.0,20307.0,20314.0,1,0.023255109786987305,1
18369.0,18264.0,20691.0,1,0.023263931274414062,1
18149.0,20312.0,19859.0,1,0.023272037506103516,1
17804.0,18915.0,20764.0,1,0.023281097412109375,1
18780.0,21314.0,19419.0,1,0.023289918899536133,1
20364.0,19039.0,19601.0,1,0.0232999324798584,1
19584.0,18635.0,19867.0,1,0.02330803871154785,1
19278.0,18797.0,20132.0,2,0.028717994689941406,2
