z1,z2,z3,node,time,depth
5963.0,4652.0,4495.0,1,0.015677928924560547,1
5202.0,4909.0,5965.0,1,0.015686988830566406,1
3550.0,7301.0,5410.0,1,0.015694856643676758,1
6131.0,6935.0,3650.0,1,0.01570296287536621,1
5608.0,10538.0,4683.0,2,0.03891277313232422,2
5842.0,10045.0,4877.0,15,0.26549196243286133,7
5874.0,9640.0,4865.0,112,1.6451218128204346,6
5951.0,9632.0,4838.0,125,1.9961998462677002,14
5929.0,10712.0,4173.0,229,3.6802268028259277,4
5730.0,10141.0,4569.0,229,3.6802380084991455,4
5820.0,10149.0,4467.0,229,3.680377960205078,4
6019.0,10720.0,4071.0,229,3.680398941040039,4
6096.0,10712.0,4044.0,229,3.6804099082946777,4
5698.0,10546.0,4581.0,230,3.7318999767303467,5
5973.0,10031.0,4487.0,256,4.1566009521484375,9
5897.0,10141.0,4440.0,275,4.401899814605713,8
6050.0,10023.0,4460.0,278,4.474455833435059,10
5775.0,10538.0,4554.0,331,5.352060794830322,11
6006.0,10704.0,4146.0,415,6.56653094291687,5
6082.0,10594.0,4193.0,440,6.973392963409424,7
5883.0,10023.0,4589.0,440,6.973469972610474,7
5937.0,9612.0,4918.0,458,7.306873798370361,8
5807.0,10133.0,4542.0,499,7.926682949066162,6
5685.0,10530.0,4656.0,499,7.926693916320801,6
5960.0,10015.0,4562.0,569,9.212218999862671,9
4723.0,6924.0,4937.0,860,16.553720951080322,4
4608.0,6976.0,5285.0,886,17.445405960083008,6
5176.0,6905.0,8495.0,936,19.118644952774048,12
5193.0,6715.0,8931.0,1022,21.567332983016968,14
5195.0,6784.0,8562.0,1022,21.56733989715576,14
4924.0,6527.0,9194.0,1100,24.08932399749756,15
4729.0,6690.0,9243.0,1116,24.490818977355957,16
4474.0,7087.0,8998.0,1116,24.49082589149475,16
5032.0,6742.0,8634.0,1116,24.490885972976685,16
4596.0,7288.0,8519.0,1116,24.490975856781006,16
4669.0,6924.0,8949.0,1118,24.564332008361816,18
5046.0,6728.0,8715.0,1120,24.612761974334717,20
4851.0,6891.0,8764.0,1177,25.84978485107422,20
