z1,z2,z3,node,time,depth
20358.0,19899.0,17659.0,1,0.013711929321289062,1
20281.0,17901.0,21165.0,1,0.01371908187866211,1
19890.0,18417.0,19786.0,1,0.013726949691772461,1
18226.0,21473.0,18304.0,1,0.013733863830566406,1
18495.0,20927.0,18655.0,1,0.01374197006225586,1
18625.0,20750.0,19294.0,7,0.09198689460754395,3
20488.0,19658.0,19115.0,15,0.14315104484558105,7
20233.0,20168.0,18107.0,19,0.1613149642944336,9
