z1,z2,z3,node,time,depth
-49.0,-21.0,-48.0,1,0.0005860328674316406,1
-49.0,-19.0,-50.0,2,0.0010519027709960938,2
-53.0,-17.0,-53.0,31,0.012321949005126953,7
-56.0,-15.0,-53.0,51,0.0187990665435791,7
-56.0,-13.0,-55.0,54,0.01967000961303711,6
-55.0,-15.0,-56.0,61,0.02174997329711914,5
