z1,z2,z3,node,time,depth
-46.0,-48.0,-61.0,18,0.020615816116333008,5
-50.0,-49.0,-58.0,320,0.1942148208618164,10
-52.0,-47.0,-58.0,340,0.20476984977722168,10
-47.0,-43.0,-63.0,390,0.23167800903320312,10
-50.0,-40.0,-59.0,424,0.25014400482177734,10
-52.0,-49.0,-55.0,508,0.2913320064544678,12
-48.0,-46.0,-60.0,520,0.29689788818359375,12
-43.0,-42.0,-65.0,532,0.3028109073638916,12
-54.0,-47.0,-54.0,560,0.31540799140930176,14
-49.0,-43.0,-59.0,566,0.31784796714782715,14
