z1,z2,z3,node,time,depth
-8888.0,-10920.0,-8924.0,2,0.0010848045349121094,2
-9084.0,-10091.0,-9378.0,15,0.0067138671875,4
-9111.0,-10816.0,-8545.0,16,0.007073879241943359,5
-8355.0,-10736.0,-9447.0,25,0.010963916778564453,5
-8948.0,-10291.0,-9251.0,25,0.01096487045288086,5
-9043.0,-10180.0,-9496.0,30,0.012724876403808594,6
-9266.0,-10076.0,-9117.0,44,0.018921852111816406,7
-8662.0,-10379.0,-9303.0,48,0.02042388916015625,7
-8578.0,-10632.0,-9068.0,68,0.027103900909423828,9
-9171.0,-10187.0,-8872.0,72,0.02819681167602539,10
