z1,z2,z3,node,time,depth
-2423.0,-3285.0,-2834.0,1,0.0011670589447021484,1
-2683.0,-2749.0,-3639.0,16,0.009095191955566406,11
-3154.0,-2908.0,-3338.0,37,0.017323017120361328,10
-2132.0,-2890.0,-3740.0,48,0.021984100341796875,11
-2808.0,-3153.0,-3605.0,67,0.030332088470458984,10
-3371.0,-2742.0,-3347.0,110,0.046819210052490234,9
-2164.0,-3007.0,-3637.0,157,0.07046222686767578,8
-2053.0,-3263.0,-3296.0,166,0.07448601722717285,3
