z1,z2,z3,node,time,depth
-12540.0,-11474.0,-14516.0,1,0.001550912857055664,1
-13321.0,-12192.0,-13430.0,3,0.003932952880859375,2
-13630.0,-11702.0,-13548.0,9,0.010469913482666016,4
-13474.0,-10975.0,-13620.0,22,0.023346900939941406,5
-13262.0,-11676.0,-13627.0,69,0.06918001174926758,7
-12953.0,-12166.0,-13509.0,89,0.08907890319824219,7
-13062.0,-11749.0,-13853.0,103,0.1027219295501709,7
-12634.0,-12253.0,-13559.0,103,0.10272407531738281,7
-12612.0,-12264.0,-13486.0,103,0.10272502899169922,7
-12706.0,-12239.0,-13497.0,103,0.10272693634033203,7
-13699.0,-11716.0,-13048.0,110,0.10860991477966309,8
-13142.0,-11675.0,-13726.0,114,0.11223793029785156,8
-13141.0,-11611.0,-13890.0,120,0.11852598190307617,8
-13371.0,-11259.0,-13971.0,133,0.13195109367370605,8
-12943.0,-11763.0,-13677.0,133,0.13195300102233887,8
-12921.0,-11774.0,-13604.0,133,0.13195490837097168,8
-12833.0,-12165.0,-13608.0,136,0.1345229148864746,8
-13698.0,-11652.0,-13212.0,162,0.1604290008544922,9
-12917.0,-10934.0,-14298.0,166,0.1652379035949707,9
-12764.0,-12151.0,-14108.0,174,0.17286896705627441,9
-12608.0,-11424.0,-14180.0,178,0.17763805389404297,9
-12832.0,-12101.0,-13772.0,190,0.18884992599487305,10
