z1,z2,z3,node,time,depth
-7614.0,-8099.0,-7199.0,3,0.0022728443145751953,2
-8457.0,-7249.0,-8142.0,29,0.021858930587768555,5
-8321.0,-6894.0,-8204.0,78,0.047003984451293945,7
-9130.0,-6436.0,-8916.0,184,0.09404587745666504,8
-8345.0,-7334.0,-8091.0,200,0.10074782371520996,8
-7657.0,-7899.0,-7406.0,201,0.10121297836303711,8
-9109.0,-6581.0,-8716.0,274,0.12970399856567383,9
-8330.0,-7086.0,-8180.0,278,0.1311628818511963,9
-9810.0,-5666.0,-9489.0,296,0.1385970115661621,9
-9031.0,-6171.0,-8953.0,470,0.1970980167388916,11
-9659.0,-5521.0,-9605.0,484,0.2009439468383789,11
