z1,z2,z3,node,time,depth
-17965.0,-18443.0,-18618.0,1,0.0007491111755371094,1
-18121.0,-18095.0,-18833.0,5,0.0033850669860839844,3
-18259.0,-17410.0,-19191.0,5,0.0033860206604003906,3
-18103.0,-17758.0,-18976.0,9,0.0059680938720703125,4
-17948.0,-17990.0,-18982.0,74,0.04758906364440918,8
