z1,z2,z3,node,time,depth
-19546.0,-16386.0,-19848.0,7,0.009757041931152344,3
-19788.0,-16481.0,-19532.0,25,0.028779983520507812,5
-15690.0,-17663.0,-15858.0,145,0.13115596771240234,8
-19827.0,-16600.0,-19347.0,163,0.14549994468688965,8
-19670.0,-16516.0,-19613.0,193,0.1662919521331787,8
-18954.0,-17254.0,-18949.0,248,0.20595788955688477,9
-18728.0,-17129.0,-19030.0,442,0.3311460018157959,10
-15547.0,-17569.0,-15872.0,471,0.3460700511932373,10
-18970.0,-17224.0,-18714.0,496,0.35773396492004395,10
-18813.0,-17140.0,-18980.0,520,0.3718230724334717,10
-19687.0,-16500.0,-19817.0,564,0.39708805084228516,11
-15614.0,-17714.0,-15666.0,601,0.41852402687072754,11
-15760.0,-17551.0,-15793.0,607,0.42149901390075684,11
-15744.0,-17449.0,-16025.0,607,0.42149996757507324,11
-19929.0,-16595.0,-19501.0,634,0.4380779266357422,11
-19772.0,-16511.0,-19767.0,656,0.45065808296203613,11
-15649.0,-17455.0,-15893.0,731,0.49306702613830566,12
-15601.0,-17355.0,-16039.0,755,0.5061960220336914,12
-15760.0,-17411.0,-15842.0,891,0.5826399326324463,13
-15855.0,-17405.0,-15974.0,895,0.5852460861206055,13
-15511.0,-17479.0,-15950.0,1119,0.7003159523010254,14
-15779.0,-17456.0,-15782.0,1233,0.7569479942321777,15
-19956.0,-13224.0,-19858.0,1730,0.9847118854522705,21
-19780.0,-13058.0,-19869.0,1740,0.988429069519043,21
