z1,z2,z3,node,time,depth
17044.0,14977.0,17330.0,1,0.00844717025756836,1
14672.0,15746.0,18398.0,1,0.008452177047729492,1
16172.0,15907.0,16261.0,1,0.008457183837890625,1
16460.0,16737.0,15689.0,1,0.008462190628051758,1
15172.0,16985.0,16902.0,1,0.00846719741821289,1
14998.0,16806.0,17107.0,1,0.008471965789794922,1
17204.0,16241.0,16208.0,7,0.03589606285095215,4
