z1,z2,z3,node,time,depth
-7642.0,-9367.0,-7970.0,2,0.001127004623413086,2
-7936.0,-9179.0,-8097.0,7,0.0033991336822509766,3
-7696.0,-9566.0,-7761.0,14,0.006971120834350586,5
-8025.0,-8978.0,-8303.0,26,0.011862039566040039,6
-8164.0,-9044.0,-7908.0,27,0.012232065200805664,6
-7990.0,-9378.0,-7888.0,40,0.016756057739257812,7
-8269.0,-9059.0,-7819.0,42,0.017686128616333008,7
