z1,z2,z3,node,time,depth
-63.0,-61.0,-51.0,1,0.0014240741729736328,1
-60.0,-63.0,-47.0,2,0.0032889842987060547,2
-64.0,-45.0,-47.0,114,0.0635519027709961,5
-65.0,-50.0,-42.0,201,0.10495185852050781,10
-57.0,-62.0,-49.0,204,0.10859894752502441,3
-55.0,-63.0,-52.0,377,0.2103569507598877,9
-52.0,-65.0,-48.0,386,0.2149958610534668,8
-61.0,-59.0,-53.0,388,0.21842098236083984,4
-56.0,-56.0,-54.0,570,0.3278849124908447,10
-51.0,-64.0,-57.0,571,0.3282790184020996,9
