z1,z2,z3,node,time,depth
-33.0,-64.0,-30.0,1,0.0016350746154785156,1
-37.0,-57.0,-35.0,3,0.0044939517974853516,3
-35.0,-56.0,-36.0,5,0.006577014923095703,5
-34.0,-57.0,-37.0,54,0.03388690948486328,12
-30.0,-53.0,-38.0,93,0.057940006256103516,12
-39.0,-52.0,-32.0,121,0.07546806335449219,12
-35.0,-58.0,-26.0,155,0.10396599769592285,2
-30.0,-65.0,-32.0,250,0.1553499698638916,12
-24.0,-68.0,-25.0,331,0.20393586158752441,3
-27.0,-65.0,-34.0,374,0.23593688011169434,12
-31.0,-62.0,-32.0,402,0.2525808811187744,6
