z1,z2,z3,node,time,depth
-7675.0,-10208.0,-7881.0,2,0.0014069080352783203,2
-8556.0,-9326.0,-8557.0,3,0.0019669532775878906,3
-8346.0,-9405.0,-8592.0,43,0.020142078399658203,7
-7683.0,-10068.0,-7868.0,62,0.028983116149902344,8
