z1,z2,z3,node,time,depth
-3801.0,-3035.0,-3759.0,1,0.0013430118560791016,1
-4004.0,-2712.0,-3647.0,1,0.0013439655303955078,1
-3346.0,-3752.0,-2197.0,144,0.07898712158203125,11
-3890.0,-3299.0,-3453.0,167,0.08901405334472656,5
-4011.0,-3401.0,-3366.0,180,0.0946040153503418,8
-3166.0,-3542.0,-2596.0,196,0.1032249927520752,9
-3045.0,-3440.0,-2683.0,202,0.10624408721923828,9
-2972.0,-3544.0,-2742.0,207,0.10868000984191895,8
