z1,z2,z3,node,time,depth
27.0,16.0,38.0,1,0.008553028106689453,1
29.0,17.0,29.0,1,0.008558034896850586,1
25.0,27.0,23.0,1,0.008561849594116211,1
22.0,43.0,20.0,1,0.008565902709960938,1
21.0,20.0,38.0,1,0.008569955825805664,1
23.0,21.0,29.0,1,0.00857400894165039,1
23.0,26.0,26.0,1,0.008579015731811523,1
37.0,28.0,20.0,1,0.00858306884765625,1
30.0,36.0,19.0,1,0.008586883544921875,1
25.0,32.0,20.0,1,0.008590936660766602,1
20.0,42.0,29.0,1,0.008594989776611328,1
44.0,43.0,18.0,1,0.008599042892456055,1
43.0,31.0,19.0,1,0.00860285758972168,1
36.0,45.0,18.0,1,0.008606910705566406,1
28.0,40.0,19.0,1,0.008611917495727539,1
34.0,49.0,18.0,1,0.008615970611572266,1
26.0,48.0,19.0,1,0.008620023727416992,1
19.0,24.0,44.0,1,0.008624076843261719,1
21.0,48.0,21.0,1,0.00862884521484375,1
19.0,29.0,41.0,1,0.008632898330688477,1
23.0,35.0,23.0,2,0.022023916244506836,2
22.0,40.0,24.0,2,0.022040843963623047,2
29.0,22.0,26.0,3,0.03222990036010742,2
21.0,25.0,35.0,3,0.03223991394042969,2
30.0,31.0,20.0,3,0.03224992752075195,2
36.0,34.0,19.0,3,0.03226494789123535,2
37.0,20.0,27.0,4,0.04444003105163574,3
33.0,30.0,21.0,4,0.04452395439147949,3
36.0,29.0,22.0,5,0.05212807655334473,3
30.0,26.0,23.0,5,0.05213189125061035,3
22.0,35.0,27.0,6,0.061042070388793945,3
23.0,40.0,20.0,6,0.061070919036865234,3
24.0,37.0,21.0,7,0.06674003601074219,3
42.0,32.0,19.0,9,0.08599185943603516,4
24.0,32.0,24.0,10,0.09279394149780273,4
22.0,30.0,30.0,11,0.09788894653320312,4
21.0,40.0,28.0,12,0.10384297370910645,4
21.0,39.0,29.0,13,0.11294388771057129,4
35.0,35.0,19.0,14,0.11815595626831055,4
21.0,35.0,31.0,20,0.1555769443511963,5
21.0,34.0,32.0,21,0.16223692893981934,5
28.0,25.0,28.0,23,0.16872692108154297,5
27.0,47.0,19.0,26,0.18616485595703125,5
20.0,29.0,39.0,38,0.2293870449066162,6
34.0,21.0,28.0,40,0.2383558750152588,6
20.0,38.0,35.0,49,0.2732229232788086,6
42.0,24.0,25.0,59,0.2928769588470459,7
20.0,34.0,36.0,115,0.38459205627441406,8
