z1,z2,z3,node,time,depth
-23023.0,-22533.0,-21070.0,2,0.002557992935180664,2
-22748.0,-22530.0,-21158.0,2,0.0025620460510253906,2
-22930.0,-22820.0,-20739.0,332,0.22156786918640137,11
-23498.0,-22190.0,-20958.0,998,0.7456300258636475,13
-23030.0,-22500.0,-20871.0,1028,0.7684319019317627,7
-23142.0,-22098.0,-21134.0,1060,0.7924010753631592,9
-23416.0,-22434.0,-20794.0,1066,0.7963149547576904,11
-23347.0,-22319.0,-20852.0,1107,0.8294398784637451,12
-23691.0,-22437.0,-20706.0,1108,0.8305790424346924,4
-23305.0,-22503.0,-20783.0,1108,0.8305809497833252,4
-23417.0,-22101.0,-21046.0,1128,0.8472299575805664,6
-23773.0,-22193.0,-20870.0,1204,0.9076590538024902,11
-23037.0,-22489.0,-20967.0,1205,0.9088320732116699,3
-22929.0,-22787.0,-20761.0,1205,0.9088339805603027,3
-23212.0,-22790.0,-20452.0,1280,0.9564008712768555,11
-23699.0,-22434.0,-20593.0,1294,0.9668340682983398,6
-23680.0,-22480.0,-20539.0,1418,1.0454859733581543,11
-23631.0,-22619.0,-20427.0,1420,1.0467519760131836,9
-23598.0,-22724.0,-20375.0,1427,1.0505139827728271,10
