z1,z2,z3,node,time,depth
22080.0,23070.0,20327.0,1,0.018905162811279297,1
22260.0,19092.0,22106.0,1,0.01891613006591797,1
21060.0,22711.0,21060.0,1,0.01892709732055664,1
23383.0,20125.0,21037.0,1,0.018937110900878906,1
22271.0,20860.0,20756.0,1,0.018948078155517578,1
20544.0,21053.0,22211.0,1,0.01895904541015625,1
20658.0,22353.0,21918.0,1,0.018969058990478516,1
22103.0,21621.0,20900.0,5,0.05303311347961426,3
21855.0,21863.0,21540.0,27,0.45332813262939453,8
21461.0,20152.0,23665.0,29,0.4722580909729004,9
