z1,z2,z3,node,time,depth
9452.0,4298.0,8978.0,1,0.03751397132873535,1
4868.0,11499.0,4017.0,1,0.037522077560424805,1
6907.0,5825.0,7367.0,1,0.03752899169921875,1
5435.0,7579.0,4891.0,1,0.0375370979309082,1
5703.0,6960.0,6162.0,1,0.03754401206970215,1
12782.0,4048.0,11389.0,1,0.0375521183013916,1
4531.0,8354.0,4343.0,1,0.037566184997558594,1
4377.0,11857.0,4354.0,1,0.0375821590423584,1
4553.0,11755.0,4213.0,1,0.037589073181152344,1
4632.0,11745.0,4152.0,1,0.03759598731994629,1
4789.0,11509.0,4078.0,2,0.06374502182006836,2
4456.0,11847.0,4293.0,7,0.18915915489196777,5
4692.0,11601.0,4158.0,43,0.571770191192627,15
4613.0,11611.0,4219.0,190,2.677963972091675,5
8798.0,4747.0,8659.0,439,6.064711093902588,10
12130.0,4160.0,12548.0,446,6.135536193847656,16
12290.0,4258.0,12354.0,449,6.14335298538208,18
12638.0,4251.0,11641.0,480,6.243875980377197,19
12651.0,4153.0,11263.0,524,6.415502071380615,13
12598.0,4291.0,11541.0,533,6.459863185882568,20
