z1,z2,z3,node,time,depth
-16244.0,-17042.0,-17507.0,1,0.0019559860229492188,1
-16062.0,-16885.0,-17965.0,1,0.0019838809967041016,1
-15830.0,-16292.0,-18735.0,4,0.007031917572021484,3
-16371.0,-15904.0,-18090.0,5,0.008208990097045898,3
-16171.0,-17003.0,-17588.0,8,0.013002872467041016,4
-16553.0,-16061.0,-17632.0,9,0.014054059982299805,4
-16480.0,-16022.0,-17713.0,17,0.02410292625427246,5
-15620.0,-16467.0,-18144.0,21,0.028735876083374023,5
-15937.0,-16125.0,-18543.0,41,0.052104949951171875,6
-15939.0,-16284.0,-18250.0,43,0.054075002670288086,6
-16233.0,-15878.0,-18614.0,60,0.07274103164672852,7
-15759.0,-16412.0,-18523.0,61,0.07385396957397461,7
-15547.0,-16428.0,-18225.0,79,0.09322285652160645,7
-15866.0,-16245.0,-18331.0,79,0.09322595596313477,7
-16428.0,-16625.0,-17975.0,105,0.1175839900970459,8
-15976.0,-16256.0,-18227.0,109,0.12161993980407715,8
-16049.0,-16295.0,-18146.0,117,0.1291358470916748,8
-15867.0,-16138.0,-18604.0,133,0.14453506469726562,8
-16161.0,-16002.0,-18516.0,162,0.17247295379638672,9
-16109.0,-16808.0,-17869.0,173,0.1821880340576172,9
-16119.0,-16282.0,-18085.0,187,0.19362092018127441,9
-16010.0,-16164.0,-18462.0,203,0.20650506019592285,9
-16356.0,-16749.0,-17877.0,236,0.23265290260314941,10
-16202.0,-16099.0,-18222.0,244,0.23910903930664062,10
-16088.0,-16233.0,-18145.0,252,0.24479103088378906,10
-16161.0,-16272.0,-18064.0,264,0.2531418800354004,10
-15800.0,-16465.0,-17979.0,267,0.25559401512145996,10
-15979.0,-16115.0,-18522.0,278,0.2635500431060791,10
-16090.0,-16122.0,-18304.0,328,0.30118298530578613,11
-16285.0,-16869.0,-17665.0,330,0.30242300033569336,11
-16160.0,-16109.0,-18243.0,336,0.3064589500427246,11
-16233.0,-16148.0,-18162.0,350,0.3161289691925049,11
-15867.0,-16408.0,-18152.0,354,0.3188319206237793,11
-15794.0,-16369.0,-18233.0,364,0.3261539936065674,11
-16051.0,-15991.0,-18620.0,366,0.32758498191833496,11
-15908.0,-16235.0,-18310.0,428,0.37143993377685547,12
-15914.0,-16331.0,-18056.0,478,0.4048779010772705,13
