z1,z2,z3,node,time,depth
-24.0,-24.0,-33.0,96,0.042838096618652344,5
-25.0,-25.0,-31.0,126,0.05423617362976074,9
-31.0,-21.0,-33.0,136,0.05807304382324219,11
-26.0,-29.0,-30.0,151,0.06408095359802246,8
-23.0,-34.0,-23.0,202,0.08760404586791992,11
-29.0,-30.0,-25.0,231,0.09853601455688477,10
-27.0,-33.0,-26.0,245,0.1042470932006836,8
-31.0,-22.0,-31.0,256,0.10869097709655762,11
-28.0,-27.0,-27.0,261,0.11063814163208008,10
-32.0,-26.0,-30.0,266,0.11271810531616211,9
-26.0,-30.0,-28.0,272,0.1155099868774414,7
