z1,z2,z3,node,time,depth
85.0,66.0,89.0,1,0.06774497032165527,1
50.0,141.0,48.0,1,0.06775593757629395,1
57.0,104.0,59.0,1,0.06776690483093262,1
105.0,54.0,109.0,1,0.06778693199157715,1
51.0,139.0,47.0,1,0.06779789924621582,1
51.0,136.0,48.0,1,0.06782889366149902,1
50.0,134.0,58.0,1,0.06783890724182129,1
72.0,85.0,65.0,1,0.06786084175109863,1
50.0,138.0,49.0,1,0.06791281700134277,1
54.0,135.0,54.0,2,0.09381794929504395,2
67.0,127.0,55.0,5,0.17194390296936035,4
66.0,126.0,56.0,16,0.38806700706481934,9
57.0,129.0,52.0,171,1.9536969661712646,5
58.0,127.0,56.0,171,1.95381498336792,5
57.0,128.0,57.0,171,1.9538488388061523,5
65.0,124.0,57.0,184,2.1052358150482178,7
57.0,132.0,51.0,185,2.1415398120880127,8
56.0,134.0,52.0,185,2.1415510177612305,8
56.0,131.0,53.0,185,2.14158296585083,8
70.0,125.0,56.0,284,3.403337001800537,4
56.0,130.0,54.0,284,3.4033470153808594,4
62.0,123.0,58.0,284,3.403453826904297,4
56.0,127.0,64.0,285,3.415858030319214,5
53.0,135.0,56.0,285,3.4158809185028076,5
53.0,133.0,57.0,326,3.5956039428710938,5
55.0,132.0,55.0,344,3.7034668922424316,7
62.0,126.0,57.0,354,3.768448829650879,8
72.0,127.0,53.0,368,3.9140398502349854,5
75.0,120.0,58.0,381,4.015928030014038,9
73.0,122.0,58.0,381,4.015938997268677,9
81.0,72.0,84.0,455,4.7472758293151855,5
71.0,101.0,76.0,456,4.823318004608154,6
81.0,82.0,79.0,521,5.8331990242004395,10
