z1,z2,z3,node,time,depth
-27.0,-31.0,-19.0,1,0.0024590492248535156,1
-28.0,-30.0,-17.0,1,0.0024890899658203125,1
-28.0,-27.0,-21.0,15,0.028867006301879883,4
-25.0,-26.0,-26.0,32,0.04834103584289551,6
-26.0,-25.0,-26.0,64,0.07612013816833496,7
-23.0,-22.0,-28.0,66,0.07711005210876465,7
-21.0,-24.0,-30.0,78,0.08559608459472656,7
-28.0,-23.0,-24.0,112,0.10852503776550293,8
-19.0,-19.0,-32.0,140,0.12245011329650879,8
-26.0,-30.0,-23.0,180,0.14202308654785156,9
-24.0,-21.0,-28.0,264,0.17596197128295898,10
-23.0,-27.0,-25.0,298,0.1883399486541748,11
-22.0,-28.0,-27.0,310,0.19164609909057617,11
-19.0,-25.0,-29.0,314,0.19272208213806152,11
-17.0,-26.0,-31.0,318,0.19382905960083008,11
-21.0,-29.0,-27.0,324,0.1954960823059082,11
-23.0,-32.0,-6.0,332,0.19775605201721191,11
