z1,z2,z3,node,time,depth
-3542.0,-2181.0,-3681.0,2,0.0016951560974121094,2
-3785.0,-2198.0,-3257.0,2,0.001703023910522461,2
-3012.0,-2472.0,-3607.0,118,0.05348515510559082,4
-2257.0,-2750.0,-2914.0,128,0.06170010566711426,11
-2732.0,-2741.0,-3043.0,139,0.06622004508972168,8
-3674.0,-2706.0,-3587.0,157,0.0738530158996582,5
