z1,z2,z3,node,time,depth
16157.0,18617.0,18020.0,1,0.018573999404907227,1
17113.0,17445.0,17909.0,1,0.01858210563659668,1
18674.0,17373.0,17403.0,1,0.01858997344970703,1
16934.0,17667.0,17194.0,1,0.018597126007080078,1
15900.0,19356.0,16913.0,1,0.018605947494506836,1
19000.0,17695.0,16758.0,1,0.01861405372619629,1
17938.0,18146.0,16444.0,1,0.01862192153930664,1
17503.0,17780.0,16832.0,1,0.018630027770996094,1
16927.0,18126.0,17331.0,6,0.07319998741149902,4
