z1,z2,z3,node,time,depth
78.0,62.0,64.0,1,0.00533604621887207,1
55.0,73.0,73.0,1,0.005341053009033203,1
75.0,69.0,62.0,1,0.005346059799194336,1
74.0,58.0,67.0,1,0.005351066589355469,1
60.0,76.0,67.0,1,0.0053560733795166016,1
69.0,64.0,72.0,4,0.02152109146118164,3
58.0,75.0,72.0,6,0.02957296371459961,4
72.0,69.0,71.0,10,0.04887890815734863,6
