z1,z2,z3,node,time,depth
-16002.0,-21005.0,-17948.0,1,0.0009720325469970703,1
-16264.0,-20438.0,-18560.0,1,0.0009751319885253906,1
-16443.0,-20723.0,-17618.0,724,0.4199340343475342,4
-16705.0,-20156.0,-18230.0,724,0.419935941696167,4
-16650.0,-20193.0,-18239.0,775,0.44857096672058105,8
