z1,z2,z3,node,time,depth
7612.0,5864.0,9472.0,1,0.0433349609375,1
7978.0,6466.0,8011.0,1,0.04334306716918945,1
7494.0,8161.0,7177.0,1,0.0433499813079834,1
10041.0,9924.0,6784.0,1,0.04335808753967285,1
6162.0,8570.0,7317.0,1,0.0433809757232666,1
6905.0,8100.0,7457.0,2,0.08317899703979492,2
6150.0,10400.0,10807.0,2,0.08319401741027832,2
7255.0,6659.0,8775.0,2,0.08326101303100586,2
9184.0,11368.0,6881.0,3,0.10145807266235352,2
9068.0,11308.0,6969.0,5,0.16904997825622559,3
7805.0,6737.0,8080.0,11,0.22837090492248535,4
9412.0,10911.0,7033.0,23,0.29186105728149414,4
8365.0,11514.0,7115.0,23,0.29190587997436523,4
9856.0,9485.0,7063.0,27,0.37877488136291504,5
6655.0,8450.0,11455.0,38,0.43141698837280273,5
9296.0,10851.0,7121.0,45,0.4562859535217285,5
6771.0,8510.0,11367.0,55,0.5033860206604004,5
6893.0,8548.0,11181.0,98,0.7745680809020996,6
8523.0,11118.0,7170.0,116,0.9127829074859619,7
6979.0,7806.0,9213.0,158,1.2517828941345215,8
