z1,z2,z3,node,time,depth
-9588.0,-8181.0,-9828.0,2,0.0013990402221679688,2
-9815.0,-8273.0,-9693.0,7,0.004678964614868164,3
-9071.0,-8642.0,-8842.0,15,0.009555816650390625,4
-9045.0,-8724.0,-8864.0,62,0.03224802017211914,7
-9601.0,-8092.0,-9712.0,66,0.033663034439086914,7
