z1,z2,z3,node,time,depth
-15934.0,-20649.0,-16096.0,1,0.0017631053924560547,1
-15715.0,-20710.0,-16034.0,1,0.0017659664154052734,1
-15744.0,-20537.0,-16100.0,6,0.013303041458129883,3
-17014.0,-19391.0,-17406.0,7,0.01902294158935547,3
-16798.0,-19951.0,-16872.0,9,0.027166128158569336,4
-17233.0,-19330.0,-17468.0,11,0.03107595443725586,4
-16339.0,-20045.0,-16839.0,18,0.043637990951538086,5
-16827.0,-19778.0,-16938.0,21,0.04892611503601074,5
-16608.0,-19839.0,-16876.0,25,0.0564420223236084,5
-16368.0,-20143.0,-16739.0,39,0.0682680606842041,5
-17752.0,-18618.0,-18014.0,41,0.07048392295837402,6
-17512.0,-19055.0,-17516.0,43,0.07311606407165527,6
-17541.0,-18882.0,-17582.0,53,0.08219599723815918,6
-17322.0,-18943.0,-17520.0,61,0.09296202659606934,6
-16397.0,-19970.0,-16805.0,77,0.10265111923217773,6
-16587.0,-20082.0,-16801.0,121,0.13701295852661133,7
-17699.0,-18397.0,-18150.0,253,0.21627402305603027,9
-16985.0,-19293.0,-17506.0,277,0.23230195045471191,9
-17311.0,-18899.0,-17532.0,338,0.26646900177001953,10
-17132.0,-19334.0,-17459.0,361,0.28112101554870605,10
-16597.0,-19795.0,-16888.0,370,0.2852790355682373,10
-17964.0,-18332.0,-18237.0,436,0.32109498977661133,11
-17268.0,-19282.0,-17505.0,458,0.3336150646209717,11
-17250.0,-19228.0,-17593.0,470,0.3389859199523926,11
-17297.0,-19109.0,-17571.0,476,0.3415701389312744,11
-17003.0,-19347.0,-17418.0,544,0.3718070983886719,12
-16845.0,-19832.0,-16850.0,556,0.37719106674194336,12
-16357.0,-20099.0,-16751.0,590,0.3956489562988281,13
