z1,z2,z3,node,time,depth
-3129.0,-3165.0,-2995.0,1,0.0014729499816894531,1
-4108.0,-2265.0,-3812.0,1,0.001483917236328125,1
-1738.0,-3537.0,-1367.0,53,0.032978057861328125,8
-3488.0,-1851.0,-3957.0,167,0.08901691436767578,10
-4297.0,-902.0,-4555.0,174,0.09184002876281738,11
-3783.0,-1792.0,-4069.0,180,0.0942678451538086,9
-4224.0,-671.0,-4594.0,193,0.09983587265014648,10
-3829.0,-2570.0,-3892.0,310,0.15730595588684082,6
-3271.0,-2983.0,-2972.0,311,0.15765905380249023,5
