z1,z2,z3,node,time,depth
75.0,76.0,95.0,1,0.03371906280517578,1
77.0,86.0,73.0,1,0.03372907638549805,1
74.0,78.0,82.0,1,0.033737897872924805,1
71.0,89.0,77.0,1,0.03374791145324707,1
85.0,84.0,68.0,1,0.033792972564697266,1
71.0,85.0,83.0,1,0.03380608558654785,1
70.0,108.0,106.0,8,0.08956098556518555,3
84.0,82.0,76.0,13,0.16677403450012207,5
83.0,84.0,73.0,15,0.20127391815185547,6
82.0,84.0,80.0,17,0.24768495559692383,7
