z1,z2,z3,node,time,depth
65.0,79.0,44.0,1,0.037661075592041016,1
60.0,58.0,65.0,1,0.03767108917236328,1
53.0,70.0,56.0,1,0.03768110275268555,1
45.0,77.0,58.0,1,0.03769207000732422,1
88.0,52.0,53.0,1,0.037722110748291016,1
70.0,54.0,54.0,1,0.03779411315917969,1
92.0,78.0,52.0,2,0.07718920707702637,2
52.0,74.0,57.0,50,0.8070261478424072,8
102.0,74.0,51.0,64,0.9740200042724609,10
96.0,75.0,52.0,82,1.1221580505371094,12
