z1,z2,z3,node,time,depth
-10859.0,-8191.0,-9230.0,6,0.002637147903442383,6
-10261.0,-7724.0,-9343.0,15,0.0053501129150390625,11
-10440.0,-7560.0,-9322.0,23,0.008234977722167969,9
-10156.0,-8240.0,-8736.0,37,0.013152122497558594,7
-10229.0,-8230.0,-9064.0,44,0.01596999168395996,6
-10085.0,-8355.0,-8937.0,51,0.018879175186157227,5
