z1,z2,z3,node,time,depth
46.0,70.0,90.0,1,0.04804396629333496,1
67.0,51.0,64.0,1,0.04811382293701172,1
60.0,56.0,60.0,1,0.048158884048461914,1
76.0,48.0,83.0,2,0.06393694877624512,2
76.0,50.0,66.0,2,0.06394791603088379,2
74.0,50.0,75.0,6,0.07932281494140625,4
75.0,50.0,69.0,6,0.0793309211730957,4
82.0,49.0,81.0,11,0.10163497924804688,7
76.0,54.0,63.0,18,0.12398195266723633,3
51.0,70.0,89.0,52,0.29536986351013184,3
56.0,68.0,85.0,52,0.2953779697418213,3
52.0,68.0,95.0,52,0.2954099178314209,3
51.0,69.0,92.0,52,0.29543304443359375,3
57.0,66.0,86.0,52,0.2954399585723877,3
57.0,65.0,89.0,52,0.29546284675598145,3
58.0,64.0,92.0,53,0.308337926864624,4
56.0,67.0,88.0,84,0.39908385276794434,4
54.0,75.0,87.0,93,0.4216959476470947,2
59.0,73.0,83.0,95,0.43268299102783203,4
59.0,63.0,86.0,109,0.48012495040893555,3
70.0,72.0,59.0,121,0.5123779773712158,2
90.0,85.0,58.0,122,0.521129846572876,3
