z1,z2,z3,node,time,depth
98.0,78.0,98.0,1,0.18020105361938477,1
89.0,92.0,80.0,1,0.18021488189697266,1
66.0,139.0,61.0,1,0.18027186393737793,1
63.0,115.0,68.0,1,0.18028497695922852,1
120.0,61.0,114.0,1,0.1803150177001953,1
58.0,154.0,70.0,1,0.18047595024108887,1
64.0,141.0,62.0,3,0.3987710475921631,2
69.0,138.0,63.0,4,0.6244709491729736,3
88.0,89.0,95.0,4,0.6248340606689453,3
68.0,137.0,64.0,4,0.6249730587005615,3
80.0,101.0,80.0,4,0.6253888607025146,3
72.0,130.0,67.0,6,0.8185968399047852,3
71.0,133.0,67.0,7,0.8685739040374756,3
73.0,131.0,66.0,7,0.8685898780822754,3
72.0,133.0,65.0,23,2.9519460201263428,5
70.0,135.0,66.0,23,2.951961040496826,5
85.0,95.0,100.0,40,5.426822900772095,7
77.0,107.0,88.0,55,7.043355941772461,8
90.0,112.0,79.0,107,12.119432926177979,10
107.0,72.0,107.0,108,12.436280965805054,11
108.0,73.0,104.0,108,12.437113046646118,11
147.0,54.0,139.0,109,12.495897054672241,11
59.0,152.0,70.0,122,13.759392976760864,11
60.0,146.0,73.0,122,13.75943398475647,11
61.0,144.0,72.0,122,13.759448051452637,11
67.0,136.0,65.0,122,13.759572982788086,11
60.0,153.0,69.0,123,13.841717004776001,11
143.0,59.0,133.0,134,15.066062927246094,12
140.0,60.0,134.0,134,15.066091060638428,12
147.0,58.0,134.0,325,30.509889841079712,19
116.0,68.0,115.0,325,30.51001501083374,19
71.0,135.0,64.0,376,34.648125886917114,20
142.0,58.0,146.0,382,35.10959005355835,21
62.0,143.0,73.0,432,39.42218089103699,22
61.0,151.0,69.0,435,39.66623306274414,22
62.0,145.0,71.0,686,58.879817962646484,29
144.0,58.0,145.0,966,77.2872748374939,40
146.0,55.0,140.0,1129,85.70705699920654,46
