z1,z2,z3,node,time,depth
-14473.0,-15845.0,-13266.0,22,0.009370088577270508,16
-14988.0,-15171.0,-13437.0,44,0.01885700225830078,14
-14931.0,-15162.0,-13492.0,55,0.024351119995117188,13
-15177.0,-15183.0,-13411.0,88,0.04209494590759277,12
-15108.0,-15527.0,-12986.0,113,0.05371999740600586,8
-15078.0,-15572.0,-13143.0,119,0.05660295486450195,10
-14410.0,-15768.0,-13382.0,122,0.058071136474609375,10
-14556.0,-15624.0,-13406.0,174,0.08250904083251953,7
-14526.0,-15669.0,-13563.0,194,0.09196901321411133,9
-14625.0,-15280.0,-13831.0,201,0.09521603584289551,9
-13904.0,-15257.0,-14345.0,203,0.09614896774291992,4
-14456.0,-15160.0,-13925.0,203,0.09614992141723633,4
-13689.0,-15745.0,-13896.0,217,0.10330009460449219,9
-13926.0,-15595.0,-13946.0,219,0.10426211357116699,5
-13711.0,-16083.0,-13497.0,229,0.10924005508422852,9
-15149.0,-15236.0,-13177.0,245,0.11687493324279785,11
-14597.0,-15333.0,-13597.0,255,0.12159490585327148,9
-14675.0,-15175.0,-13852.0,257,0.12244606018066406,7
-15227.0,-15078.0,-13432.0,257,0.12244796752929688,7
-14873.0,-15260.0,-13415.0,270,0.12851691246032715,11
-14930.0,-15269.0,-13360.0,270,0.12851905822753906,11
-15119.0,-15281.0,-13334.0,277,0.13170504570007324,11
-14352.0,-15866.0,-13305.0,278,0.13210296630859375,10
-14567.0,-15378.0,-13754.0,279,0.1324460506439209,9
-14451.0,-15477.0,-13573.0,280,0.13279390335083008,8
-14286.0,-15056.0,-13947.0,307,0.14670610427856445,13
-14532.0,-15077.0,-13866.0,316,0.15162205696105957,12
-13765.0,-15662.0,-13837.0,334,0.16082501411437988,10
-13980.0,-15174.0,-14286.0,343,0.16550993919372559,9
-13806.0,-15371.0,-14028.0,352,0.17107701301574707,8
-14554.0,-15415.0,-13467.0,382,0.18473005294799805,12
-13787.0,-16000.0,-13438.0,396,0.19180011749267578,10
-14002.0,-15512.0,-13887.0,403,0.19540190696716309,9
-13828.0,-15709.0,-13629.0,410,0.19960904121398926,8
-14521.0,-15815.0,-12973.0,417,0.20272397994995117,10
-15225.0,-15153.0,-13118.0,440,0.21266794204711914,12
-14673.0,-15250.0,-13538.0,455,0.22031402587890625,9
-15057.0,-14974.0,-13454.0,477,0.23057913780212402,13
-15303.0,-14995.0,-13373.0,480,0.23215198516845703,12
-14658.0,-15341.0,-13280.0,483,0.23353791236877441,11
-14751.0,-15092.0,-13793.0,489,0.2363910675048828,9
-14491.0,-15860.0,-13130.0,499,0.24108290672302246,12
-15195.0,-15198.0,-13275.0,506,0.24398112297058105,12
-14643.0,-15295.0,-13695.0,509,0.24509406089782715,9
-14527.0,-15394.0,-13514.0,511,0.24581193923950195,7
