z1,z2,z3,node,time,depth
19472.0,17073.0,18984.0,1,0.005785942077636719,1
17308.0,19558.0,17077.0,1,0.005794048309326172,1
17332.0,19190.0,17295.0,1,0.0058019161224365234,1
19205.0,17380.0,18964.0,5,0.025804996490478516,3
17978.0,18634.0,18088.0,11,0.05975604057312012,6
18585.0,18371.0,18476.0,11,0.05976295471191406,6
