z1,z2,z3,node,time,depth
50.0,72.0,77.0,1,0.023694992065429688,1
80.0,62.0,58.0,1,0.023704051971435547,1
59.0,63.0,57.0,1,0.02374887466430664,1
97.0,86.0,56.0,3,0.060504913330078125,2
85.0,61.0,63.0,3,0.06051301956176758,2
90.0,61.0,62.0,3,0.06052088737487793,2
83.0,61.0,70.0,3,0.06053590774536133,2
74.0,58.0,76.0,5,0.10496783256530762,3
74.0,61.0,75.0,22,0.4759378433227539,5
58.0,70.0,81.0,30,0.6603560447692871,6
57.0,76.0,75.0,30,0.6604318618774414,6
58.0,83.0,73.0,51,1.0075209140777588,8
