z1,z2,z3,node,time,depth
-3001.0,-4268.0,-4530.0,1,0.0010139942169189453,1
-3419.0,-4092.0,-4150.0,16,0.015520811080932617,5
-3191.0,-4469.0,-3871.0,32,0.025754928588867188,6
-3723.0,-2922.0,-2733.0,70,0.045555830001831055,9
-3533.0,-2721.0,-3392.0,72,0.04624295234680176,9
-3693.0,-2464.0,-3474.0,74,0.04693889617919922,9
-3465.0,-2841.0,-3195.0,78,0.04833984375,9
