z1,z2,z3,node,time,depth
61.0,95.0,120.0,1,0.06041288375854492,1
90.0,96.0,84.0,1,0.060423851013183594,1
74.0,96.0,103.0,1,0.060434818267822266,1
106.0,103.0,73.0,1,0.06045699119567871,1
120.0,81.0,73.0,1,0.0605318546295166,1
82.0,84.0,104.0,1,0.06054282188415527,1
96.0,85.0,92.0,2,0.12320399284362793,2
127.0,115.0,72.0,3,0.1905817985534668,2
136.0,80.0,101.0,3,0.1905968189239502,2
129.0,80.0,108.0,3,0.1906118392944336,2
131.0,110.0,72.0,3,0.190626859664917,2
129.0,112.0,72.0,3,0.1906418800354004,2
87.0,101.0,89.0,32,1.9636259078979492,7
86.0,133.0,98.0,132,6.731441974639893,14
86.0,131.0,100.0,213,10.580695867538452,19
86.0,130.0,102.0,262,12.865840911865234,25
