z1,z2,z3,node,time,depth
-20736.0,-17829.0,-18187.0,1,0.0010368824005126953,1
-20424.0,-17439.0,-19059.0,3,0.0032668113708496094,2
-19750.0,-18362.0,-19226.0,3,0.00327301025390625,2
-20246.0,-18645.0,-18388.0,3,0.0032758712768554688,2
-20381.0,-17901.0,-18446.0,4,0.004348039627075195,3
-19867.0,-17652.0,-19416.0,7,0.00840902328491211,3
-20179.0,-18042.0,-18544.0,7,0.008412837982177734,3
-20269.0,-17871.0,-18919.0,7,0.008416891098022461,3
-20036.0,-17897.0,-19053.0,9,0.010686874389648438,4
-19569.0,-17939.0,-19785.0,9,0.010689020156860352,4
-19881.0,-18329.0,-18913.0,9,0.01069188117980957,4
-19620.0,-17316.0,-19845.0,11,0.014041900634765625,4
-20489.0,-17493.0,-18616.0,11,0.014045000076293945,4
-20022.0,-17535.0,-19348.0,11,0.014046907424926758,4
-20177.0,-17103.0,-19488.0,11,0.014056921005249023,4
-19479.0,-18110.0,-19410.0,19,0.025679826736450195,5
-20334.0,-17610.0,-18684.0,29,0.04200601577758789,5
-19914.0,-17943.0,-19178.0,33,0.04635000228881836,6
-20045.0,-17610.0,-19147.0,58,0.07641482353210449,6
-19798.0,-17274.0,-19576.0,86,0.10501503944396973,7
-20512.0,-17568.0,-18415.0,95,0.11217689514160156,7
-20111.0,-17708.0,-18965.0,174,0.1874709129333496,9
-19644.0,-17750.0,-19697.0,260,0.26187801361083984,10
-19503.0,-18026.0,-19655.0,261,0.26237988471984863,10
-20120.0,-18174.0,-18632.0,282,0.2800109386444092,10
-20203.0,-18476.0,-18396.0,308,0.3012428283691406,10
-19742.0,-18389.0,-18981.0,338,0.32479000091552734,11
-19999.0,-18309.0,-18817.0,339,0.32586193084716797,11
-20275.0,-17742.0,-18772.0,354,0.33704495429992676,11
-20358.0,-18044.0,-18536.0,372,0.35128283500671387,11
-19956.0,-18140.0,-18825.0,392,0.366426944732666,12
-20163.0,-18343.0,-18624.0,400,0.3722238540649414,12
-20199.0,-17509.0,-19420.0,405,0.37649083137512207,12
-19891.0,-18086.0,-19268.0,416,0.38426899909973145,12
-19808.0,-17784.0,-19504.0,462,0.4165518283843994,14
-19667.0,-18060.0,-19462.0,488,0.4334578514099121,15
