z1,z2,z3,node,time,depth
16157.0,18617.0,18020.0,1,0.018865108489990234,1
17113.0,17445.0,17909.0,1,0.018872976303100586,1
18674.0,17373.0,17403.0,1,0.01888108253479004,1
16934.0,17667.0,17194.0,1,0.018887996673583984,1
15900.0,19356.0,16913.0,1,0.018896102905273438,1
19000.0,17695.0,16758.0,1,0.01890397071838379,1
17938.0,18146.0,16444.0,1,0.018912076950073242,1
17503.0,17780.0,16832.0,1,0.018919944763183594,1
16927.0,18126.0,17331.0,6,0.07442092895507812,4
