z1,z2,z3,node,time,depth
52.0,67.0,84.0,1,0.03175997734069824,1
55.0,63.0,85.0,1,0.03176999092102051,1
71.0,54.0,47.0,1,0.03182196617126465,1
48.0,74.0,58.0,1,0.03183293342590332,1
58.0,64.0,77.0,2,0.0612640380859375,2
50.0,71.0,82.0,2,0.06127190589904785,2
54.0,72.0,67.0,2,0.0612950325012207,2
55.0,68.0,76.0,3,0.07768583297729492,3
53.0,72.0,74.0,3,0.0777280330657959,3
59.0,67.0,76.0,4,0.08710885047912598,4
57.0,71.0,74.0,8,0.10004401206970215,7
59.0,71.0,68.0,17,0.13653087615966797,4
56.0,68.0,75.0,19,0.15657687187194824,5
53.0,67.0,83.0,37,0.2576320171356201,4
54.0,70.0,82.0,48,0.3318459987640381,7
56.0,66.0,84.0,54,0.38168787956237793,6
66.0,68.0,71.0,64,0.42343783378601074,3
70.0,79.0,55.0,73,0.4481809139251709,5
70.0,62.0,71.0,80,0.46712684631347656,4
70.0,73.0,59.0,80,0.46715283393859863,4
68.0,71.0,62.0,80,0.4671788215637207,4
69.0,65.0,69.0,96,0.5418200492858887,5
69.0,69.0,63.0,114,0.6793639659881592,4
65.0,73.0,62.0,114,0.6793889999389648,4
64.0,67.0,73.0,114,0.6794478893280029,4
66.0,70.0,64.0,114,0.6794559955596924,4
66.0,63.0,80.0,114,0.6794638633728027,4
68.0,72.0,61.0,114,0.6794898509979248,4
68.0,78.0,57.0,114,0.6795148849487305,4
64.0,84.0,57.0,114,0.6795558929443359,4
63.0,70.0,71.0,115,0.7020988464355469,5
70.0,68.0,68.0,116,0.7186830043792725,6
66.0,69.0,70.0,116,0.7186980247497559,6
67.0,69.0,69.0,122,0.7439918518066406,7
67.0,83.0,56.0,129,0.7925200462341309,7
67.0,66.0,72.0,134,0.8436279296875,5
69.0,62.0,79.0,134,0.8436520099639893,5
68.0,66.0,71.0,135,0.8563969135284424,6
69.0,82.0,53.0,164,1.0633249282836914,5
