z1,z2,z3,node,time,depth
-22019.0,-20906.0,-19195.0,1,0.0007569789886474609,1
-21740.0,-21259.0,-18647.0,1,0.0007669925689697266,1
-22129.0,-20767.0,-18999.0,2,0.0019388198852539062,2
-21850.0,-21120.0,-18451.0,54,0.03877687454223633,6
-22220.0,-20460.0,-19029.0,63,0.04505181312561035,8
