z1,z2,z3,node,time,depth
-34.0,-26.0,-34.0,1,0.0007610321044921875,1
-36.0,-24.0,-41.0,1,0.0007619857788085938,1
-38.0,-22.0,-37.0,28,0.013926029205322266,9
-29.0,-27.0,-35.0,59,0.03016495704650879,5
