z1,z2,z3,node,time,depth
-8944.0,-6910.0,-8745.0,32,0.02109813690185547,6
-8239.0,-7705.0,-8188.0,64,0.03603219985961914,7
-8984.0,-7051.0,-8733.0,70,0.03860020637512207,7
-8899.0,-6767.0,-8874.0,94,0.0491330623626709,7
-8775.0,-6926.0,-8761.0,126,0.06323814392089844,8
-8157.0,-7806.0,-8111.0,138,0.06810212135314941,8
-8122.0,-7621.0,-8190.0,146,0.07149910926818848,8
-8204.0,-7520.0,-8267.0,152,0.07409811019897461,8
-7377.0,-8275.0,-7645.0,160,0.07756519317626953,8
-8817.0,-6868.0,-8797.0,180,0.08627820014953613,8
-8037.0,-7337.0,-8331.0,184,0.0881659984588623,8
-8072.0,-7522.0,-8252.0,198,0.09408402442932129,8
-8815.0,-7067.0,-8749.0,246,0.11355805397033691,9
-8780.0,-6882.0,-8828.0,262,0.11980819702148438,9
-7953.0,-7637.0,-8206.0,274,0.12450408935546875,9
-8035.0,-7536.0,-8283.0,284,0.12849903106689453,9
-8613.0,-6699.0,-8892.0,306,0.13717412948608398,9
-8695.0,-6598.0,-8969.0,316,0.1411740779876709,9
-8648.0,-6884.0,-8813.0,324,0.14424800872802734,9
-8730.0,-6783.0,-8890.0,334,0.1483311653137207,9
-7868.0,-7353.0,-8347.0,340,0.15061616897583008,9
-8277.0,-7708.0,-8057.0,368,0.16098999977111816,10
-8242.0,-7523.0,-8136.0,382,0.166215181350708,10
-7415.0,-8278.0,-7514.0,392,0.16979217529296875,10
-6558.0,-8683.0,-6847.0,396,0.17133212089538574,10
-7497.0,-8177.0,-7591.0,402,0.17400622367858887,10
-8157.0,-7239.0,-8277.0,422,0.1815650463104248,10
-7330.0,-7994.0,-7655.0,442,0.188521146774292,10
-6624.0,-8545.0,-6778.0,484,0.20227313041687012,11
