z1,z2,z3,node,time,depth
-2581.0,-2085.0,-2032.0,1,0.0024340152740478516,1
-2464.0,-2859.0,-1768.0,1,0.002454996109008789,1
-2289.0,-2842.0,-1912.0,2,0.004363059997558594,2
-1694.0,-1847.0,-2103.0,28,0.03550386428833008,5
-2613.0,-2633.0,-1731.0,34,0.039958953857421875,6
-1351.0,-3152.0,-1422.0,126,0.10433602333068848,8
-1514.0,-2943.0,-1355.0,128,0.10528802871704102,8
-2630.0,-2256.0,-1689.0,198,0.1425619125366211,9
-2090.0,-2986.0,-1316.0,203,0.1447429656982422,9
-1954.0,-2322.0,-1935.0,296,0.18455195426940918,10
-1302.0,-2981.0,-1765.0,298,0.18520903587341309,10
-1838.0,-2224.0,-2031.0,300,0.1858530044555664,10
-1843.0,-1621.0,-2066.0,304,0.1871500015258789,10
-1663.0,-2207.0,-2175.0,310,0.18943500518798828,10
-1286.0,-2503.0,-1930.0,316,0.1915590763092041,10
-1500.0,-2926.0,-1385.0,346,0.2032620906829834,11
-1021.0,-2631.0,-2063.0,358,0.20721888542175293,11
-1514.0,-2433.0,-2212.0,360,0.20789098739624023,11
-1137.0,-2729.0,-1967.0,362,0.20859694480895996,11
-846.0,-2614.0,-2207.0,364,0.20927691459655762,11
-1680.0,-1830.0,-2133.0,366,0.20993995666503906,11
