z1,z2,z3,node,time,depth
24168.0,23433.0,23908.0,1,0.03329586982727051,1
22614.0,26541.0,24235.0,1,0.0333099365234375,1
23159.0,23973.0,21959.0,1,0.03332400321960449,1
23068.0,24371.0,23281.0,1,0.03333878517150879,1
