z1,z2,z3,node,time,depth
-12887.0,-11302.0,-10172.0,1,0.0047800540924072266,1
-12239.0,-10799.0,-12381.0,1,0.0047838687896728516,1
-12849.0,-10452.0,-10492.0,1,0.004786968231201172,1
-12478.0,-11581.0,-11638.0,1,0.0047910213470458984,1
-10830.0,-12617.0,-10012.0,1,0.004793882369995117,1
-10239.0,-11678.0,-12869.0,1,0.004797935485839844,1
-11320.0,-12427.0,-12640.0,1,0.004801034927368164,1
-10493.0,-11319.0,-12925.0,1,0.004804849624633789,1
-11314.0,-11052.0,-12822.0,1,0.004807949066162109,1
-11706.0,-11955.0,-12662.0,1,0.004812002182006836,1
-12035.0,-11759.0,-12578.0,1,0.0048160552978515625,1
-12102.0,-12569.0,-11228.0,1,0.004818916320800781,1
-12501.0,-12236.0,-11026.0,1,0.004822969436645508,1
-12421.0,-12493.0,-10818.0,1,0.0048258304595947266,1
-12274.0,-12093.0,-11679.0,1,0.004828929901123047,1
-11019.0,-11381.0,-12720.0,2,0.010632038116455078,2
-11840.0,-11114.0,-12617.0,2,0.010642051696777344,2
-11726.0,-12380.0,-11666.0,3,0.015563011169433594,2
-10048.0,-12475.0,-11424.0,3,0.015566825866699219,2
-11639.0,-12351.0,-12230.0,3,0.015583992004394531,2
-12527.0,-11749.0,-10309.0,4,0.021605968475341797,3
-11765.0,-12260.0,-11409.0,4,0.02161693572998047,3
-11863.0,-11769.0,-12005.0,4,0.021656036376953125,3
-10625.0,-11206.0,-12891.0,6,0.03202486038208008,3
-11487.0,-12046.0,-12565.0,6,0.0320429801940918,3
-11719.0,-12094.0,-12438.0,7,0.03599691390991211,3
-11214.0,-12026.0,-12681.0,7,0.03601193428039551,3
-11783.0,-12026.0,-11797.0,8,0.04226088523864746,4
-12588.0,-11515.0,-11018.0,11,0.05608201026916504,4
-12559.0,-10864.0,-11232.0,11,0.05608487129211426,4
-11052.0,-11841.0,-12690.0,12,0.06030392646789551,4
-11430.0,-12361.0,-12020.0,14,0.06697487831115723,4
-12715.0,-10601.0,-10569.0,20,0.0939488410949707,5
-11477.0,-12166.0,-12239.0,24,0.1056509017944336,5
-11863.0,-11787.0,-11971.0,35,0.1404409408569336,6
-11996.0,-12168.0,-11269.0,44,0.15671491622924805,6
-11816.0,-11889.0,-12042.0,52,0.17521190643310547,6
-12212.0,-12503.0,-10608.0,84,0.23751401901245117,7
-12606.0,-11044.0,-10280.0,217,0.3795938491821289,9
