z1,z2,z3,node,time,depth
-31.0,-41.0,-37.0,1,0.0017600059509277344,1
-37.0,-35.0,-19.0,2,0.0033609867095947266,2
-36.0,-36.0,-22.0,57,0.04293203353881836,10
-33.0,-43.0,-25.0,76,0.05359005928039551,9
-36.0,-31.0,-31.0,79,0.056488037109375,5
-38.0,-28.0,-21.0,96,0.06728386878967285,9
-35.0,-36.0,-27.0,107,0.07235503196716309,8
