z1,z2,z3,node,time,depth
7612.0,5864.0,9472.0,1,0.037190914154052734,1
7978.0,6466.0,8011.0,1,0.037199974060058594,1
7494.0,8161.0,7177.0,1,0.03720688819885254,1
10041.0,9924.0,6784.0,1,0.03721499443054199,1
6162.0,8570.0,7317.0,1,0.03723788261413574,1
6905.0,8100.0,7457.0,2,0.07854485511779785,2
6150.0,10400.0,10807.0,2,0.07855987548828125,2
7255.0,6659.0,8775.0,2,0.07862997055053711,2
9184.0,11368.0,6881.0,3,0.09784698486328125,2
9068.0,11308.0,6969.0,5,0.1780548095703125,3
9296.0,10851.0,7121.0,11,0.2504258155822754,4
8365.0,11514.0,7115.0,18,0.2839629650115967,4
7805.0,6737.0,8080.0,23,0.3598978519439697,5
6979.0,7806.0,9213.0,46,0.4850618839263916,6
6655.0,8450.0,11455.0,58,0.53460693359375,6
6893.0,8548.0,11181.0,76,0.6287670135498047,6
6771.0,8510.0,11367.0,77,0.6332478523254395,6
9412.0,10911.0,7033.0,108,0.8162679672241211,7
9856.0,9485.0,7063.0,218,1.3161888122558594,10
8523.0,11118.0,7170.0,260,1.4981789588928223,11
