z1,z2,z3,node,time,depth
-2656.0,-3851.0,-3126.0,1,0.0015239715576171875,1
-2380.0,-3589.0,-3331.0,2,0.002789020538330078,2
-2575.0,-3482.0,-3298.0,57,0.040596961975097656,6
-2221.0,-3764.0,-3217.0,110,0.06322097778320312,8
-2345.0,-3335.0,-3552.0,224,0.10965394973754883,9
-2618.0,-3396.0,-3279.0,242,0.11586189270019531,9
-2001.0,-3921.0,-3050.0,252,0.11932706832885742,10
-2436.0,-4008.0,-2959.0,306,0.1364610195159912,11
-2125.0,-3492.0,-3385.0,312,0.13813090324401855,11
