z1,z2,z3,node,time,depth
21536.0,20481.0,19045.0,1,0.02640223503112793,1
20607.0,19471.0,20869.0,1,0.026415109634399414,1
19465.0,19931.0,21157.0,1,0.026426076889038086,1
19431.0,20311.0,20030.0,1,0.026437044143676758,1
19223.0,20527.0,21988.0,1,0.026449203491210938,1
19272.0,21064.0,20643.0,1,0.026507139205932617,1
19529.0,20255.0,20322.0,8,0.11044621467590332,4
19413.0,21126.0,20557.0,8,0.11045622825622559,4
20363.0,19740.0,20845.0,22,0.20239806175231934,8
