z1,z2,z3,node,time,depth
-3018.0,-2408.0,-3252.0,32,0.014155149459838867,10
-2667.0,-2519.0,-4009.0,54,0.023166179656982422,10
-2891.0,-2542.0,-3492.0,67,0.02839517593383789,9
-2921.0,-2834.0,-2766.0,71,0.03014397621154785,5
-2721.0,-2948.0,-3650.0,91,0.03774118423461914,7
-2485.0,-3196.0,-2508.0,121,0.051223039627075195,10
-3129.0,-1836.0,-3164.0,167,0.06940007209777832,5
-2905.0,-1813.0,-3681.0,168,0.06983208656311035,6
-2832.0,-2376.0,-3562.0,175,0.07268810272216797,8
-2898.0,-1918.0,-3889.0,185,0.07651019096374512,10
-3122.0,-1941.0,-3372.0,194,0.080078125,9
-3025.0,-2367.0,-2886.0,196,0.08113908767700195,5
-2825.0,-2481.0,-3770.0,208,0.08602213859558105,7
-2862.0,-2668.0,-2836.0,222,0.09169816970825195,9
-2855.0,-2773.0,-3044.0,229,0.09435415267944336,8
-3152.0,-2233.0,-2646.0,231,0.09511709213256836,6
-2959.0,-2242.0,-3322.0,248,0.1013331413269043,9
-2952.0,-2347.0,-3530.0,251,0.1024332046508789,8
