z1,z2,z3,node,time,depth
22124.0,27613.0,22513.0,1,0.07985210418701172,1
23266.0,25699.0,22865.0,1,0.07986617088317871,1
22688.0,26290.0,22636.0,1,0.0798799991607666,1
22924.0,25770.0,23555.0,1,0.07995009422302246,1
24908.0,23611.0,24984.0,1,0.07996416091918945,1
26281.0,22118.0,25803.0,1,0.07997798919677734,1
25869.0,22597.0,25832.0,33,1.5725669860839844,2
25733.0,23388.0,25232.0,57,2.8113560676574707,4
25312.0,23576.0,25349.0,89,4.355017185211182,7
25417.0,23549.0,25927.0,95,4.713747978210449,8
24006.0,25142.0,24057.0,129,6.56131911277771,11
