z1,z2,z3,node,time,depth
-3448.0,-3650.0,-3270.0,3,0.0020580291748046875,2
-3307.0,-3959.0,-3063.0,5,0.003464937210083008,3
-2761.0,-3625.0,-3362.0,7,0.004703044891357422,3
-2620.0,-3934.0,-3155.0,11,0.007280826568603516,4
-3567.0,-4127.0,-2997.0,32,0.017329931259155273,6
-3194.0,-4223.0,-2272.0,88,0.037552833557128906,8
-2507.0,-4198.0,-2364.0,92,0.039250850677490234,8
-1801.0,-3179.0,-3368.0,96,0.040947914123535156,8
-2742.0,-3698.0,-3080.0,100,0.0421910285949707,9
-3362.0,-4171.0,-2545.0,116,0.047013044357299805,10
