z1,z2,z3,node,time,depth
18150.0,16213.0,17309.0,1,0.012901067733764648,1
19147.0,17240.0,15974.0,1,0.012908935546875,1
17149.0,16974.0,18222.0,1,0.012917041778564453,1
16632.0,18414.0,17524.0,1,0.012923955917358398,1
17163.0,19347.0,16308.0,1,0.012931108474731445,1
16733.0,19094.0,16699.0,1,0.012938976287841797,1
17628.0,17265.0,16818.0,1,0.012945890426635742,1
18026.0,17524.0,16547.0,3,0.0320429801940918,2
17406.0,16883.0,18286.0,7,0.07320499420166016,4
17348.0,16984.0,17955.0,7,0.0732119083404541,4
