z1,z2,z3,node,time,depth
-15.0,-57.0,-13.0,1,0.0046308040618896484,1
-13.0,-55.0,-17.0,1,0.004633903503417969,1
-46.0,-18.0,-47.0,1,0.004637002944946289,1
-20.0,-49.0,-26.0,1,0.004639863967895508,1
-44.0,-18.0,-48.0,1,0.004642963409423828,1
-22.0,-51.0,-22.0,1,0.004645824432373047,1
-36.0,-39.0,-36.0,1,0.004648923873901367,1
-47.0,-23.0,-46.0,1,0.0046520233154296875,1
-47.0,-24.0,-43.0,1,0.004654884338378906,1
-45.0,-23.0,-47.0,1,0.0046579837799072266,1
-43.0,-27.0,-45.0,1,0.004660844802856445,1
-32.0,-38.0,-39.0,1,0.004663944244384766,1
-39.0,-36.0,-38.0,1,0.004666805267333984,1
-37.0,-32.0,-43.0,1,0.004669904708862305,1
-24.0,-50.0,-21.0,1,0.004673004150390625,1
-39.0,-37.0,-35.0,1,0.004675865173339844,1
-32.0,-43.0,-29.0,1,0.004678964614868164,1
-34.0,-40.0,-35.0,2,0.012315988540649414,2
-41.0,-31.0,-42.0,2,0.012346982955932617,2
-36.0,-37.0,-38.0,2,0.012349843978881836,2
-40.0,-30.0,-43.0,2,0.012352943420410156,2
-39.0,-32.0,-41.0,3,0.019114017486572266,2
-37.0,-35.0,-39.0,3,0.019116878509521484,2
-30.0,-41.0,-33.0,3,0.019119977951049805,2
-22.0,-48.0,-25.0,3,0.01912403106689453,2
-43.0,-28.0,-42.0,4,0.026678800582885742,3
-42.0,-29.0,-42.0,5,0.032063961029052734,3
-45.0,-26.0,-43.0,5,0.03207802772521973,3
-41.0,-32.0,-39.0,16,0.0478818416595459,4
-35.0,-35.0,-40.0,36,0.07148599624633789,4
-25.0,-44.0,-30.0,38,0.07640886306762695,4
-40.0,-33.0,-33.0,41,0.08848786354064941,5
-36.0,-33.0,-40.0,157,0.20084381103515625,7
-24.0,-42.0,-31.0,190,0.23464202880859375,7
-29.0,-45.0,-28.0,234,0.27500200271606445,8
-27.0,-46.0,-26.0,235,0.27727293968200684,8
-33.0,-41.0,-28.0,290,0.323930025100708,9
-16.0,-52.0,-18.0,311,0.34108686447143555,9
-27.0,-47.0,-19.0,352,0.3779330253601074,11
-24.0,-47.0,-23.0,368,0.39350390434265137,12
-25.0,-48.0,-20.0,390,0.4163179397583008,13
-18.0,-54.0,-14.0,407,0.4278678894042969,14
