z1,z2,z3,node,time,depth
-15658.0,-11185.0,-15971.0,1,0.0007960796356201172,1
-13484.0,-13492.0,-13871.0,3,0.0026471614837646484,2
-14266.0,-12598.0,-14651.0,25,0.020076990127563477,5
-14133.0,-12619.0,-14724.0,25,0.02007913589477539,5
-15027.0,-11928.0,-15090.0,27,0.021740198135375977,5
-13617.0,-13471.0,-13798.0,45,0.0354151725769043,6
-15009.0,-12058.0,-15118.0,85,0.06403517723083496,7
-13512.0,-13426.0,-13925.0,90,0.06749820709228516,8
-14243.0,-12581.0,-14841.0,93,0.06943011283874512,8
-14247.0,-12626.0,-14637.0,101,0.07321310043334961,8
-14305.0,-12567.0,-14441.0,105,0.07604598999023438,8
-13701.0,-13313.0,-13741.0,107,0.07751917839050293,8
-14350.0,-12440.0,-14594.0,111,0.08040118217468262,8
-14293.0,-12727.0,-14600.0,136,0.09775614738464355,9
-14942.0,-11854.0,-15453.0,144,0.10391902923583984,9
-15086.0,-11882.0,-15306.0,154,0.11123299598693848,9
-14986.0,-11984.0,-15271.0,156,0.11266398429870605,9
-14234.0,-12773.0,-14384.0,162,0.11590099334716797,10
-14965.0,-11928.0,-15300.0,172,0.12209820747375488,10
