z1,z2,z3,node,time,depth
-92.0,-74.0,-67.0,1,0.005739927291870117,1
-87.0,-77.0,-69.0,1,0.005763053894042969,1
-94.0,-78.0,-60.0,1,0.005777835845947266,1
-73.0,-68.0,-73.0,1,0.005823850631713867,1
-93.0,-74.0,-66.0,1,0.005825996398925781,1
-92.0,-78.0,-63.0,1,0.005827903747558594,1
-86.0,-79.0,-67.0,1,0.00584101676940918,1
-91.0,-80.0,-61.0,1,0.0058438777923583984,1
-83.0,-64.0,-70.0,58,0.08014893531799316,11
-84.0,-62.0,-70.0,80,0.10490202903747559,15
-78.0,-68.0,-70.0,110,0.13615798950195312,11
-77.0,-68.0,-71.0,138,0.17511200904846191,11
-76.0,-70.0,-71.0,169,0.21582603454589844,8
-71.0,-77.0,-70.0,442,0.5173099040985107,8
-76.0,-73.0,-70.0,477,0.5642268657684326,12
-77.0,-71.0,-70.0,485,0.5723268985748291,16
-74.0,-73.0,-71.0,543,0.6299400329589844,16
-79.0,-66.0,-71.0,578,0.6831378936767578,8
-72.0,-75.0,-71.0,607,0.7105648517608643,7
-78.0,-66.0,-72.0,712,0.8169739246368408,6
-73.0,-70.0,-72.0,883,1.0321149826049805,5
-87.0,-78.0,-67.0,1291,1.5491328239440918,5
-97.0,-66.0,-50.0,1365,1.644624948501587,17
-97.0,-64.0,-51.0,1371,1.6480119228363037,20
-96.0,-64.0,-55.0,1391,1.6595959663391113,18
-96.0,-62.0,-56.0,1395,1.6620769500732422,18
-80.0,-66.0,-70.0,1722,2.044903039932251,15
-97.0,-60.0,-54.0,1740,2.0625739097595215,16
-96.0,-65.0,-52.0,2237,2.7101168632507324,18
-97.0,-62.0,-52.0,2243,2.7151639461517334,16
-88.0,-76.0,-67.0,2424,2.8918509483337402,10
-95.0,-74.0,-63.0,2425,2.896293878555298,2
-86.0,-80.0,-65.0,2425,2.896371841430664,2
-92.0,-76.0,-64.0,2426,2.9012699127197266,3
-91.0,-76.0,-65.0,2426,2.9012880325317383,3
-96.0,-68.0,-48.0,2655,3.265460968017578,17
-94.0,-74.0,-64.0,3355,4.109699010848999,4
-89.0,-78.0,-64.0,3355,4.109729051589966,4
-89.0,-77.0,-66.0,3491,4.270951986312866,5
-98.0,-63.0,-48.0,3676,4.458452939987183,17
-99.0,-60.0,-51.0,3678,4.45947003364563,14
-98.0,-62.0,-50.0,3698,4.476853847503662,17
-99.0,-61.0,-48.0,3741,4.508913040161133,12
