z1,z2,z3,node,time,depth
82.0,61.0,41.0,1,0.03998112678527832,1
77.0,57.0,55.0,1,0.04001212120056152,1
54.0,70.0,53.0,1,0.04006505012512207,1
54.0,61.0,61.0,1,0.04008007049560547,1
50.0,63.0,77.0,1,0.040110111236572266,1
75.0,60.0,86.0,30,0.6068100929260254,8
76.0,60.0,80.0,30,0.6068170070648193,8
53.0,65.0,69.0,34,0.7597301006317139,4
76.0,59.0,88.0,48,1.0435271263122559,6
110.0,54.0,73.0,49,1.081855058670044,5
64.0,61.0,57.0,49,1.081869125366211,5
109.0,55.0,71.0,51,1.1140611171722412,7
80.0,89.0,52.0,114,2.256932020187378,8
75.0,94.0,51.0,140,3.042151927947998,10
76.0,93.0,51.0,159,3.3482019901275635,14
78.0,92.0,51.0,191,3.868994951248169,13
79.0,91.0,52.0,194,3.9484689235687256,15
