z1,z2,z3,node,time,depth
-15244.0,-13306.0,-14052.0,397,0.16590499877929688,9
-15508.0,-13194.0,-14157.0,487,0.20685291290283203,9
-14671.0,-12955.0,-14237.0,515,0.21852397918701172,9
