z1,z2,z3,node,time,depth
22404.0,19552.0,20614.0,1,0.01444101333618164,1
25293.0,20251.0,19398.0,1,0.014451980590820312,1
19811.0,22282.0,21491.0,1,0.014462947845458984,1
20626.0,20608.0,20004.0,1,0.014473915100097656,1
22193.0,20339.0,21972.0,4,0.06439495086669922,3
21157.0,20607.0,23176.0,5,0.06932783126831055,3
20605.0,21684.0,22528.0,16,0.1284029483795166,6
