z1,z2,z3,node,time,depth
-1691.0,-4122.0,-2087.0,106,0.048512935638427734,5
-997.0,-4327.0,-1262.0,175,0.07775402069091797,8
-1660.0,-4315.0,-1893.0,187,0.08406186103820801,2
-2343.0,-3574.0,-2541.0,201,0.09001708030700684,7
-2327.0,-3442.0,-2711.0,216,0.0966038703918457,8
-2478.0,-3084.0,-2587.0,234,0.1049349308013916,7
-1878.0,-4156.0,-1975.0,269,0.12255191802978516,5
