z1,z2,z3,node,time,depth
-2071.0,-2726.0,-3505.0,1,0.0017170906066894531,1
-2555.0,-3250.0,-2829.0,56,0.024003028869628906,9
-2383.0,-3256.0,-2958.0,57,0.024750947952270508,4
-2483.0,-2794.0,-3093.0,68,0.029701948165893555,9
-2399.0,-2703.0,-3316.0,69,0.03032708168029785,5
-2492.0,-2844.0,-2929.0,94,0.04157400131225586,9
-2420.0,-2388.0,-3193.0,102,0.04508805274963379,9
-2748.0,-2365.0,-3004.0,146,0.06361508369445801,9
-2820.0,-2821.0,-2740.0,150,0.06508898735046387,9
-2904.0,-2912.0,-2517.0,164,0.07000398635864258,9
-2732.0,-2918.0,-2646.0,165,0.0703270435333252,8
-2804.0,-3374.0,-2382.0,166,0.07063913345336914,7
-2340.0,-1882.0,-3569.0,180,0.08175492286682129,9
-2761.0,-2000.0,-2993.0,188,0.08530092239379883,9
-2605.0,-1453.0,-3480.0,198,0.08945894241333008,9
-2589.0,-2006.0,-3122.0,199,0.08978915214538574,8
-2677.0,-1909.0,-3216.0,208,0.09382510185241699,9
-2661.0,-2462.0,-2858.0,224,0.10033893585205078,9
-2412.0,-2338.0,-3305.0,231,0.10295605659484863,8
-3089.0,-1977.0,-2804.0,250,0.11165714263916016,9
-2917.0,-1983.0,-2933.0,256,0.11396193504333496,9
-2668.0,-1859.0,-3380.0,259,0.11507701873779297,8
-2989.0,-2439.0,-2669.0,266,0.11790108680725098,9
-2740.0,-2315.0,-3116.0,273,0.12047815322875977,8
-2824.0,-2406.0,-2893.0,300,0.13277101516723633,9
-3073.0,-2530.0,-2446.0,301,0.13311195373535156,8
-2652.0,-2412.0,-3022.0,302,0.13343214988708496,7
-2724.0,-2868.0,-2758.0,303,0.13376498222351074,6
