z1,z2,z3,node,time,depth
-36.0,-23.0,-27.0,1,0.0013790130615234375,1
-39.0,-31.0,-17.0,1,0.0013811588287353516,1
-30.0,-13.0,-28.0,2,0.0025300979614257812,2
-40.0,-26.0,-10.0,109,0.05607008934020996,10
-38.0,-25.0,-23.0,173,0.09313416481018066,6
-26.0,-13.0,-30.0,199,0.1063230037689209,10
-39.0,-29.0,-21.0,239,0.1264181137084961,5
