z1,z2,z3,node,time,depth
-8155.0,-8357.0,-7183.0,32,0.021999120712280273,6
-8721.0,-6775.0,-7345.0,41,0.02701401710510254,6
-8777.0,-7543.0,-6981.0,89,0.04946112632751465,7
-8532.0,-8175.0,-7390.0,124,0.06540513038635254,8
-8074.0,-7585.0,-7709.0,125,0.06580519676208496,8
-7961.0,-8522.0,-6759.0,220,0.10580706596374512,9
-7483.0,-6126.0,-8095.0,273,0.12351608276367188,9
-8441.0,-7680.0,-7549.0,286,0.1279590129852295,9
-8007.0,-7207.0,-7779.0,304,0.13415908813476562,10
-7916.0,-6712.0,-7938.0,334,0.14287018775939941,10
