z1,z2,z3,node,time,depth
-14088.0,-14363.0,-14084.0,207,0.09511184692382812,11
-14516.0,-14716.0,-13534.0,300,0.13521599769592285,10
-14422.0,-13971.0,-14386.0,313,0.14252495765686035,11
-14405.0,-13985.0,-14404.0,445,0.21026086807250977,9
-14651.0,-13621.0,-14831.0,467,0.2225499153137207,4
-14317.0,-14013.0,-14529.0,480,0.22944188117980957,12
-14983.0,-13699.0,-14174.0,489,0.23395681381225586,11
-14745.0,-14366.0,-13979.0,503,0.24125289916992188,9
-14634.0,-13635.0,-14849.0,533,0.25598788261413574,9
-15012.0,-13508.0,-14685.0,542,0.2619178295135498,6
-14678.0,-13900.0,-14383.0,552,0.2671840190887451,12
-15344.0,-13586.0,-14028.0,559,0.2705118656158447,11
-14929.0,-13860.0,-14095.0,562,0.27187299728393555,7
-15261.0,-13938.0,-13438.0,575,0.27800893783569336,11
-14636.0,-13789.0,-14701.0,578,0.27932286262512207,8
-14302.0,-14181.0,-14399.0,584,0.2823169231414795,12
-14968.0,-13867.0,-14044.0,587,0.2836298942565918,11
-15083.0,-13302.0,-14671.0,590,0.2849149703979492,9
-14749.0,-13694.0,-14369.0,594,0.28678202629089355,12
-15415.0,-13380.0,-14014.0,595,0.2871279716491699,11
-14865.0,-13888.0,-14037.0,597,0.2878429889678955,9
-15106.0,-14253.0,-13833.0,607,0.29352688789367676,9
-15023.0,-14605.0,-13243.0,613,0.2968738079071045,9
-14730.0,-14534.0,-13849.0,617,0.29875993728637695,9
-15177.0,-14047.0,-13819.0,618,0.299144983291626,8
-14912.0,-13874.0,-14113.0,627,0.30477404594421387,9
-14995.0,-13522.0,-14703.0,635,0.3093090057373047,9
-14619.0,-13803.0,-14719.0,640,0.31203198432922363,8
-15066.0,-13316.0,-14689.0,641,0.3123939037322998,7
