z1,z2,z3,node,time,depth
68.0,94.0,60.0,1,0.07571291923522949,1
78.0,80.0,78.0,1,0.07572388648986816,1
91.0,66.0,99.0,1,0.07573390007019043,1
94.0,66.0,98.0,1,0.07576584815979004,1
54.0,107.0,52.0,1,0.07592391967773438,1
52.0,130.0,61.0,2,0.09123802185058594,2
53.0,133.0,55.0,2,0.09124898910522461,2
57.0,138.0,51.0,2,0.09126996994018555,2
53.0,130.0,58.0,20,0.5338819026947021,3
70.0,91.0,68.0,35,1.2423639297485352,2
61.0,134.0,50.0,36,1.2789058685302734,3
63.0,133.0,50.0,36,1.278916835784912,3
59.0,132.0,51.0,36,1.2789368629455566,3
61.0,131.0,51.0,38,1.3561959266662598,5
61.0,105.0,57.0,57,2.078791856765747,3
65.0,105.0,56.0,59,2.23653507232666,4
121.0,61.0,130.0,60,2.255660057067871,5
91.0,71.0,94.0,192,6.59377384185791,17
125.0,63.0,128.0,216,7.209778070449829,18
126.0,64.0,127.0,222,7.639073848724365,22
123.0,64.0,129.0,260,8.688050985336304,26
116.0,65.0,127.0,368,11.289273977279663,23
118.0,65.0,124.0,368,11.289294958114624,23
124.0,64.0,128.0,395,11.767777919769287,29
