z1,z2,z3,node,time,depth
-15646.0,-12569.0,-14906.0,3,0.0018930435180664062,3
-14605.0,-13707.0,-14716.0,52,0.025262117385864258,16
-14581.0,-13602.0,-14766.0,61,0.02884197235107422,15
-14668.0,-13848.0,-14656.0,70,0.0322871208190918,14
-14677.0,-13527.0,-14643.0,88,0.04152703285217285,12
-15416.0,-13143.0,-14623.0,105,0.04908108711242676,11
-15276.0,-13363.0,-14618.0,109,0.05083489418029785,8
-15363.0,-12991.0,-14855.0,130,0.06100606918334961,10
-15731.0,-13189.0,-14305.0,135,0.06334400177001953,8
-15678.0,-13037.0,-14537.0,157,0.07417011260986328,9
-15175.0,-13188.0,-15173.0,158,0.07464098930358887,4
-14489.0,-13724.0,-14961.0,161,0.07622098922729492,6
-14891.0,-13398.0,-14880.0,171,0.0812079906463623,9
-14576.0,-13352.0,-15198.0,178,0.0845940113067627,8
-14544.0,-13907.0,-14769.0,216,0.09998703002929688,14
-15292.0,-13202.0,-14736.0,243,0.11377310752868652,11
-15152.0,-13422.0,-14731.0,247,0.1156160831451416,8
-15239.0,-13050.0,-14968.0,254,0.11948609352111816,10
-15607.0,-13248.0,-14418.0,259,0.12189793586730957,8
-15554.0,-13096.0,-14650.0,281,0.13288211822509766,9
-15051.0,-13247.0,-15286.0,282,0.13348388671875,4
-14365.0,-13783.0,-15074.0,285,0.13503193855285645,6
-14767.0,-13457.0,-14993.0,295,0.13999104499816895,9
-14758.0,-13498.0,-14634.0,297,0.14094209671020508,7
-14452.0,-13411.0,-15311.0,302,0.14341998100280762,8
-13901.0,-13472.0,-15443.0,332,0.15903091430664062,8
-14513.0,-14234.0,-14460.0,348,0.16560006141662598,16
-14489.0,-14129.0,-14510.0,353,0.16744303703308105,15
-14576.0,-14375.0,-14400.0,358,0.16954493522644043,14
-14699.0,-13889.0,-14350.0,363,0.1721949577331543,13
-14585.0,-14054.0,-14387.0,368,0.17493200302124023,12
-15324.0,-13670.0,-14367.0,381,0.18105411529541016,11
-15630.0,-13757.0,-13690.0,383,0.18197894096374512,9
-15005.0,-13976.0,-13673.0,384,0.18283295631408691,10
-14891.0,-14141.0,-13710.0,391,0.18640708923339844,11
-14790.0,-13966.0,-14265.0,402,0.19231200218200684,10
-14484.0,-13879.0,-14942.0,405,0.193756103515625,9
-14567.0,-14416.0,-14041.0,424,0.20215392112731934,14
-15315.0,-13711.0,-14008.0,433,0.20688295364379883,11
-14475.0,-13920.0,-14583.0,439,0.2098839282989502,9
-14840.0,-13776.0,-14419.0,441,0.21078705787658691,8
-14672.0,-13682.0,-14624.0,444,0.21249699592590332,8
-15074.0,-13756.0,-14558.0,447,0.21382498741149902,7
-15175.0,-13931.0,-14003.0,447,0.21382594108581543,7
-15577.0,-13605.0,-13922.0,455,0.2184131145477295,9
-15271.0,-13518.0,-14599.0,461,0.22141504287719727,7
