z1,z2,z3,node,time,depth
-42.0,-27.0,-39.0,1,0.0011401176452636719,1
-36.0,-28.0,-30.0,16,0.00941014289855957,11
-27.0,-31.0,-24.0,26,0.014508962631225586,11
-26.0,-29.0,-25.0,56,0.02943897247314453,8
-28.0,-31.0,-23.0,61,0.03149914741516113,10
-38.0,-20.0,-40.0,102,0.052618980407714844,11
-45.0,-17.0,-44.0,160,0.08632993698120117,11
-43.0,-14.0,-46.0,165,0.08868193626403809,10
-45.0,-15.0,-45.0,194,0.10345101356506348,7
-29.0,-29.0,-21.0,241,0.12851500511169434,10
