z1,z2,z3,node,time,depth
-58.0,-69.0,-66.0,2,0.007284879684448242,2
-59.0,-69.0,-65.0,2,0.007294893264770508,2
-61.0,-62.0,-63.0,2,0.007303953170776367,2
-55.0,-77.0,-59.0,5,0.016466856002807617,3
-50.0,-82.0,-55.0,6,0.01958489418029785,3
-65.0,-59.0,-66.0,6,0.01960277557373047,3
-52.0,-75.0,-60.0,11,0.03506278991699219,4
-49.0,-83.0,-53.0,11,0.035066843032836914,4
-64.0,-59.0,-67.0,13,0.039946794509887695,4
-56.0,-77.0,-58.0,17,0.050717830657958984,5
-60.0,-65.0,-61.0,18,0.0541539192199707,5
-43.0,-88.0,-49.0,18,0.05417680740356445,5
-66.0,-49.0,-63.0,121,0.2840099334716797,7
-62.0,-67.0,-59.0,121,0.2840127944946289,7
-43.0,-87.0,-50.0,144,0.32462382316589355,8
-39.0,-93.0,-40.0,153,0.3424549102783203,8
-59.0,-71.0,-63.0,238,0.5034058094024658,9
-59.0,-72.0,-60.0,239,0.5048789978027344,9
-54.0,-78.0,-53.0,425,0.8317949771881104,10
-61.0,-67.0,-60.0,589,1.1040449142456055,10
-52.0,-79.0,-57.0,662,1.194593906402588,11
-46.0,-85.0,-51.0,676,1.2136027812957764,11
-52.0,-80.0,-56.0,686,1.2288098335266113,11
-45.0,-85.0,-52.0,728,1.2884759902954102,11
-57.0,-73.0,-62.0,764,1.3404598236083984,11
-57.0,-74.0,-61.0,806,1.4000308513641357,11
-53.0,-78.0,-56.0,848,1.4689857959747314,12
-47.0,-84.0,-50.0,888,1.5154869556427002,12
-48.0,-84.0,-47.0,901,1.531646966934204,12
-46.0,-87.0,-49.0,922,1.5609328746795654,12
-47.0,-86.0,-49.0,932,1.5743029117584229,12
-51.0,-81.0,-54.0,1008,1.6756489276885986,12
-40.0,-90.0,-41.0,1072,1.7670137882232666,13
-39.0,-90.0,-42.0,1138,1.8497588634490967,13
-65.0,-61.0,-64.0,1184,1.908416986465454,13
-60.0,-64.0,-66.0,1295,2.0455129146575928,14
-62.0,-57.0,-68.0,1620,2.3525748252868652,18
