z1,z2,z3,node,time,depth
18968.0,17302.0,17914.0,1,0.004992961883544922,1
18293.0,18147.0,16818.0,1,0.005001068115234375,1
17261.0,18770.0,19107.0,1,0.00500798225402832,1
18150.0,18537.0,19419.0,3,0.014183998107910156,2
18224.0,18606.0,17831.0,3,0.01419210433959961,2
18965.0,17409.0,19023.0,13,0.051728010177612305,7
