z1,z2,z3,node,time,depth
-45.0,-60.0,-67.0,1,0.0031180381774902344,1
-46.0,-67.0,-56.0,1,0.0031349658966064453,1
-52.0,-55.0,-67.0,1,0.0031490325927734375,1
-49.0,-59.0,-67.0,2,0.005980968475341797,2
-54.0,-59.0,-63.0,10,0.023434877395629883,4
-48.0,-63.0,-60.0,28,0.05155301094055176,5
-54.0,-63.0,-56.0,63,0.09332990646362305,6
-53.0,-61.0,-58.0,111,0.13791298866271973,7
-48.0,-62.0,-62.0,258,0.23865389823913574,10
-52.0,-64.0,-56.0,262,0.24130988121032715,10
-52.0,-66.0,-55.0,263,0.24206995964050293,10
-46.0,-64.0,-61.0,306,0.26689791679382324,11
-52.0,-61.0,-62.0,334,0.2836630344390869,12
-55.0,-59.0,-62.0,346,0.289794921875,12
-49.0,-62.0,-61.0,352,0.2929039001464844,12
-55.0,-64.0,-55.0,354,0.2939479351043701,12
-40.0,-46.0,-68.0,373,0.3037409782409668,15
