z1,z2,z3,node,time,depth
-10020.0,-10412.0,-8350.0,1,0.0010118484497070312,1
-9470.0,-10358.0,-9206.0,1,0.001013040542602539,1
-10095.0,-10074.0,-8483.0,2,0.0019750595092773438,2
-10166.0,-9889.0,-8875.0,52,0.02278590202331543,7
-9684.0,-10169.0,-8688.0,54,0.023622989654541016,7
