z1,z2,z3,node,time,depth
-20154.0,-17297.0,-18110.0,1,0.002301931381225586,1
-19385.0,-17353.0,-18383.0,1,0.002341032028198242,1
-20156.0,-17332.0,-18049.0,2,0.004333019256591797,2
-19387.0,-17388.0,-18322.0,2,0.004333972930908203,2
-19925.0,-17581.0,-17755.0,251,0.18467092514038086,6
-19679.0,-17588.0,-17794.0,307,0.21941494941711426,13
-19677.0,-17553.0,-17855.0,656,0.42775392532348633,12
