z1,z2,z3,node,time,depth
-63.0,-66.0,-51.0,1,0.003780841827392578,1
-53.0,-73.0,-48.0,1,0.0037889480590820312,1
-50.0,-56.0,-56.0,1,0.003793954849243164,1
-64.0,-54.0,-44.0,1,0.0038139820098876953,1
-43.0,-78.0,-36.0,1,0.0038290023803710938,1
-61.0,-71.0,-42.0,11,0.03518199920654297,4
-56.0,-73.0,-40.0,11,0.03518486022949219,4
-51.0,-70.0,-49.0,25,0.07714390754699707,5
-54.0,-70.0,-47.0,29,0.08901691436767578,5
-55.0,-71.0,-45.0,33,0.10101103782653809,6
-54.0,-69.0,-48.0,58,0.17161893844604492,6
-43.0,-77.0,-37.0,62,0.18282294273376465,6
-56.0,-54.0,-52.0,85,0.24238300323486328,7
-52.0,-75.0,-36.0,121,0.3446190357208252,7
-57.0,-70.0,-44.0,137,0.3797779083251953,8
-59.0,-68.0,-47.0,175,0.4806180000305176,8
-55.0,-56.0,-53.0,294,0.7599289417266846,9
-53.0,-60.0,-53.0,424,1.0274219512939453,10
-53.0,-61.0,-52.0,440,1.057487964630127,10
-53.0,-74.0,-37.0,523,1.2280919551849365,10
-55.0,-70.0,-46.0,535,1.2398438453674316,11
-51.0,-53.0,-54.0,536,1.240360975265503,11
-57.0,-71.0,-43.0,556,1.264150857925415,11
-52.0,-68.0,-50.0,580,1.3024678230285645,11
-54.0,-71.0,-46.0,583,1.3058009147644043,11
-53.0,-67.0,-50.0,624,1.3820629119873047,11
-62.0,-69.0,-42.0,715,1.5348689556121826,12
-61.0,-70.0,-43.0,727,1.5482590198516846,12
-48.0,-60.0,-54.0,754,1.587885856628418,12
-50.0,-63.0,-53.0,776,1.6190898418426514,12
-62.0,-68.0,-44.0,858,1.7512428760528564,13
-56.0,-71.0,-44.0,992,1.940459966659546,14
-54.0,-60.0,-52.0,1034,1.983489990234375,14
-49.0,-64.0,-53.0,1036,1.9849169254302979,14
-56.0,-70.0,-45.0,1122,2.090759038925171,15
-61.0,-69.0,-44.0,1128,2.0960679054260254,15
-57.0,-51.0,-53.0,1136,2.1023218631744385,15
-54.0,-59.0,-53.0,1160,2.124828815460205,15
-49.0,-67.0,-51.0,1171,2.1337969303131104,15
-59.0,-67.0,-48.0,1180,2.141371011734009,15
-61.0,-68.0,-45.0,1238,2.1996400356292725,16
-58.0,-69.0,-47.0,1260,2.2185750007629395,16
-54.0,-67.0,-49.0,1278,2.2322640419006348,16
-48.0,-75.0,-39.0,1301,2.25390887260437,16
-58.0,-68.0,-48.0,1344,2.288604974746704,17
-53.0,-68.0,-49.0,1348,2.291581869125366,17
-47.0,-74.0,-40.0,1364,2.3030478954315186,17
-48.0,-76.0,-36.0,1394,2.326498031616211,17
