z1,z2,z3,node,time,depth
56.0,58.0,66.0,1,0.035684823989868164,1
63.0,52.0,68.0,1,0.03569293022155762,1
53.0,73.0,54.0,1,0.03570103645324707,1
49.0,69.0,58.0,1,0.03570890426635742,1
65.0,60.0,52.0,1,0.035748958587646484,1
82.0,92.0,49.0,2,0.06134796142578125,2
58.0,61.0,61.0,6,0.1377239227294922,4
60.0,68.0,57.0,6,0.13783693313598633,4
84.0,88.0,51.0,41,0.4397008419036865,9
