z1,z2,z3,node,time,depth
-2756.0,-1724.0,-2268.0,1,0.002682924270629883,1
-2599.0,-2012.0,-2300.0,2,0.004419803619384766,2
-2686.0,-1787.0,-2326.0,2,0.00442194938659668,2
-2404.0,-2276.0,-1951.0,3,0.006580829620361328,2
-1801.0,-2593.0,-1790.0,3,0.006590843200683594,2
-2264.0,-2405.0,-1836.0,16,0.025210857391357422,5
-1258.0,-2806.0,-1689.0,21,0.032074928283691406,5
-2523.0,-2145.0,-2244.0,32,0.04392886161804199,6
-1818.0,-2434.0,-1643.0,68,0.07569599151611328,7
-2275.0,-2118.0,-2339.0,80,0.08223199844360352,7
-2432.0,-1830.0,-2307.0,92,0.08999180793762207,7
-2779.0,-1222.0,-1779.0,106,0.0973668098449707,8
-1790.0,-2880.0,-1287.0,118,0.10388684272766113,8
-2362.0,-1893.0,-2365.0,146,0.11899280548095703,8
-2801.0,-843.0,-2252.0,153,0.12208294868469238,8
-2866.0,-997.0,-1805.0,168,0.12793183326721191,9
-1661.0,-2722.0,-1675.0,178,0.13179492950439453,9
-1866.0,-2747.0,-1343.0,180,0.1326308250427246,9
-2507.0,-812.0,-2573.0,188,0.1357560157775879,9
-2672.0,-685.0,-2640.0,196,0.13915491104125977,9
-2199.0,-2251.0,-2283.0,206,0.14278197288513184,9
-1953.0,-2522.0,-1369.0,236,0.15337800979614258,10
-2023.0,-2459.0,-1311.0,238,0.15404796600341797,10
-2344.0,-1170.0,-2491.0,240,0.15472197532653809,10
-2274.0,-1233.0,-2549.0,242,0.15548396110534668,10
-2431.0,-945.0,-2517.0,254,0.15994000434875488,10
-1182.0,-2939.0,-1633.0,264,0.163193941116333,11
-1941.0,-1254.0,-2505.0,266,0.1637718677520752,11
-1871.0,-1317.0,-2563.0,268,0.16434288024902344,11
-1708.0,-1675.0,-2481.0,270,0.16494393348693848,11
-1795.0,-1450.0,-2507.0,276,0.16659998893737793,11
-1865.0,-1387.0,-2449.0,278,0.16716885566711426,11
