z1,z2,z3,node,time,depth
-36.0,-44.0,-39.0,1,0.0009620189666748047,1
-29.0,-39.0,-44.0,1,0.0009648799896240234,1
-40.0,-40.0,-28.0,1,0.0009708404541015625,1
-37.0,-42.0,-32.0,2,0.0022559165954589844,2
-30.0,-28.0,-40.0,58,0.02672100067138672,8
