z1,z2,z3,node,time,depth
-7331.0,-11191.0,-7000.0,9,0.003534078598022461,4
-7862.0,-10641.0,-7880.0,9,0.0035359859466552734,4
