z1,z2,z3,node,time,depth
23383.0,23769.0,24454.0,1,0.04889202117919922,1
24435.0,24303.0,22085.0,1,0.048948049545288086,1
23621.0,23725.0,24505.0,1,0.04901695251464844,1
25136.0,23660.0,24772.0,4,0.1405470371246338,3
24213.0,25276.0,24407.0,6,0.28130292892456055,4
24097.0,25813.0,23708.0,6,0.2813601493835449,4
