z1,z2,z3,node,time,depth
21056.0,18930.0,21295.0,1,0.03244495391845703,1
21687.0,19303.0,19880.0,1,0.0324549674987793,1
21266.0,21104.0,19094.0,1,0.03246593475341797,1
18977.0,20099.0,21978.0,1,0.032475948333740234,1
19033.0,21850.0,20037.0,1,0.032486915588378906,1
18371.0,20916.0,21828.0,1,0.03249692916870117,1
18940.0,21600.0,20223.0,1,0.032507896423339844,1
19267.0,21352.0,19925.0,1,0.03251791000366211,1
20583.0,20201.0,20091.0,9,0.45216894149780273,2
20112.0,21643.0,19876.0,23,1.1664190292358398,5
20972.0,19389.0,21180.0,41,1.8393518924713135,9
