z1,z2,z3,node,time,depth
-3981.0,-3597.0,-2723.0,1,0.0006389617919921875,1
-3241.0,-3702.0,-3221.0,1,0.0006430149078369141,1
-4227.0,-3280.0,-3260.0,4,0.002454996109008789,4
-3259.0,-3210.0,-3469.0,30,0.012384891510009766,9
-4286.0,-3192.0,-3448.0,44,0.017947912216186523,8
-3817.0,-3499.0,-3245.0,116,0.043872833251953125,7
