z1,z2,z3,node,time,depth
-24.0,-33.0,-12.0,8,0.016484975814819336,4
-24.0,-27.0,-22.0,11,0.021513938903808594,4
-27.0,-18.0,-22.0,17,0.03037714958190918,5
-23.0,-32.0,-18.0,25,0.04120016098022461,5
-30.0,-23.0,-19.0,32,0.048992156982421875,6
-20.0,-29.0,-20.0,49,0.06652498245239258,6
-24.0,-24.0,-26.0,57,0.07531595230102539,6
-26.0,-17.0,-28.0,57,0.07532596588134766,6
-23.0,-14.0,-30.0,111,0.11391901969909668,7
-28.0,-30.0,-17.0,124,0.12134194374084473,8
-24.0,-35.0,-11.0,132,0.12546396255493164,8
-25.0,-32.0,-14.0,144,0.13126206398010254,8
-28.0,-17.0,-24.0,152,0.13492393493652344,8
-25.0,-31.0,-17.0,164,0.14085602760314941,8
-28.0,-16.0,-27.0,188,0.15270209312438965,8
-26.0,-24.0,-22.0,234,0.1724851131439209,9
-26.0,-23.0,-25.0,264,0.185028076171875,9
-20.0,-18.0,-32.0,266,0.18588995933532715,9
-24.0,-13.0,-32.0,272,0.18845796585083008,9
-26.0,-19.0,-27.0,280,0.19153499603271484,9
-27.0,-27.0,-21.0,288,0.1946091651916504,10
-19.0,-33.0,-14.0,294,0.19691705703735352,10
-23.0,-30.0,-19.0,298,0.19844412803649902,10
-24.0,-29.0,-18.0,300,0.19920110702514648,10
-25.0,-21.0,-26.0,306,0.20166707038879395,10
-24.0,-28.0,-21.0,312,0.20400214195251465,10
-20.0,-31.0,-19.0,318,0.20653510093688965,10
-21.0,-28.0,-22.0,324,0.20884203910827637,10
-25.0,-20.0,-29.0,326,0.20960712432861328,10
-22.0,-20.0,-30.0,332,0.21195697784423828,10
-24.0,-26.0,-25.0,334,0.21275997161865234,10
-22.0,-27.0,-23.0,344,0.21576809883117676,11
-19.0,-28.0,-23.0,360,0.22006607055664062,11
-20.0,-25.0,-26.0,366,0.22171616554260254,11
-20.0,-20.0,-31.0,370,0.2227950096130371,11
-21.0,-17.0,-34.0,372,0.223344087600708,11
-23.0,-23.0,-29.0,374,0.2239060401916504,11
