z1,z2,z3,node,time,depth
-3129.0,-3165.0,-2995.0,1,0.0014128684997558594,1
-4108.0,-2265.0,-3812.0,1,0.0014238357543945312,1
-3271.0,-2983.0,-2972.0,16,0.015650033950805664,5
-3829.0,-2570.0,-3892.0,32,0.028750896453857422,6
-1738.0,-3537.0,-1367.0,136,0.08647298812866211,8
-3783.0,-1792.0,-4069.0,164,0.09936785697937012,9
-4224.0,-671.0,-4594.0,202,0.11545395851135254,10
-3488.0,-1851.0,-3957.0,212,0.11890697479248047,10
-4297.0,-902.0,-4555.0,242,0.12844300270080566,11
