z1,z2,z3,node,time,depth
-29.0,-44.0,-42.0,4,0.0032110214233398438,3
-28.0,-46.0,-41.0,4,0.003214120864868164,3
-30.0,-46.0,-40.0,62,0.03469705581665039,7
-35.0,-41.0,-40.0,64,0.035578012466430664,7
-34.0,-44.0,-40.0,108,0.0546572208404541,8
-36.0,-32.0,-31.0,124,0.06048011779785156,10
-36.0,-33.0,-29.0,132,0.06275105476379395,11
