z1,z2,z3,node,time,depth
78.0,64.0,69.0,1,0.041665077209472656,1
91.0,52.0,93.0,1,0.04167318344116211,1
65.0,72.0,73.0,1,0.041680097579956055,1
76.0,64.0,73.0,1,0.04168820381164551,1
58.0,80.0,54.0,1,0.0417180061340332,1
57.0,121.0,50.0,2,0.10047602653503418,2
66.0,77.0,66.0,4,0.15452313423156738,3
67.0,107.0,53.0,5,0.167816162109375,3
57.0,107.0,58.0,5,0.1678462028503418,3
