z1,z2,z3,node,time,depth
-20333.0,-18720.0,-19290.0,2,0.0017969608306884766,2
-20175.0,-19289.0,-18894.0,153,0.10020995140075684,4
-20468.0,-18644.0,-19414.0,373,0.21908283233642578,10
