z1,z2,z3,node,time,depth
-12540.0,-11474.0,-14516.0,1,0.0016820430755615234,1
-13630.0,-11702.0,-13548.0,3,0.004269123077392578,2
-13321.0,-12192.0,-13430.0,9,0.010955095291137695,4
-13474.0,-10975.0,-13620.0,21,0.021590232849121094,5
-13062.0,-11749.0,-13853.0,23,0.023420095443725586,5
-12612.0,-12264.0,-13486.0,23,0.0234220027923584,5
-12634.0,-12253.0,-13559.0,23,0.023424148559570312,5
-12706.0,-12239.0,-13497.0,23,0.023426055908203125,5
-12953.0,-12166.0,-13509.0,35,0.03403520584106445,6
-13371.0,-11259.0,-13971.0,59,0.05343317985534668,6
-12943.0,-11763.0,-13677.0,59,0.05343508720397949,6
-12921.0,-11774.0,-13604.0,59,0.053437232971191406,6
-13262.0,-11676.0,-13627.0,89,0.07999515533447266,7
-12833.0,-12165.0,-13608.0,104,0.0947871208190918,8
-13699.0,-11716.0,-13048.0,144,0.1332859992980957,9
-12832.0,-12101.0,-13772.0,152,0.14192819595336914,9
-13141.0,-11611.0,-13890.0,158,0.14801716804504395,9
-13698.0,-11652.0,-13212.0,178,0.1655411720275879,10
-12917.0,-10934.0,-14298.0,184,0.1703801155090332,10
-12764.0,-12151.0,-14108.0,186,0.17281103134155273,10
-13142.0,-11675.0,-13726.0,188,0.17514801025390625,10
-12608.0,-11424.0,-14180.0,202,0.18523812294006348,15
