z1,z2,z3,node,time,depth
-20850.0,-17815.0,-21704.0,1,0.0007569789886474609,1
-20680.0,-17885.0,-21698.0,1,0.0007588863372802734,1
-20630.0,-17629.0,-21907.0,2,0.0015358924865722656,2
-20800.0,-17559.0,-21913.0,62,0.03468894958496094,3
-21322.0,-17167.0,-22472.0,134,0.07222294807434082,9
