z1,z2,z3,node,time,depth
5403.0,4782.0,5345.0,1,0.07607603073120117,1
6920.0,5964.0,4232.0,1,0.07608699798583984,1
5742.0,6025.0,4176.0,1,0.07609796524047852,1
8316.0,4576.0,6764.0,1,0.07610893249511719,1
4861.0,5819.0,5352.0,1,0.07615208625793457,1
4878.0,7107.0,4863.0,1,0.07619595527648926,1
4722.0,6048.0,5445.0,1,0.0762181282043457,1
4832.0,4822.0,6501.0,1,0.0762939453125,1
4214.0,8928.0,8263.0,2,0.11576294898986816,2
4459.0,7967.0,7430.0,2,0.11577010154724121,2
4669.0,9408.0,6152.0,2,0.11577796936035156,2
4360.0,9559.0,7070.0,2,0.11578512191772461,2
5184.0,6164.0,5137.0,2,0.11580705642700195,2
4550.0,7087.0,7848.0,2,0.1158149242401123,2
4572.0,7014.0,7904.0,2,0.11582207679748535,2
4671.0,6768.0,7738.0,2,0.1158299446105957,2
4649.0,6841.0,7682.0,2,0.11583709716796875,2
4330.0,9025.0,7559.0,3,0.13639497756958008,3
4559.0,7836.0,7764.0,28,0.4125831127166748,5
4327.0,8502.0,8454.0,28,0.41259098052978516,5
4363.0,8783.0,8414.0,39,0.5916759967803955,12
4594.0,8714.0,7033.0,58,0.8675289154052734,6
4457.0,8710.0,7458.0,72,1.0949459075927734,7
4627.0,8560.0,7171.0,74,1.1805391311645508,8
4250.0,9209.0,8223.0,125,1.885241985321045,10
4720.0,8132.0,7003.0,187,3.2515170574188232,4
4400.0,8911.0,7318.0,187,3.2516679763793945,4
4499.0,8240.0,7417.0,187,3.251807928085327,4
4529.0,9106.0,6698.0,187,3.251819133758545,4
4562.0,8952.0,6836.0,215,3.964182138442993,11
4487.0,9244.0,6969.0,216,3.9850330352783203,12
4433.0,8757.0,7456.0,260,4.639693021774292,8
4702.0,9254.0,6290.0,306,5.8151960372924805,7
4519.0,7563.0,7777.0,392,7.978302001953125,3
4680.0,7859.0,7016.0,392,7.978362083435059,3
4243.0,8288.0,9254.0,442,9.050307989120483,3
4234.0,8338.0,9152.0,442,9.050323009490967,3
4407.0,7638.0,8396.0,442,9.050331115722656,3
4654.0,8609.0,7151.0,445,9.124099969863892,6
4419.0,8634.0,8298.0,448,9.206703901290894,8
4679.0,8870.0,6997.0,480,10.03459906578064,6
4659.0,8621.0,7139.0,604,13.793731927871704,4
4710.0,9044.0,6825.0,638,14.689959049224854,8
4684.0,8882.0,6985.0,655,15.194992065429688,7
7840.0,4660.0,6973.0,736,18.518635988235474,9
4607.0,7905.0,7721.0,736,18.518646955490112,9
