z1,z2,z3,node,time,depth
21168.0,18131.0,22672.0,1,0.009213924407958984,1
20396.0,21512.0,19303.0,1,0.009226083755493164,1
21895.0,20288.0,20880.0,2,0.04199409484863281,2
24072.0,20039.0,22563.0,26,0.5332000255584717,8
