z1,z2,z3,node,time,depth
21570.0,27336.0,21169.0,1,0.03537392616271973,1
22386.0,26236.0,22432.0,1,0.03538799285888672,1
27797.0,21289.0,26864.0,1,0.03540205955505371,1
24788.0,23502.0,25331.0,1,0.0354158878326416,1
25441.0,23888.0,25069.0,28,1.20945405960083,5
23492.0,25211.0,23733.0,42,1.9268360137939453,6
23584.0,25420.0,23576.0,66,3.298261880874634,8
22339.0,26882.0,21975.0,128,6.015054941177368,13
