z1,z2,z3,node,time,depth
-2451.0,-2126.0,-4304.0,1,0.0011708736419677734,1
-3236.0,-2902.0,-2373.0,3,0.0037169456481933594,3
-3304.0,-2682.0,-2704.0,4,0.0046079158782958984,4
-2383.0,-2346.0,-3973.0,23,0.013520956039428711,4
-3248.0,-2379.0,-2891.0,50,0.02722001075744629,9
-2234.0,-3065.0,-3905.0,142,0.07600188255310059,11
-3157.0,-3874.0,-3416.0,177,0.09209084510803223,7
-2824.0,-4453.0,-2973.0,223,0.11605191230773926,7
-2902.0,-4444.0,-2939.0,225,0.11764192581176758,6
-2985.0,-4206.0,-3335.0,244,0.12546682357788086,6
-2219.0,-3083.0,-3840.0,246,0.12722086906433105,4
-2970.0,-4224.0,-3270.0,246,0.1272258758544922,4
-2141.0,-3092.0,-3874.0,268,0.14148688316345215,11
-2892.0,-4233.0,-3304.0,272,0.14316201210021973,6
-3225.0,-3654.0,-3747.0,273,0.14348387718200684,5
