z1,z2,z3,node,time,depth
22546.0,19110.0,23374.0,1,0.014915943145751953,1
19196.0,24726.0,18622.0,1,0.014925956726074219,1
18894.0,23686.0,19330.0,1,0.014935970306396484,1
21892.0,21183.0,21598.0,9,0.11739683151245117,2
22753.0,19952.0,22849.0,9,0.1174168586730957,2
20396.0,22479.0,20878.0,17,0.19460582733154297,3
20568.0,22641.0,20319.0,17,0.19463682174682617,3
20975.0,22185.0,20917.0,43,0.41158604621887207,6
20954.0,22607.0,20719.0,67,0.6835019588470459,11
