z1,z2,z3,node,time,depth
62.0,77.0,62.0,1,0.0072858333587646484,1
66.0,79.0,58.0,1,0.007290840148925781,1
79.0,63.0,64.0,1,0.007295846939086914,1
62.0,57.0,81.0,1,0.007300853729248047,1
72.0,72.0,57.0,1,0.00730586051940918,1
73.0,74.0,54.0,1,0.007309913635253906,1
64.0,78.0,60.0,2,0.015051841735839844,2
70.0,71.0,65.0,20,0.13450288772583008,7
