z1,z2,z3,node,time,depth
-63.0,-31.0,-32.0,1,0.0030159950256347656,1
-43.0,-42.0,-40.0,1,0.003036975860595703,1
-50.0,-31.0,-44.0,2,0.00622105598449707,2
-46.0,-35.0,-43.0,2,0.006237030029296875,2
-48.0,-41.0,-36.0,2,0.006242990493774414,2
-55.0,-40.0,-30.0,2,0.006262063980102539,2
-56.0,-36.0,-36.0,337,0.2889590263366699,4
-56.0,-32.0,-38.0,338,0.29134106636047363,5
-53.0,-23.0,-41.0,464,0.39507007598876953,6
-55.0,-35.0,-38.0,536,0.46375107765197754,9
-60.0,-34.0,-32.0,551,0.4722418785095215,11
-57.0,-31.0,-39.0,553,0.47295594215393066,9
-57.0,-36.0,-34.0,690,0.607759952545166,16
-39.0,-27.0,-45.0,700,0.6151449680328369,3
-60.0,-38.0,-29.0,701,0.6172440052032471,4
-37.0,-43.0,-34.0,826,0.7336111068725586,6
-53.0,-39.0,-35.0,834,0.7463679313659668,7
-56.0,-42.0,-28.0,835,0.7485918998718262,8
-54.0,-43.0,-31.0,958,0.830488920211792,16
-51.0,-44.0,-31.0,965,0.8329899311065674,9
-36.0,-32.0,-44.0,1057,0.9167709350585938,10
-51.0,-33.0,-42.0,1059,0.9194459915161133,6
-58.0,-32.0,-36.0,1060,0.9215450286865234,7
-59.0,-37.0,-33.0,1142,0.9872269630432129,16
-55.0,-37.0,-35.0,1147,0.9890749454498291,11
-57.0,-33.0,-36.0,1148,0.9894380569458008,10
-56.0,-38.0,-33.0,1149,0.9898090362548828,9
-52.0,-37.0,-38.0,1162,0.9983739852905273,16
-49.0,-38.0,-38.0,1164,0.999114990234375,14
-40.0,-26.0,-46.0,1243,1.0943150520324707,12
-38.0,-30.0,-45.0,1247,1.099442958831787,11
-34.0,-35.0,-44.0,1248,1.1003799438476562,12
-37.0,-31.0,-45.0,1254,1.1032860279083252,11
-47.0,-38.0,-41.0,1266,1.114227056503296,5
-53.0,-43.0,-33.0,1321,1.1631450653076172,10
-52.0,-42.0,-35.0,1321,1.1631500720977783,10
-57.0,-41.0,-29.0,1333,1.1701738834381104,9
-54.0,-38.0,-36.0,1334,1.1705350875854492,8
-50.0,-36.0,-42.0,1340,1.1759450435638428,9
-51.0,-37.0,-40.0,1341,1.1768879890441895,10
-52.0,-32.0,-43.0,1359,1.1857779026031494,7
