z1,z2,z3,node,time,depth
-21236.0,-20611.0,-20783.0,1,0.000698089599609375,1
-20709.0,-20813.0,-20797.0,3,0.001981973648071289,2
-19771.0,-21106.0,-21208.0,5,0.003292083740234375,3
-20298.0,-20904.0,-21194.0,5,0.0032930374145507812,3
-20474.0,-21096.0,-21017.0,90,0.05030107498168945,9
