z1,z2,z3,node,time,depth
-55.0,-43.0,-52.0,392,0.25150299072265625,12
-42.0,-56.0,-45.0,755,0.5000870227813721,16
-48.0,-49.0,-52.0,771,0.5095491409301758,14
-50.0,-49.0,-49.0,882,0.5764260292053223,15
-54.0,-29.0,-55.0,1050,0.6746120452880859,7
-55.0,-28.0,-55.0,1078,0.6966190338134766,14
-54.0,-44.0,-53.0,1464,0.9689011573791504,9
-20.0,-74.0,-21.0,2776,1.825416088104248,15
-48.0,-51.0,-46.0,3113,2.03165602684021,12
-44.0,-55.0,-45.0,3267,2.1358962059020996,14
-22.0,-73.0,-21.0,3390,2.2048120498657227,15
-49.0,-50.0,-49.0,3645,2.3499670028686523,14
-51.0,-50.0,-46.0,3862,2.4662301540374756,13
-47.0,-64.0,-44.0,3927,2.4975039958953857,9
-38.0,-70.0,-36.0,3929,2.4981770515441895,7
