z1,z2,z3,node,time,depth
-17267.0,-18654.0,-17316.0,17,0.025207042694091797,5
-17147.0,-18845.0,-17489.0,19,0.028046131134033203,5
-17430.0,-18423.0,-16772.0,21,0.03116607666015625,5
-16695.0,-19248.0,-16443.0,23,0.03409719467163086,5
-18057.0,-17629.0,-17638.0,25,0.03694915771484375,5
-17322.0,-18454.0,-17309.0,27,0.03972506523132324,5
-17306.0,-18527.0,-17266.0,33,0.04927515983581543,6
-17186.0,-18718.0,-17439.0,37,0.054676055908203125,6
-15960.0,-20001.0,-15657.0,43,0.06223011016845703,6
-15563.0,-20160.0,-15843.0,44,0.06349515914916992,6
-15921.0,-20128.0,-15707.0,47,0.06733512878417969,6
-17196.0,-18690.0,-17070.0,59,0.0822601318359375,6
-16381.0,-19628.0,-16752.0,69,0.09380507469177246,7
-16734.0,-19121.0,-16393.0,87,0.11668014526367188,7
-15008.0,-20449.0,-15154.0,93,0.12439322471618652,7
-17361.0,-18327.0,-17259.0,103,0.13656401634216309,7
-15826.0,-19917.0,-16063.0,143,0.18337512016296387,8
-17365.0,-18380.0,-17096.0,246,0.295896053314209,9
-17320.0,-18461.0,-17016.0,478,0.5115871429443359,10
-17947.0,-17667.0,-17882.0,536,0.5569491386413574,10
-16588.0,-19233.0,-16558.0,640,0.6396350860595703,11
-16549.0,-19360.0,-16608.0,652,0.6484470367431641,11
-17310.0,-18614.0,-16945.0,717,0.6970300674438477,11
-17937.0,-17820.0,-17811.0,783,0.7448551654815674,11
-16504.0,-19441.0,-16528.0,1136,1.0193650722503662,13
-17827.0,-17858.0,-18055.0,1164,1.0383741855621338,13
-15608.0,-20079.0,-15923.0,1376,1.1960740089416504,15
-16490.0,-19507.0,-16778.0,1468,1.2568671703338623,16
-15717.0,-19958.0,-15949.0,1470,1.2580070495605469,16
-16653.0,-19276.0,-16234.0,1486,1.267747163772583,16
-15879.0,-19724.0,-15763.0,1488,1.268862009048462,16
-15672.0,-20039.0,-15869.0,1490,1.2701900005340576,16
-16614.0,-19403.0,-16284.0,1492,1.2712621688842773,16
-15840.0,-19851.0,-15813.0,1494,1.2724130153656006,16
-16506.0,-18930.0,-16629.0,1512,1.2840931415557861,16
-17375.0,-18261.0,-17009.0,1528,1.293956995010376,16
