z1,z2,z3,node,time,depth
27.0,38.0,23.0,1,0.015046119689941406,1
21.0,51.0,24.0,1,0.015051126480102539,1
26.0,46.0,19.0,1,0.015057086944580078,1
28.0,48.0,18.0,1,0.015062093734741211,1
35.0,41.0,18.0,1,0.01506805419921875,1
27.0,32.0,50.0,1,0.015074014663696289,1
33.0,39.0,19.0,1,0.015079021453857422,1
35.0,38.0,20.0,1,0.015085220336914062,1
34.0,34.0,25.0,1,0.015089988708496094,1
46.0,30.0,37.0,1,0.015096187591552734,1
26.0,33.0,41.0,1,0.015101194381713867,1
27.0,33.0,32.0,1,0.015107154846191406,1
18.0,47.0,35.0,1,0.015113115310668945,1
18.0,45.0,38.0,1,0.015118122100830078,1
18.0,52.0,29.0,1,0.015123128890991211,1
19.0,46.0,33.0,1,0.01512908935546875,1
32.0,35.0,24.0,1,0.015135049819946289,1
28.0,32.0,41.0,1,0.015145063400268555,1
25.0,34.0,37.0,1,0.015151023864746094,1
23.0,36.0,43.0,1,0.015156030654907227,1
19.0,41.0,39.0,1,0.01516103744506836,1
34.0,32.0,28.0,1,0.015166997909545898,1
32.0,33.0,27.0,1,0.015172004699707031,1
26.0,34.0,28.0,1,0.015178203582763672,1
32.0,31.0,46.0,1,0.015189170837402344,1
35.0,31.0,31.0,1,0.015194177627563477,1
25.0,40.0,29.0,2,0.034147024154663086,2
24.0,36.0,34.0,2,0.03415322303771973,2
22.0,43.0,30.0,3,0.05081319808959961,2
23.0,37.0,40.0,3,0.050829172134399414,2
22.0,38.0,36.0,3,0.050878047943115234,2
31.0,32.0,37.0,3,0.05091118812561035,2
29.0,40.0,22.0,4,0.06776118278503418,3
25.0,37.0,32.0,4,0.06776618957519531,3
28.0,36.0,27.0,4,0.06781721115112305,3
21.0,49.0,26.0,6,0.09163808822631836,3
22.0,45.0,28.0,7,0.10837912559509277,3
21.0,46.0,30.0,7,0.10840702056884766,3
22.0,40.0,34.0,7,0.1084132194519043,3
35.0,36.0,23.0,9,0.13870501518249512,4
33.0,37.0,22.0,10,0.1476449966430664,4
24.0,35.0,47.0,10,0.1476612091064453,4
18.0,50.0,32.0,13,0.18052911758422852,4
21.0,47.0,29.0,13,0.18053412437438965,4
20.0,40.0,43.0,13,0.18055009841918945,4
21.0,42.0,35.0,13,0.180556058883667,4
26.0,41.0,25.0,15,0.20786714553833008,4
25.0,49.0,23.0,24,0.2672271728515625,5
20.0,45.0,37.0,27,0.29221010208129883,5
42.0,30.0,46.0,27,0.29222702980041504,5
39.0,30.0,53.0,27,0.2922329902648926,5
23.0,44.0,29.0,28,0.3043851852416992,5
24.0,48.0,25.0,29,0.31476521492004395,5
21.0,44.0,32.0,51,0.3902621269226074,6
21.0,39.0,52.0,54,0.4083120822906494,6
26.0,44.0,22.0,58,0.44148707389831543,6
25.0,47.0,26.0,89,0.5439670085906982,7
27.0,45.0,20.0,101,0.5879790782928467,7
22.0,50.0,25.0,191,0.7430150508880615,9
