z1,z2,z3,node,time,depth
95.0,74.0,70.0,1,0.01320505142211914,1
85.0,77.0,83.0,1,0.013211965560913086,1
83.0,91.0,58.0,1,0.013219833374023438,1
66.0,90.0,81.0,1,0.01322793960571289,1
68.0,94.0,73.0,1,0.013234853744506836,1
83.0,80.0,78.0,13,0.2691209316253662,2
75.0,90.0,77.0,19,0.39598894119262695,3
81.0,88.0,70.0,23,0.4742238521575928,4
85.0,86.0,75.0,43,0.8734409809112549,7
127.0,90.0,66.0,56,1.1367039680480957,10
