z1,z2,z3,node,time,depth
3684.0,8551.0,9049.0,1,0.0561680793762207,1
3726.0,7710.0,9763.0,1,0.056175947189331055,1
5920.0,4734.0,5662.0,1,0.056199073791503906,1
6653.0,6218.0,4603.0,1,0.05622100830078125,1
4798.0,6018.0,5000.0,1,0.0562291145324707,1
4713.0,4634.0,5913.0,1,0.05623602867126465,1
8899.0,3871.0,7745.0,1,0.056243896484375,1
8220.0,3869.0,8835.0,1,0.056266069412231445,1
8521.0,3870.0,8194.0,1,0.0562739372253418,1
5728.0,4192.0,6584.0,1,0.056333065032958984,1
4537.0,8032.0,7911.0,2,0.08580994606018066,2
7928.0,8128.0,4535.0,159,3.23392391204834,2
5961.0,5737.0,5218.0,160,3.2644059658050537,3
4267.0,7900.0,8738.0,175,3.6913599967956543,6
4309.0,7059.0,9452.0,175,3.6913681030273438,6
4500.0,7829.0,8239.0,176,3.7036919593811035,7
4549.0,7118.0,8671.0,176,3.7036991119384766,7
4542.0,6988.0,8953.0,176,3.703706979751587,7
4486.0,7752.0,8273.0,205,4.239130020141602,7
4528.0,6911.0,8987.0,205,4.239160060882568,7
3903.0,8403.0,8584.0,294,5.660798072814941,6
4178.0,7491.0,8799.0,294,5.660811901092529,6
3945.0,7562.0,9298.0,294,5.660820007324219,6
3917.0,8480.0,8550.0,294,5.660849094390869,6
4136.0,8332.0,8085.0,294,5.6608710289001465,6
3959.0,7639.0,9264.0,346,6.747037887573242,10
4440.0,7432.0,8455.0,346,6.747097015380859,10
4523.0,7305.0,9324.0,351,6.897171974182129,14
4421.0,7833.0,8486.0,365,7.031584978103638,15
4290.0,7376.0,9823.0,394,7.34197998046875,15
4509.0,7228.0,9358.0,505,8.920161962509155,13
4130.0,7143.0,10201.0,532,9.409122943878174,9
4349.0,6995.0,9736.0,594,10.430053949356079,10
4507.0,6973.0,9584.0,630,11.196830987930298,5
4514.0,6933.0,9593.0,630,11.196846008300781,5
4539.0,6905.0,9552.0,636,11.380815029144287,9
4551.0,5569.0,6889.0,689,12.203382968902588,5
9008.0,4092.0,7464.0,691,12.258466005325317,7
7997.0,3998.0,8998.0,691,12.258577108383179,7
8676.0,4000.0,7908.0,692,12.295809030532837,8
8298.0,3999.0,8357.0,692,12.295891046524048,8
8630.0,4091.0,7913.0,773,13.484649896621704,10
5892.0,5479.0,5834.0,832,14.571140050888062,8
4522.0,8495.0,7846.0,861,15.386759996414185,13
4536.0,8572.0,7812.0,896,16.201889991760254,13
8771.0,7451.0,4579.0,955,17.680548906326294,12
8274.0,7508.0,4566.0,955,17.680586099624634,12
8425.0,8071.0,4548.0,995,18.45575499534607,13
