z1,z2,z3,node,time,depth
-49.0,-52.0,-56.0,5,0.011069059371948242,3
-54.0,-48.0,-54.0,5,0.011092185974121094,3
-51.0,-50.0,-54.0,9,0.019273996353149414,4
-44.0,-60.0,-44.0,32,0.05680513381958008,6
-50.0,-52.0,-53.0,64,0.09724807739257812,7
-48.0,-55.0,-53.0,65,0.09786701202392578,7
-45.0,-57.0,-47.0,80,0.11421799659729004,7
-44.0,-58.0,-45.0,124,0.15219616889953613,8
-42.0,-59.0,-46.0,125,0.15285921096801758,8
-53.0,-51.0,-53.0,130,0.15675115585327148,8
-57.0,-46.0,-60.0,133,0.1594700813293457,8
-43.0,-56.0,-49.0,153,0.17597198486328125,8
-59.0,-45.0,-59.0,216,0.21445798873901367,9
-53.0,-38.0,-61.0,291,0.2590491771697998,10
-61.0,-31.0,-66.0,346,0.28674817085266113,11
-56.0,-34.0,-61.0,370,0.29758214950561523,11
-22.0,-64.0,-26.0,402,0.3126411437988281,12
-28.0,-61.0,-33.0,406,0.31421518325805664,12
-29.0,-61.0,-30.0,420,0.3202240467071533,13
-62.0,-30.0,-65.0,432,0.32595205307006836,13
