z1,z2,z3,node,time,depth
-23.0,-50.0,-22.0,8,0.014846086502075195,4
-38.0,-45.0,-39.0,33,0.05570411682128906,6
-37.0,-46.0,-36.0,144,0.22794008255004883,8
-48.0,-37.0,-49.0,350,0.4637761116027832,9
-43.0,-42.0,-43.0,533,0.6415259838104248,10
-51.0,-34.0,-51.0,627,0.7217271327972412,10
-49.0,-36.0,-50.0,635,0.7287001609802246,10
-49.0,-35.0,-51.0,697,0.8033950328826904,10
-39.0,-43.0,-37.0,860,0.9247581958770752,11
-46.0,-39.0,-45.0,872,0.9353690147399902,11
-50.0,-36.0,-49.0,903,0.9635310173034668,11
-47.0,-38.0,-45.0,941,0.9920291900634766,11
-44.0,-38.0,-46.0,1090,1.1054680347442627,11
-51.0,-35.0,-49.0,1274,1.2344841957092285,12
-44.0,-41.0,-44.0,1352,1.27618408203125,12
-57.0,-28.0,-56.0,1410,1.307096004486084,12
-55.0,-31.0,-55.0,1432,1.3214612007141113,12
-52.0,-32.0,-52.0,1486,1.3581831455230713,12
-50.0,-35.0,-50.0,1646,1.4595820903778076,13
-55.0,-30.0,-56.0,1774,1.5312650203704834,13
-56.0,-29.0,-56.0,1788,1.5398590564727783,13
-52.0,-33.0,-51.0,1833,1.5666961669921875,13
-48.0,-36.0,-51.0,1856,1.5805912017822266,13
-25.0,-48.0,-23.0,1910,1.6079180240631104,13
-57.0,-27.0,-57.0,2112,1.7086009979248047,14
-56.0,-28.0,-57.0,2130,1.7151751518249512,14
-24.0,-49.0,-23.0,2274,1.7765061855316162,15
-61.0,-23.0,-61.0,2310,1.7899260520935059,15
