z1,z2,z3,node,time,depth
-3797.0,-1601.0,-3713.0,18,0.020733118057250977,5
-3392.0,-2195.0,-3087.0,30,0.0314481258392334,5
-3955.0,-1598.0,-3727.0,32,0.032485008239746094,6
-3628.0,-1605.0,-3681.0,34,0.03340005874633789,6
-2730.0,-2886.0,-2461.0,54,0.04902005195617676,6
-3066.0,-2521.0,-2983.0,64,0.056138038635253906,7
-2731.0,-2867.0,-2181.0,108,0.08300399780273438,7
-3235.0,-2517.0,-3015.0,134,0.09985613822937012,8
-3285.0,-2407.0,-3205.0,136,0.10062193870544434,8
-2487.0,-3121.0,-2585.0,139,0.10187792778015137,8
-1693.0,-3771.0,-1929.0,154,0.11039304733276367,8
-2561.0,-2890.0,-2429.0,181,0.1247870922088623,8
-1804.0,-3854.0,-1715.0,190,0.1290600299835205,8
-2404.0,-3212.0,-2357.0,242,0.15522003173828125,9
-2383.0,-3254.0,-2113.0,298,0.17945194244384766,9
-1805.0,-3835.0,-1435.0,308,0.18365693092346191,9
-1841.0,-3809.0,-1717.0,452,0.23949003219604492,10
-2466.0,-3163.0,-2341.0,460,0.24240899085998535,10
-3264.0,-2449.0,-2961.0,478,0.24881696701049805,10
-3905.0,-1708.0,-3537.0,496,0.255540132522583,11
-3578.0,-1715.0,-3491.0,498,0.25615501403808594,11
-4467.0,-792.0,-4235.0,502,0.2573530673980713,11
-3326.0,-2308.0,-3139.0,506,0.25847411155700684,11
-4124.0,-1594.0,-3759.0,510,0.25961804389953613,11
-2441.0,-3167.0,-2359.0,518,0.2618589401245117,11
-2524.0,-3076.0,-2587.0,520,0.26244592666625977,11
-3322.0,-2362.0,-3207.0,524,0.2635691165924072,11
-2532.0,-2958.0,-2483.0,530,0.26523900032043457,11
-3330.0,-2244.0,-3103.0,544,0.26912403106689453,11
-2552.0,-3250.0,-2145.0,554,0.2719409465789795,11
-2643.0,-3041.0,-2269.0,556,0.2725639343261719,11
-2644.0,-3022.0,-1989.0,558,0.2731490135192871,11
-3441.0,-2327.0,-2889.0,560,0.27387213706970215,11
-1842.0,-3790.0,-1437.0,564,0.2750210762023926,11
-2639.0,-3095.0,-2337.0,566,0.27561402320861816,11
-2635.0,-3159.0,-2373.0,568,0.2762610912322998,11
-2636.0,-3140.0,-2093.0,572,0.2774519920349121,11
-3433.0,-2445.0,-2993.0,576,0.27853894233703613,11
-3214.0,-2559.0,-2771.0,578,0.2791440486907959,11
-4103.0,-1636.0,-3515.0,582,0.28029394149780273,11
