z1,z2,z3,node,time,depth
27961.0,24052.0,25972.0,1,0.07318902015686035,1
23977.0,27745.0,25492.0,1,0.07320308685302734,1
25423.0,26774.0,24695.0,1,0.07321810722351074,1
24444.0,25636.0,28068.0,1,0.07323193550109863,1
23670.0,26840.0,27676.0,1,0.07324600219726562,1
26994.0,25942.0,24639.0,1,0.07326102256774902,1
25946.0,24785.0,25992.0,1,0.07327508926391602,1
25894.0,23405.0,27126.0,1,0.07329010963439941,1
25111.0,26009.0,26013.0,14,0.3609189987182617,5
25381.0,26154.0,25853.0,22,0.45676493644714355,6
27259.0,24862.0,25711.0,48,0.8428609371185303,10
26408.0,24339.0,26814.0,48,0.8429200649261475,10
25845.0,24922.0,26811.0,48,0.8429920673370361,10
