z1,z2,z3,node,time,depth
20713.0,18920.0,18472.0,1,0.016299009323120117,1
18969.0,18492.0,21474.0,1,0.01630711555480957,1
19308.0,18529.0,20429.0,1,0.016314029693603516,1
19150.0,20408.0,18235.0,1,0.01632213592529297,1
18451.0,19482.0,20463.0,1,0.01633000373840332,1
18317.0,20712.0,19080.0,1,0.016337156295776367,1
18991.0,20476.0,19073.0,6,0.06726908683776855,4
19034.0,19547.0,19863.0,8,0.0820469856262207,5
18695.0,19429.0,20729.0,12,0.11612796783447266,7
