z1,z2,z3,node,time,depth
-36.0,-44.0,-39.0,1,0.0009789466857910156,1
-29.0,-39.0,-44.0,1,0.000982046127319336,1
-40.0,-40.0,-28.0,1,0.000988006591796875,1
-37.0,-42.0,-32.0,2,0.002413034439086914,2
-30.0,-28.0,-40.0,64,0.029019832611083984,8
