z1,z2,z3,node,time,depth
19492.0,18016.0,21043.0,1,0.02041482925415039,1
17513.0,20307.0,20314.0,1,0.020421981811523438,1
18369.0,18264.0,20691.0,1,0.02042984962463379,1
18149.0,20312.0,19859.0,1,0.020437002182006836,1
17804.0,18915.0,20764.0,1,0.020444869995117188,1
18780.0,21314.0,19419.0,1,0.020452022552490234,1
20364.0,19039.0,19601.0,1,0.020459890365600586,1
19584.0,18635.0,19867.0,1,0.020467042922973633,1
19278.0,18797.0,20132.0,8,0.09940385818481445,5
