z1,z2,z3,node,time,depth
-1660.0,-4315.0,-1893.0,2,0.0021049976348876953,2
-1691.0,-4122.0,-2087.0,6,0.006876945495605469,3
-1878.0,-4156.0,-1975.0,82,0.04735398292541504,7
-2343.0,-3574.0,-2541.0,87,0.04995298385620117,7
-2478.0,-3084.0,-2587.0,120,0.06393599510192871,8
-997.0,-4327.0,-1262.0,150,0.07618379592895508,8
-2327.0,-3442.0,-2711.0,176,0.08642387390136719,9
