z1,z2,z3,node,time,depth
25531.0,22550.0,25415.0,1,0.018769025802612305,1
24760.0,24214.0,22032.0,1,0.018784046173095703,1
22160.0,23979.0,23778.0,1,0.0187990665435791,1
24147.0,25977.0,22552.0,23,0.20588421821594238,3
24231.0,25414.0,22982.0,33,0.493894100189209,6
23725.0,25806.0,23554.0,43,0.6154420375823975,7
