z1,z2,z3,node,time,depth
22706.0,19604.0,23356.0,1,0.02042412757873535,1
22853.0,20525.0,22241.0,1,0.020435094833374023,1
18021.0,24702.0,18326.0,1,0.020446062088012695,1
20087.0,22109.0,20363.0,1,0.020457029342651367,1
19693.0,22608.0,19827.0,1,0.02046799659729004,1
21378.0,21767.0,22154.0,35,0.8339059352874756,10
22531.0,20697.0,22609.0,45,1.2139229774475098,13
