z1,z2,z3,node,time,depth
5443.0,4151.0,6772.0,1,0.06705594062805176,1
4334.0,6347.0,6140.0,1,0.0670781135559082,1
7652.0,8821.0,3789.0,1,0.06708788871765137,1
5936.0,6259.0,4191.0,1,0.06709909439086914,1
4726.0,4643.0,6838.0,1,0.06714296340942383,1
5770.0,6664.0,4098.0,1,0.0671539306640625,1
5873.0,4154.0,6636.0,1,0.0672299861907959,1
8097.0,3472.0,9576.0,2,0.12544488906860352,2
4910.0,5535.0,6133.0,3,0.16614294052124023,2
8635.0,6040.0,5696.0,3,0.16617202758789062,2
8024.0,3554.0,9230.0,5,0.2511250972747803,3
4920.0,5760.0,5896.0,8,0.4004690647125244,4
7707.0,3672.0,9219.0,10,0.5031929016113281,4
6831.0,4030.0,10281.0,10,0.5032739639282227,4
6943.0,4093.0,9705.0,11,0.5316860675811768,4
9248.0,5175.0,6359.0,12,0.608443021774292,4
4252.0,8556.0,7842.0,15,0.726841926574707,5
4257.0,8568.0,7501.0,15,0.7268528938293457,5
8321.0,3820.0,8871.0,19,0.934257984161377,5
7458.0,4120.0,9026.0,20,0.9871439933776855,5
7621.0,3864.0,9243.0,64,3.076488971710205,7
7304.0,3982.0,9232.0,64,3.076533079147339,7
7945.0,8384.0,3986.0,80,3.753619909286499,8
7918.0,4130.0,8884.0,104,4.83447003364563,8
8004.0,3938.0,8860.0,163,7.057830095291138,9
6087.0,5307.0,5723.0,186,7.717731952667236,10
7365.0,8688.0,3887.0,188,7.807828903198242,10
7875.0,8022.0,4072.0,188,7.807852029800415,10
8162.0,8155.0,3974.0,188,7.807874917984009,10
5731.0,8646.0,5507.0,188,7.807882070541382,10
9221.0,6211.0,5390.0,188,7.807888984680176,10
7780.0,3590.0,9565.0,294,11.074289083480835,12
5925.0,5115.0,6509.0,294,11.07464599609375,12
8888.0,3794.0,8236.0,341,13.046907901763916,13
8880.0,3768.0,8341.0,341,13.046916007995605,13
7377.0,3900.0,9578.0,341,13.046947002410889,13
8605.0,7822.0,4075.0,348,13.33449411392212,13
8322.0,4013.0,8705.0,447,16.148343086242676,15
8394.0,3738.0,9217.0,449,16.22046995162964,15
8077.0,3856.0,9206.0,449,16.220612049102783,15
8095.0,8488.0,3890.0,458,16.53587794303894,15
7808.0,8355.0,3988.0,458,16.535892963409424,15
8434.0,8045.0,4012.0,459,16.57132601737976,15
5763.0,8510.0,5879.0,471,16.932740926742554,15
8330.0,4039.0,8600.0,505,17.68629503250122,16
7658.0,8251.0,4084.0,512,18.013402938842773,16
8080.0,8245.0,4026.0,517,18.182202100753784,16
8367.0,8378.0,3928.0,517,18.182213068008423,16
7694.0,3782.0,9589.0,563,19.50334405899048,17
7325.0,8995.0,3936.0,579,20.004475116729736,17
7612.0,9128.0,3838.0,644,21.975840091705322,18
8835.0,5927.0,5673.0,698,23.71252703666687,19
7924.0,8711.0,3827.0,710,24.01393699645996,19
7637.0,8578.0,3925.0,713,24.05266308784485,19
