z1,z2,z3,node,time,depth
-2656.0,-3851.0,-3126.0,1,0.0016360282897949219,1
-2380.0,-3589.0,-3331.0,6,0.009246110916137695,3
-2575.0,-3482.0,-3298.0,21,0.02688002586364746,5
-2618.0,-3396.0,-3279.0,170,0.09759211540222168,8
-2436.0,-4008.0,-2959.0,194,0.10691404342651367,8
-2221.0,-3764.0,-3217.0,198,0.10820794105529785,8
-2345.0,-3335.0,-3552.0,212,0.1128690242767334,8
-2125.0,-3492.0,-3385.0,252,0.12651395797729492,9
-2001.0,-3921.0,-3050.0,272,0.13239812850952148,10
