z1,z2,z3,node,time,depth
71.0,81.0,71.0,1,0.0775449275970459,1
136.0,53.0,144.0,1,0.07755494117736816,1
91.0,70.0,88.0,1,0.07756590843200684,1
86.0,69.0,96.0,1,0.07762002944946289,1
62.0,98.0,63.0,1,0.07763004302978516,1
65.0,122.0,53.0,1,0.07770204544067383,1
63.0,122.0,55.0,2,0.12856388092041016,2
61.0,120.0,58.0,2,0.12857890129089355,2
63.0,120.0,56.0,2,0.12862181663513184,2
70.0,116.0,57.0,9,0.4417259693145752,6
66.0,114.0,62.0,9,0.44173693656921387,6
68.0,114.0,60.0,9,0.44174695014953613,6
68.0,116.0,59.0,10,0.4780428409576416,7
83.0,79.0,79.0,189,6.287503004074097,2
124.0,63.0,119.0,190,6.315619945526123,3
126.0,63.0,117.0,190,6.315629959106445,3
125.0,65.0,118.0,194,6.452790021896362,6
124.0,66.0,116.0,301,9.742741823196411,7
122.0,66.0,118.0,301,9.742763996124268,7
128.0,56.0,139.0,566,19.203567028045654,12
136.0,54.0,143.0,566,19.203577041625977,12
125.0,61.0,126.0,585,19.736313819885254,18
131.0,57.0,134.0,585,19.736344814300537,18
117.0,65.0,120.0,593,19.949713945388794,19
123.0,61.0,128.0,593,19.949816942214966,19
130.0,58.0,135.0,595,20.03284502029419,21
122.0,62.0,129.0,597,20.08175301551819,22
128.0,58.0,137.0,673,23.204640865325928,20
116.0,66.0,122.0,674,23.25371289253235,21
122.0,60.0,131.0,768,26.72764801979065,19
116.0,65.0,123.0,768,26.72765803337097,19
114.0,66.0,125.0,832,29.235734939575195,20
120.0,62.0,133.0,832,29.235797882080078,20
95.0,67.0,104.0,857,30.19933795928955,12
131.0,56.0,135.0,870,31.578516960144043,19
123.0,60.0,129.0,883,31.967609882354736,21
128.0,57.0,138.0,883,31.96761989593506,21
128.0,59.0,133.0,885,32.047245025634766,23
121.0,62.0,132.0,912,32.81639099121094,27
130.0,57.0,136.0,938,33.810446977615356,20
125.0,60.0,127.0,938,33.81045699119568,20
122.0,61.0,130.0,938,33.8104989528656,20
117.0,64.0,121.0,938,33.81050896644592,20
122.0,63.0,125.0,939,33.86494302749634,21
115.0,66.0,124.0,983,35.87635803222656,30
122.0,59.0,135.0,1001,37.07335591316223,23
116.0,63.0,127.0,1022,37.86665081977844,34
114.0,65.0,129.0,1033,38.39628601074219,36
113.0,66.0,130.0,1065,40.02373790740967,33
