z1,z2,z3,node,time,depth
27.0,16.0,38.0,1,0.006379127502441406,1
29.0,17.0,29.0,1,0.006381988525390625,1
25.0,27.0,23.0,1,0.006385087966918945,1
22.0,43.0,20.0,1,0.006388187408447266,1
21.0,20.0,38.0,1,0.006392002105712891,1
23.0,21.0,29.0,1,0.006395101547241211,1
23.0,26.0,26.0,1,0.00639796257019043,1
37.0,28.0,20.0,1,0.00640106201171875,1
30.0,36.0,19.0,1,0.00640416145324707,1
25.0,32.0,20.0,1,0.006407022476196289,1
20.0,42.0,29.0,1,0.006410121917724609,1
44.0,43.0,18.0,1,0.006412982940673828,1
43.0,31.0,19.0,1,0.0064160823822021484,1
36.0,45.0,18.0,1,0.006419181823730469,1
28.0,40.0,19.0,1,0.0064220428466796875,1
34.0,49.0,18.0,1,0.006425142288208008,1
26.0,48.0,19.0,1,0.0064280033111572266,1
19.0,24.0,44.0,1,0.006431102752685547,1
21.0,48.0,21.0,1,0.006433963775634766,1
19.0,29.0,41.0,1,0.006437063217163086,1
24.0,32.0,24.0,2,0.014770030975341797,2
24.0,37.0,21.0,2,0.014773130416870117,2
36.0,34.0,19.0,2,0.014775991439819336,2
27.0,47.0,19.0,3,0.019381999969482422,2
22.0,30.0,30.0,3,0.01939702033996582,2
42.0,32.0,19.0,3,0.019410133361816406,2
21.0,35.0,31.0,4,0.024940013885498047,3
21.0,25.0,35.0,5,0.032566070556640625,3
36.0,29.0,22.0,5,0.03257918357849121,3
35.0,35.0,19.0,6,0.037072181701660156,3
30.0,26.0,23.0,6,0.03708600997924805,3
22.0,35.0,27.0,6,0.03710007667541504,3
30.0,31.0,20.0,6,0.03710818290710449,3
33.0,30.0,21.0,7,0.040789127349853516,3
23.0,35.0,23.0,7,0.04081106185913086,3
22.0,40.0,24.0,9,0.048803091049194336,4
21.0,34.0,32.0,11,0.05984306335449219,4
29.0,22.0,26.0,13,0.06601309776306152,4
21.0,40.0,28.0,18,0.0833439826965332,5
20.0,34.0,36.0,20,0.09408712387084961,5
20.0,38.0,35.0,21,0.09921813011169434,5
20.0,29.0,39.0,22,0.1043691635131836,5
28.0,25.0,28.0,48,0.1960620880126953,6
23.0,40.0,20.0,60,0.22473716735839844,6
21.0,39.0,29.0,76,0.28057408332824707,7
42.0,24.0,25.0,84,0.30524396896362305,7
37.0,20.0,27.0,84,0.3052501678466797,7
34.0,21.0,28.0,117,0.4024221897125244,8
