z1,z2,z3,node,time,depth
-8543.0,-9329.0,-10463.0,9,0.004289150238037109,4
-8513.0,-9634.0,-10104.0,16,0.007477998733520508,5
-8761.0,-9375.0,-10429.0,17,0.007945060729980469,5
-8799.0,-9406.0,-10381.0,17,0.007946014404296875,5
-8698.0,-9139.0,-10508.0,50,0.02212214469909668,7
-9103.0,-8749.0,-10348.0,54,0.023676156997680664,7
-8660.0,-9108.0,-10556.0,58,0.025578022003173828,8
-9065.0,-8718.0,-10396.0,60,0.026127099990844727,8
