z1,z2,z3,node,time,depth
-93.0,-36.0,-98.0,1,0.0032150745391845703,1
-86.0,-43.0,-96.0,1255,1.2398350238800049,13
-88.0,-44.0,-93.0,1258,1.2454140186309814,5
-87.0,-45.0,-94.0,1258,1.2454259395599365,5
-73.0,-58.0,-83.0,1911,2.0289759635925293,9
-80.0,-53.0,-88.0,1912,2.030806064605713,10
-75.0,-57.0,-84.0,1912,2.0308079719543457,10
-84.0,-48.0,-87.0,1970,2.096855878829956,20
-83.0,-48.0,-89.0,1971,2.097295045852661,19
-83.0,-50.0,-87.0,1973,2.0981578826904297,17
-89.0,-43.0,-93.0,1976,2.0994210243225098,14
-76.0,-56.0,-83.0,2048,2.1671478748321533,13
-74.0,-58.0,-82.0,2058,2.177018880844116,12
-86.0,-46.0,-95.0,2108,2.233306884765625,13
-81.0,-50.0,-91.0,2108,2.233309030532837,13
-87.0,-43.0,-95.0,2117,2.242542028427124,13
-80.0,-51.0,-89.0,2118,2.2429380416870117,12
-79.0,-52.0,-90.0,2119,2.2433340549468994,11
-76.0,-58.0,-80.0,2121,2.249208927154541,4
-81.0,-52.0,-88.0,2121,2.2492098808288574,4
-82.0,-51.0,-87.0,2170,2.338916063308716,7
-94.0,-30.0,-92.0,2232,2.4267380237579346,15
-84.0,-49.0,-85.0,2253,2.452666997909546,11
-90.0,-41.0,-93.0,2287,2.5081489086151123,12
-88.0,-41.0,-95.0,2343,2.5698280334472656,13
-88.0,-45.0,-91.0,2348,2.577307939529419,7
-74.0,-59.0,-80.0,2410,2.662008047103882,12
-90.0,-43.0,-90.0,2429,2.6887660026550293,7
-85.0,-47.0,-86.0,2553,2.8246350288391113,14
-78.0,-55.0,-81.0,2569,2.8347859382629395,17
-77.0,-55.0,-83.0,2570,2.8352210521698,16
-77.0,-57.0,-81.0,2572,2.836031913757324,14
-70.0,-63.0,-74.0,2620,2.87351393699646,12
-91.0,-38.0,-99.0,2649,2.9031269550323486,2
-51.0,-68.0,-56.0,3016,3.389791965484619,4
-73.0,-60.0,-80.0,3073,3.487848997116089,10
-78.0,-54.0,-86.0,3108,3.516033887863159,14
-71.0,-59.0,-81.0,3113,3.521028995513916,13
-84.0,-47.0,-93.0,3207,3.613292932510376,11
-66.0,-61.0,-77.0,3460,3.892595052719116,10
-69.0,-64.0,-74.0,3529,3.9648261070251465,8
-70.0,-61.0,-75.0,3592,4.012479066848755,16
-69.0,-62.0,-76.0,3608,4.026015043258667,16
-67.0,-63.0,-75.0,3619,4.034250020980835,15
-84.0,-44.0,-96.0,3684,4.0957300662994385,19
-71.0,-62.0,-73.0,3889,4.2812581062316895,13
-61.0,-67.0,-67.0,3932,4.318418979644775,12
-79.0,-54.0,-76.0,3987,4.373378038406372,12
