z1,z2,z3,node,time,depth
-2643.0,-3359.0,-3091.0,2,0.001972198486328125,2
-2477.0,-3460.0,-2394.0,14,0.007544040679931641,9
-2361.0,-3060.0,-3151.0,43,0.020160198211669922,10
-2224.0,-3627.0,-3206.0,50,0.023972034454345703,6
-2729.0,-2532.0,-3024.0,63,0.032050132751464844,10
