z1,z2,z3,node,time,depth
-61.0,-38.0,-27.0,1,0.004150867462158203,1
-47.0,-49.0,-55.0,1,0.00415492057800293,1
-59.0,-44.0,-33.0,1,0.004158973693847656,1
-46.0,-59.0,-50.0,1,0.004163026809692383,1
-47.0,-53.0,-53.0,1,0.004166841506958008,1
-55.0,-50.0,-41.0,1,0.004170894622802734,1
-56.0,-44.0,-44.0,1,0.004174947738647461,1
-53.0,-37.0,-50.0,1,0.0041790008544921875,1
-61.0,-37.0,-40.0,1,0.0041828155517578125,1
-53.0,-43.0,-49.0,1,0.004186868667602539,1
-41.0,-49.0,-58.0,1,0.004190921783447266,1
-40.0,-61.0,-54.0,1,0.004194974899291992,1
-35.0,-56.0,-60.0,1,0.004197835922241211,1
-45.0,-53.0,-56.0,1,0.0042018890380859375,1
-50.0,-51.0,-44.0,2,0.007272958755493164,2
-51.0,-47.0,-50.0,4,0.013962030410766602,3
-54.0,-36.0,-48.0,4,0.013965845108032227,3
-36.0,-52.0,-58.0,5,0.017200946807861328,3
-46.0,-52.0,-55.0,5,0.017203807830810547,3
-48.0,-48.0,-54.0,5,0.017220020294189453,3
-48.0,-55.0,-49.0,6,0.020272016525268555,3
-53.0,-44.0,-45.0,6,0.020279884338378906,3
-50.0,-53.0,-42.0,6,0.020283937454223633,3
-50.0,-50.0,-50.0,7,0.023463010787963867,3
-51.0,-53.0,-37.0,7,0.02347087860107422,3
-49.0,-47.0,-52.0,8,0.028528928756713867,4
-57.0,-42.0,-37.0,10,0.03546500205993652,4
-51.0,-48.0,-46.0,13,0.04231381416320801,4
-32.0,-58.0,-56.0,18,0.057669878005981445,5
-42.0,-57.0,-53.0,18,0.05767393112182617,5
-41.0,-55.0,-57.0,19,0.05949282646179199,5
-55.0,-43.0,-46.0,42,0.10683298110961914,6
-52.0,-46.0,-49.0,43,0.10809087753295898,6
-44.0,-54.0,-52.0,48,0.11557602882385254,6
