z1,z2,z3,node,time,depth
-54.0,-54.0,-47.0,1,0.0019218921661376953,1
-57.0,-57.0,-43.0,1,0.0019519329071044922,1
-47.0,-49.0,-49.0,83,0.056305885314941406,14
-46.0,-55.0,-44.0,117,0.07989788055419922,14
-59.0,-55.0,-35.0,178,0.1249699592590332,4
-61.0,-46.0,-35.0,222,0.16315388679504395,11
-62.0,-52.0,-34.0,260,0.18672895431518555,9
-60.0,-51.0,-38.0,271,0.19577884674072266,9
-49.0,-58.0,-40.0,304,0.21312785148620605,13
-59.0,-54.0,-38.0,322,0.2246689796447754,4
-47.0,-59.0,-32.0,326,0.22800683975219727,7
-64.0,-49.0,-31.0,369,0.256558895111084,12
-58.0,-55.0,-36.0,383,0.26423001289367676,10
-56.0,-51.0,-44.0,407,0.28081202507019043,4
-61.0,-45.0,-38.0,431,0.2969958782196045,10
-59.0,-48.0,-43.0,466,0.31934285163879395,9
