z1,z2,z3,node,time,depth
-5101.0,-4481.0,-5246.0,1,0.00222015380859375,1
-5819.0,-3668.0,-5739.0,3,0.006654024124145508,2
-5792.0,-3457.0,-5991.0,19,0.038175106048583984,5
-6115.0,-2152.0,-6177.0,37,0.06446099281311035,6
-4305.0,-4756.0,-4425.0,101,0.13885903358459473,7
-5186.0,-3729.0,-4945.0,119,0.16008210182189941,7
-4961.0,-4239.0,-5282.0,130,0.17266392707824707,8
-5640.0,-3587.0,-5809.0,142,0.18466806411743164,8
-5146.0,-4107.0,-5182.0,151,0.19320893287658691,8
-5020.0,-4086.0,-5376.0,151,0.19321107864379883,8
-5173.0,-4318.0,-4930.0,199,0.23443007469177246,8
-3670.0,-5113.0,-3631.0,273,0.29987502098083496,9
-3871.0,-4923.0,-3880.0,358,0.35529494285583496,9
-3081.0,-5442.0,-3366.0,408,0.39130592346191406,10
-3754.0,-5003.0,-3923.0,524,0.4618711471557617,10
-2872.0,-5300.0,-3405.0,584,0.49784207344055176,11
-5628.0,-3630.0,-5779.0,616,0.5152180194854736,11
-3544.0,-5092.0,-3825.0,623,0.5205440521240234,11
-4433.0,-4499.0,-4441.0,627,0.5227169990539551,11
-3108.0,-5653.0,-3114.0,704,0.5637531280517578,11
-6102.0,-2741.0,-6162.0,786,0.6118121147155762,12
-5079.0,-3849.0,-5250.0,797,0.6199100017547607,12
-2899.0,-5511.0,-3153.0,864,0.6571130752563477,12
-1451.0,-5712.0,-1439.0,905,0.6784229278564453,12
-3575.0,-4922.0,-3993.0,912,0.6817309856414795,13
-3832.0,-5084.0,-3914.0,958,0.707103967666626,13
-3727.0,-4792.0,-4175.0,1076,0.7650289535522461,14
-6127.0,-2109.0,-6207.0,1092,0.772144079208374,14
-3623.0,-4942.0,-3953.0,1106,0.7788751125335693,14
-3880.0,-5024.0,-3729.0,1154,0.7989790439605713,14
-3692.0,-4842.0,-3950.0,1172,0.8071689605712891,15
-3853.0,-4813.0,-3981.0,1186,0.8127400875091553,15
-1431.0,-5892.0,-1528.0,1250,0.8372509479522705,16
