z1,z2,z3,node,time,depth
-18125.0,-18867.0,-18340.0,1,0.0012388229370117188,1
-18335.0,-19053.0,-17643.0,2,0.0024309158325195312,2
-17619.0,-19296.0,-17602.0,106,0.07364892959594727,14
-17757.0,-19237.0,-16676.0,361,0.2474689483642578,3
-18568.0,-18533.0,-17023.0,457,0.31231188774108887,8
-18492.0,-18852.0,-17479.0,466,0.31856393814086914,10
-18358.0,-18347.0,-17720.0,467,0.3195509910583496,4
