z1,z2,z3,node,time,depth
-32.0,-26.0,-32.0,3,0.005646228790283203,2
-26.0,-39.0,-25.0,4,0.007121086120605469,3
-11.0,-42.0,-9.0,4,0.0071451663970947266,3
-26.0,-40.0,-23.0,16,0.01993703842163086,5
-28.0,-30.0,-23.0,51,0.04546403884887695,6
-29.0,-27.0,-33.0,70,0.056954145431518555,7
-29.0,-39.0,-22.0,91,0.06814312934875488,7
-20.0,-32.0,-27.0,186,0.1143651008605957,9
-34.0,-25.0,-29.0,188,0.1150350570678711,9
-31.0,-31.0,-21.0,198,0.11976218223571777,9
-23.0,-34.0,-26.0,206,0.12323904037475586,9
