z1,z2,z3,node,time,depth
22895.0,21149.0,22795.0,1,0.024027109146118164,1
23832.0,23196.0,21969.0,1,0.024038076400756836,1
23089.0,22196.0,22029.0,1,0.0240480899810791,1
21738.0,22859.0,23417.0,1,0.024059057235717773,1
22295.0,23824.0,22816.0,1,0.02406907081604004,1
22226.0,22201.0,23518.0,5,0.0946509838104248,3
24087.0,22116.0,22491.0,5,0.09467196464538574,3
22514.0,21921.0,24162.0,5,0.09472393989562988,3
22656.0,23075.0,22480.0,19,0.35085105895996094,9
