z1,z2,z3,node,time,depth
-62.0,-56.0,-67.0,2,0.008689165115356445,2
-61.0,-69.0,-61.0,2,0.008735179901123047,2
-58.0,-66.0,-62.0,2379,2.939939022064209,4
-39.0,-89.0,-45.0,2379,2.9399731159210205,4
-54.0,-61.0,-64.0,2434,3.0272231101989746,8
-53.0,-74.0,-58.0,2972,3.708308219909668,6
-47.0,-81.0,-52.0,3314,4.1304872035980225,12
-46.0,-82.0,-52.0,3357,4.177058219909668,13
-37.0,-86.0,-48.0,3359,4.18176007270813,9
-43.0,-80.0,-54.0,3460,4.301523208618164,9
-31.0,-94.0,-39.0,3527,4.384251117706299,11
-39.0,-86.0,-46.0,3560,4.423707008361816,13
-38.0,-87.0,-47.0,3582,4.44434118270874,16
-45.0,-79.0,-53.0,3586,4.445970058441162,12
-57.0,-64.0,-63.0,3848,4.825199127197266,6
-33.0,-90.0,-36.0,4192,5.351523160934448,15
-47.0,-83.0,-51.0,4241,5.41898512840271,14
-54.0,-75.0,-57.0,4250,5.426168203353882,12
-24.0,-95.0,-30.0,4410,5.660307168960571,17
-66.0,-41.0,-67.0,4521,5.77156400680542,19
-65.0,-43.0,-69.0,4548,5.7881200313568115,20
-65.0,-45.0,-68.0,4563,5.80858302116394,9
-66.0,-44.0,-66.0,4584,5.821987152099609,20
-67.0,-41.0,-64.0,4600,5.834225177764893,18
-64.0,-58.0,-62.0,4675,5.955351114273071,13
-63.0,-58.0,-65.0,4679,5.959096193313599,17
-64.0,-56.0,-63.0,4684,5.961270093917847,13
-61.0,-57.0,-67.0,4685,5.963551998138428,5
-56.0,-65.0,-63.0,4687,5.969073057174683,7
-52.0,-78.0,-54.0,5039,6.412671089172363,6
-60.0,-70.0,-61.0,5039,6.41268515586853,6
-62.0,-59.0,-62.0,5138,6.567377090454102,13
-60.0,-71.0,-59.0,5289,6.716569185256958,11
-51.0,-77.0,-56.0,5441,6.96864914894104,8
-32.0,-91.0,-36.0,5534,7.124887228012085,15
-46.0,-84.0,-51.0,5567,7.170935153961182,14
-53.0,-76.0,-57.0,5576,7.178161144256592,12
-23.0,-95.0,-32.0,5664,7.309344053268433,13
-36.0,-88.0,-46.0,5689,7.347123146057129,13
-44.0,-80.0,-53.0,5690,7.347541093826294,12
-23.0,-96.0,-30.0,5728,7.412001132965088,17
-32.0,-92.0,-34.0,5820,7.537308216094971,15
-47.0,-84.0,-48.0,6030,7.822287082672119,13
-46.0,-85.0,-48.0,6043,7.835857152938843,13
-54.0,-77.0,-55.0,6046,7.8370161056518555,10
