z1,z2,z3,node,time,depth
-17209.0,-16547.0,-18767.0,1,0.003069162368774414,1
-18145.0,-17010.0,-17467.0,1,0.003077983856201172,1
-16783.0,-18181.0,-16433.0,1,0.003134012222290039,1
-16304.0,-18224.0,-16610.0,1,0.0031371116638183594,1
-17126.0,-17311.0,-17794.0,1052,0.6960470676422119,3
-17108.0,-17452.0,-17466.0,1052,0.6960620880126953,3
-17605.0,-17268.0,-17617.0,1053,0.6976981163024902,4
-17632.0,-16373.0,-18141.0,1259,0.851315975189209,11
-17666.0,-17053.0,-17644.0,1261,0.8551850318908691,5
-17648.0,-17194.0,-17316.0,1379,0.9538061618804932,7
-17135.0,-16557.0,-17990.0,1439,0.9923520088195801,11
-17713.0,-16283.0,-17935.0,1484,1.0221731662750244,12
-17686.0,-17178.0,-17411.0,1490,1.0261011123657227,10
-17946.0,-17284.0,-17033.0,1491,1.029181957244873,2
-17312.0,-17608.0,-17017.0,1555,1.086327075958252,9
-17378.0,-17355.0,-17551.0,1664,1.1531281471252441,12
-16818.0,-17488.0,-17934.0,1692,1.1802551746368408,7
-16800.0,-17629.0,-17606.0,1792,1.24977707862854,9
-16344.0,-17534.0,-17884.0,1850,1.2829689979553223,10
-16838.0,-17613.0,-17701.0,1877,1.298133134841919,11
-16801.0,-18040.0,-16761.0,1879,1.3022561073303223,5
-17171.0,-16830.0,-17801.0,1880,1.3037750720977783,6
-17406.0,-17542.0,-17183.0,1977,1.3803660869598389,6
-17433.0,-16647.0,-17707.0,2041,1.4282121658325195,11
-17238.0,-17618.0,-16240.0,2101,1.467777967453003,13
-17010.0,-16821.0,-18333.0,2112,1.4786620140075684,4
-16927.0,-17585.0,-17360.0,2202,1.556089162826538,5
-16909.0,-17726.0,-17032.0,2202,1.556091070175171,5
-17467.0,-17327.0,-17210.0,2203,1.5576751232147217,6
-17449.0,-17468.0,-16882.0,2233,1.5920171737670898,7
-17487.0,-17452.0,-16977.0,2266,1.618699073791504,10
-16833.0,-17651.0,-17194.0,2297,1.650740146636963,10
-16899.0,-17398.0,-17728.0,2348,1.6818361282348633,12
-16321.0,-17672.0,-17783.0,2352,1.6868841648101807,9
-15865.0,-17577.0,-18061.0,2410,1.7216720581054688,10
-16386.0,-16761.0,-18402.0,2432,1.7343931198120117,12
-16359.0,-17656.0,-17878.0,2435,1.736302137374878,11
-16815.0,-17792.0,-16866.0,2501,1.7900161743164062,11
-16881.0,-17539.0,-17400.0,2524,1.8032441139221191,12
-15847.0,-17718.0,-17733.0,2543,1.8177850246429443,9
-16341.0,-17797.0,-17550.0,2566,1.8326780796051025,10
-16768.0,-17129.0,-18194.0,2578,1.8457159996032715,11
-16919.0,-17523.0,-17495.0,2595,1.8559491634368896,9
