z1,z2,z3,node,time,depth
22895.0,21149.0,22795.0,1,0.02520895004272461,1
23832.0,23196.0,21969.0,1,0.02521991729736328,1
23089.0,22196.0,22029.0,1,0.025230884552001953,1
21738.0,22859.0,23417.0,1,0.02524280548095703,1
22295.0,23824.0,22816.0,1,0.02525496482849121,1
24087.0,22116.0,22491.0,4,0.05909991264343262,3
22226.0,22201.0,23518.0,7,0.12578582763671875,4
22514.0,21921.0,24162.0,7,0.1258068084716797,4
22656.0,23075.0,22480.0,20,0.26505589485168457,9
