z1,z2,z3,node,time,depth
16600.0,14477.0,14543.0,1,0.002641916275024414,1
15745.0,14133.0,16455.0,1,0.002646923065185547,1
13477.0,15163.0,16001.0,1,0.0026519298553466797,1
16364.0,14774.0,15387.0,5,0.010922908782958984,3
14612.0,16180.0,15645.0,5,0.01093292236328125,3
14853.0,15892.0,15590.0,5,0.010936975479125977,3
