z1,z2,z3,node,time,depth
16600.0,14477.0,14543.0,1,0.002588033676147461,1
15745.0,14133.0,16455.0,1,0.0025930404663085938,1
13477.0,15163.0,16001.0,1,0.0025980472564697266,1
16364.0,14774.0,15387.0,4,0.00914311408996582,3
14612.0,16180.0,15645.0,4,0.009152889251708984,3
14853.0,15892.0,15590.0,4,0.009157896041870117,3
