z1,z2,z3,node,time,depth
-7899.0,-9831.0,-7731.0,1,0.0006680488586425781,1
-9229.0,-8927.0,-7077.0,14,0.005811929702758789,10
-8485.0,-9128.0,-7726.0,45,0.01710200309753418,7
-8916.0,-8778.0,-7301.0,69,0.025043010711669922,7
-8172.0,-8979.0,-7950.0,74,0.026785850524902344,6
-8643.0,-9630.0,-7082.0,77,0.027971982955932617,5
-8427.0,-9134.0,-7712.0,88,0.034956932067871094,6
