z1,z2,z3,node,time,depth
-10897.0,-8846.0,-8428.0,2,0.0013480186462402344,2
-10902.0,-9669.0,-8044.0,16,0.0091400146484375,5
-10960.0,-8823.0,-7970.0,32,0.017880916595458984,6
