z1,z2,z3,node,time,depth
-45.0,-39.0,-28.0,1,0.0017011165618896484,1
-41.0,-35.0,-38.0,1,0.0017039775848388672,1
-45.0,-36.0,-34.0,16,0.021841049194335938,5
-44.0,-37.0,-33.0,32,0.038758039474487305,6
-43.0,-39.0,-30.0,33,0.03969120979309082,6
-27.0,-40.0,-27.0,150,0.11718010902404785,11
-29.0,-40.0,-25.0,156,0.11967301368713379,11
