z1,z2,z3,node,time,depth
19939.0,17552.0,20341.0,1,0.014966011047363281,1
18031.0,18530.0,20814.0,1,0.014976978302001953,1
20865.0,20394.0,16751.0,1,0.014987945556640625,1
19107.0,21329.0,17783.0,1,0.014998912811279297,1
18905.0,19658.0,19601.0,3,0.03698396682739258,2
19941.0,19117.0,20084.0,5,0.05772995948791504,3
19342.0,19165.0,19271.0,6,0.0749049186706543,4
18563.0,19667.0,20112.0,10,0.12713909149169922,6
19195.0,20399.0,19029.0,18,0.1924428939819336,8
