z1,z2,z3,node,time,depth
-9335.0,-9218.0,-7295.0,123,0.0486760139465332,7
-9199.0,-9298.0,-7514.0,124,0.04912590980529785,3
-9209.0,-9223.0,-7458.0,143,0.056387901306152344,5
-9540.0,-8523.0,-7446.0,146,0.05743098258972168,6
-8835.0,-8878.0,-7867.0,148,0.05835294723510742,3
-8845.0,-8803.0,-7811.0,156,0.06129193305969238,4
-8971.0,-8798.0,-7648.0,163,0.06383299827575684,5
