z1,z2,z3,node,time,depth
56.0,11.0,51.0,1,0.009379863739013672,1
16.0,50.0,13.0,1,0.009383916854858398,1
15.0,49.0,14.0,1,0.009387016296386719,1
14.0,48.0,17.0,1,0.009390830993652344,1
19.0,42.0,18.0,1,0.009393930435180664,1
18.0,41.0,21.0,1,0.009396791458129883,1
23.0,34.0,27.0,1,0.00940084457397461,1
48.0,16.0,40.0,1,0.00940394401550293,1
55.0,12.0,46.0,1,0.009407997131347656,1
57.0,11.0,47.0,1,0.009410858154296875,1
18.0,49.0,13.0,1,0.009413957595825195,1
31.0,28.0,30.0,1,0.00942087173461914,1
24.0,35.0,24.0,1,0.009423971176147461,1
30.0,27.0,33.0,1,0.009428024291992188,1
34.0,27.0,30.0,1,0.009434938430786133,1
36.0,23.0,36.0,1,0.009440898895263672,1
54.0,12.0,50.0,1,0.009443998336791992,1
44.0,18.0,44.0,1,0.009447813034057617,1
46.0,17.0,39.0,1,0.009450912475585938,1
21.0,41.0,18.0,1,0.009454011917114258,1
27.0,34.0,24.0,1,0.009457826614379883,1
40.0,21.0,37.0,3,0.023692846298217773,2
37.0,24.0,34.0,4,0.030305862426757812,3
34.0,29.0,29.0,5,0.03539395332336426,3
39.0,25.0,33.0,9,0.05802798271179199,4
32.0,30.0,29.0,9,0.058053016662597656,4
29.0,28.0,34.0,16,0.09053683280944824,5
31.0,31.0,28.0,16,0.09054279327392578,5
30.0,29.0,31.0,16,0.0905458927154541,5
52.0,14.0,51.0,18,0.10010290145874023,5
53.0,14.0,47.0,18,0.10011482238769531,5
44.0,19.0,40.0,18,0.10012483596801758,5
38.0,22.0,37.0,19,0.1040499210357666,5
16.0,48.0,15.0,26,0.1322648525238037,5
19.0,40.0,22.0,32,0.15795302391052246,6
42.0,24.0,33.0,48,0.21754193305969238,6
39.0,23.0,34.0,49,0.222869873046875,6
41.0,22.0,35.0,49,0.22287583351135254,6
26.0,37.0,23.0,65,0.294130802154541,7
45.0,18.0,43.0,76,0.3336598873138428,7
33.0,30.0,28.0,78,0.339540958404541,7
22.0,37.0,28.0,127,0.5087888240814209,8
27.0,36.0,23.0,151,0.5784609317779541,8
23.0,38.0,25.0,231,0.8487730026245117,9
29.0,29.0,33.0,236,0.8667378425598145,9
30.0,30.0,30.0,238,0.8716838359832764,9
17.0,46.0,23.0,346,1.203610897064209,9
