z1,z2,z3,node,time,depth
-3825.0,-3985.0,-3520.0,1,0.0010750293731689453,1
-4432.0,-3769.0,-3128.0,16,0.016134023666381836,5
-4065.0,-4127.0,-2872.0,17,0.016763925552368164,5
-4035.0,-4270.0,-2789.0,32,0.029631853103637695,6
-4240.0,-4112.0,-2564.0,33,0.030200958251953125,6
-2480.0,-3108.0,-3607.0,101,0.07017993927001953,8
