z1,z2,z3,node,time,depth
64.0,93.0,68.0,1,0.09853506088256836,1
66.0,98.0,59.0,1,0.09856700897216797,1
69.0,88.0,70.0,1,0.09858918190002441,1
61.0,99.0,62.0,1,0.09861016273498535,1
126.0,57.0,126.0,1,0.09864115715026855,1
82.0,68.0,86.0,1,0.09870505332946777,1
50.0,139.0,55.0,2,0.14679908752441406,2
60.0,129.0,53.0,2,0.14690399169921875,2
52.0,138.0,52.0,2,0.14691400527954102,2
54.0,135.0,52.0,2,0.14692401885986328,2
60.0,107.0,59.0,2,0.14693498611450195,2
62.0,128.0,55.0,6,0.2807791233062744,5
66.0,120.0,58.0,87,2.3070971965789795,5
52.0,136.0,55.0,150,4.337723016738892,4
57.0,131.0,54.0,150,4.337805986404419,4
55.0,134.0,55.0,250,7.278885126113892,16
55.0,129.0,56.0,328,9.491933107376099,3
52.0,128.0,58.0,328,9.49195408821106,3
56.0,128.0,57.0,331,9.5918710231781,5
53.0,127.0,59.0,331,9.591922044754028,5
58.0,126.0,59.0,500,12.782220125198364,4
59.0,126.0,57.0,500,12.782231092453003,4
59.0,123.0,61.0,551,14.135142087936401,6
117.0,61.0,127.0,902,24.450661182403564,8
119.0,61.0,117.0,902,24.450671195983887,8
112.0,66.0,111.0,990,26.798983097076416,12
125.0,58.0,127.0,1014,27.354743003845215,18
118.0,62.0,118.0,1014,27.354773998260498,18
120.0,60.0,126.0,1029,27.596342086791992,17
118.0,63.0,117.0,1029,27.59641408920288,17
119.0,64.0,115.0,1029,27.596424102783203,17
113.0,65.0,118.0,1055,28.139158010482788,19
116.0,64.0,117.0,1055,28.139219999313354,19
117.0,65.0,115.0,1055,28.139230966567993,19
120.0,64.0,114.0,1165,30.872363090515137,10
119.0,63.0,116.0,1165,30.87237310409546,10
84.0,79.0,78.0,1235,33.14876317977905,5
88.0,73.0,85.0,1235,33.148784160614014,5
95.0,67.0,92.0,1235,33.148898124694824,5
57.0,121.0,62.0,1235,33.14895009994507,5
58.0,120.0,63.0,1316,35.74292302131653,17
86.0,76.0,82.0,1351,37.33453607559204,10
