z1,z2,z3,node,time,depth
21352.0,19347.0,21216.0,1,0.012941122055053711,1
20114.0,21627.0,18913.0,1,0.01295614242553711,1
20878.0,21142.0,18882.0,1,0.012969970703125,1
21304.0,21127.0,21893.0,7,0.08624005317687988,4
