z1,z2,z3,node,time,depth
17300.0,16612.0,14953.0,1,0.005053997039794922,1
15482.0,15613.0,16970.0,1,0.005059003829956055,1
14856.0,16425.0,17137.0,1,0.0050640106201171875,1
15614.0,17298.0,16451.0,1,0.00506901741027832,1
15318.0,16148.0,17607.0,3,0.012730121612548828,2
15734.0,16890.0,16491.0,5,0.019051074981689453,3
15737.0,16635.0,16807.0,9,0.0313260555267334,5
