z1,z2,z3,node,time,depth
48.0,48.0,54.0,1,0.016514062881469727,1
48.0,59.0,47.0,1,0.01651906967163086,1
69.0,48.0,44.0,1,0.016534090042114258,1
53.0,52.0,47.0,1,0.016540050506591797,1
51.0,53.0,47.0,1,0.01654505729675293,1
46.0,52.0,54.0,1,0.016560077667236328,1
81.0,73.0,43.0,2,0.020895004272460938,2
85.0,44.0,69.0,10,0.09425902366638184,4
79.0,47.0,71.0,13,0.11672806739807129,6
88.0,47.0,66.0,27,0.21316194534301758,14
