z1,z2,z3,node,time,depth
95.0,74.0,70.0,1,0.013473033905029297,1
85.0,77.0,83.0,1,0.013480901718139648,1
83.0,91.0,58.0,1,0.013488054275512695,1
66.0,90.0,81.0,1,0.013495922088623047,1
68.0,94.0,73.0,1,0.0135040283203125,1
83.0,80.0,78.0,11,0.08707594871520996,2
75.0,90.0,77.0,12,0.09857892990112305,3
85.0,86.0,75.0,18,0.14165496826171875,4
81.0,88.0,70.0,25,0.2014939785003662,5
127.0,90.0,66.0,53,0.43169593811035156,12
