z1,z2,z3,node,time,depth
-71.0,-61.0,-83.0,1,0.0036840438842773438,1
-83.0,-58.0,-79.0,2,0.007795095443725586,2
-87.0,-56.0,-79.0,3,0.011048078536987305,3
-77.0,-62.0,-61.0,201,0.16071510314941406,10
-71.0,-63.0,-73.0,377,0.2907850742340088,10
-88.0,-56.0,-69.0,415,0.3247652053833008,8
-83.0,-59.0,-73.0,678,0.5378530025482178,7
-83.0,-60.0,-69.0,693,0.5496110916137695,17
-73.0,-62.0,-76.0,888,0.7184810638427734,17
-90.0,-53.0,-77.0,1124,0.9261741638183594,16
-93.0,-39.0,-66.0,1192,0.9711630344390869,15
-91.0,-49.0,-65.0,1298,1.0486249923706055,8
-92.0,-47.0,-74.0,1320,1.0674951076507568,16
-82.0,-61.0,-70.0,1458,1.1766622066497803,16
-86.0,-59.0,-70.0,1484,1.2032990455627441,14
-81.0,-59.0,-76.0,1580,1.2927591800689697,3
-74.0,-58.0,-81.0,1713,1.407829999923706,16
-77.0,-53.0,-80.0,1740,1.4289581775665283,13
-75.0,-57.0,-80.0,1747,1.4331040382385254,16
-74.0,-63.0,-68.0,1901,1.5784220695495605,8
-59.0,-66.0,-66.0,1940,1.6094582080841064,18
-70.0,-65.0,-68.0,1989,1.646806001663208,8
-67.0,-65.0,-73.0,2037,1.6788620948791504,16
-70.0,-64.0,-74.0,2117,1.7503321170806885,12
-76.0,-62.0,-73.0,2121,1.756019115447998,6
-72.0,-62.0,-77.0,2139,1.7700471878051758,18
-67.0,-64.0,-77.0,2170,1.7972559928894043,15
