z1,z2,z3,node,time,depth
-7899.0,-9831.0,-7731.0,1,0.0006961822509765625,1
-8643.0,-9630.0,-7082.0,17,0.007623195648193359,5
-8427.0,-9134.0,-7712.0,30,0.013227224349975586,6
-8172.0,-8979.0,-7950.0,34,0.01478719711303711,6
-8916.0,-8778.0,-7301.0,50,0.021361112594604492,7
-8485.0,-9128.0,-7726.0,54,0.02289104461669922,7
-9229.0,-8927.0,-7077.0,72,0.029523134231567383,10
