z1,z2,z3,node,time,depth
72.0,85.0,83.0,1,0.018565893173217773,1
84.0,72.0,83.0,1,0.01858210563659668,1
85.0,87.0,56.0,1,0.018604040145874023,1
82.0,78.0,84.0,2,0.040390968322753906,2
96.0,79.0,70.0,2,0.0404210090637207,2
89.0,75.0,79.0,2,0.040450096130371094,2
87.0,76.0,81.0,4,0.06964707374572754,3
84.0,78.0,82.0,14,0.30067992210388184,5
79.0,84.0,76.0,22,0.430635929107666,7
