z1,z2,z3,node,time,depth
-33.0,-30.0,-24.0,1,0.0013201236724853516,1
-27.0,-41.0,-17.0,9,0.009462118148803711,4
-30.0,-37.0,-20.0,9,0.009466171264648438,4
-30.0,-35.0,-21.0,16,0.015848159790039062,5
-30.0,-42.0,-15.0,30,0.025376081466674805,6
-22.0,-23.0,-26.0,44,0.037499189376831055,6
-33.0,-38.0,-18.0,54,0.042971134185791016,7
-34.0,-32.0,-19.0,58,0.044997215270996094,7
-26.0,-18.0,-25.0,98,0.06377911567687988,9
-22.0,-21.0,-27.0,108,0.06718111038208008,10
-18.0,-31.0,-22.0,118,0.07007217407226562,11
-21.0,-24.0,-26.0,122,0.07123303413391113,11
