z1,z2,z3,node,time,depth
-28.0,-35.0,-32.0,1,0.0026001930236816406,1
-35.0,-36.0,-23.0,1,0.0026111602783203125,1
-38.0,-34.0,-22.0,2,0.004630088806152344,2
-37.0,-29.0,-29.0,5,0.010633230209350586,3
-34.0,-31.0,-30.0,21,0.03247404098510742,5
-29.0,-35.0,-28.0,92,0.09018111228942871,7
-35.0,-33.0,-27.0,94,0.09127306938171387,7
-35.0,-23.0,-35.0,100,0.09564208984375,7
-31.0,-34.0,-26.0,130,0.11446499824523926,8
-25.0,-31.0,-37.0,148,0.1221160888671875,8
-38.0,-31.0,-26.0,172,0.1333620548248291,8
-39.0,-31.0,-22.0,202,0.14873814582824707,8
-33.0,-31.0,-31.0,230,0.1619431972503662,9
-33.0,-32.0,-30.0,232,0.16267108917236328,9
-29.0,-29.0,-34.0,234,0.1634211540222168,9
-30.0,-34.0,-31.0,236,0.164201021194458,9
-36.0,-30.0,-29.0,240,0.1658170223236084,9
-31.0,-32.0,-32.0,260,0.1735842227935791,9
-31.0,-33.0,-31.0,261,0.1740560531616211,9
-38.0,-26.0,-31.0,294,0.1880500316619873,9
-40.0,-25.0,-27.0,298,0.18964505195617676,9
-42.0,-24.0,-26.0,324,0.19986915588378906,9
-28.0,-29.0,-38.0,350,0.2104201316833496,10
-31.0,-28.0,-36.0,354,0.21188902854919434,10
-34.0,-25.0,-36.0,356,0.21258211135864258,10
-34.0,-26.0,-35.0,358,0.21333622932434082,10
-30.0,-23.0,-39.0,360,0.21389412879943848,10
-39.0,-28.0,-28.0,364,0.2153630256652832,10
-35.0,-27.0,-33.0,394,0.22542309761047363,10
-32.0,-30.0,-33.0,396,0.22620201110839844,10
-35.0,-28.0,-32.0,398,0.22678709030151367,10
-41.0,-24.0,-30.0,406,0.2297520637512207,10
-37.0,-22.0,-33.0,408,0.230316162109375,10
-37.0,-21.0,-34.0,410,0.2308640480041504,10
-41.0,-30.0,-20.0,432,0.23898601531982422,10
-27.0,-30.0,-36.0,452,0.2455611228942871,11
-28.0,-24.0,-41.0,458,0.24720120429992676,11
-26.0,-31.0,-33.0,468,0.24997711181640625,11
-29.0,-26.0,-38.0,476,0.2521991729736328,11
-35.0,-22.0,-36.0,482,0.2538571357727051,11
-31.0,-20.0,-39.0,484,0.25441622734069824,11
-40.0,-30.0,-25.0,494,0.2572011947631836,11
-36.0,-33.0,-23.0,496,0.25776219367980957,11
-37.0,-32.0,-26.0,498,0.2583441734313965,11
