z1,z2,z3,node,time,depth
5403.0,4782.0,5345.0,1,0.07778596878051758,1
6920.0,5964.0,4232.0,1,0.07779598236083984,1
5742.0,6025.0,4176.0,1,0.07780694961547852,1
8316.0,4576.0,6764.0,1,0.0778191089630127,1
4861.0,5819.0,5352.0,1,0.07786202430725098,1
4878.0,7107.0,4863.0,1,0.07790613174438477,1
4722.0,6048.0,5445.0,1,0.07792806625366211,1
4832.0,4822.0,6501.0,1,0.07799315452575684,1
4214.0,8928.0,8263.0,2,0.11745095252990723,2
4459.0,7967.0,7430.0,2,0.11745905876159668,2
4669.0,9408.0,6152.0,2,0.11746597290039062,2
4360.0,9559.0,7070.0,2,0.11747407913208008,2
5184.0,6164.0,5137.0,2,0.11751413345336914,2
4550.0,7087.0,7848.0,2,0.11752510070800781,2
4572.0,7014.0,7904.0,2,0.11753511428833008,2
4671.0,6768.0,7738.0,2,0.11754608154296875,2
4649.0,6841.0,7682.0,2,0.11755704879760742,2
4330.0,9025.0,7559.0,3,0.1378650665283203,3
4559.0,7836.0,7764.0,28,0.45747900009155273,5
4327.0,8502.0,8454.0,28,0.4574871063232422,5
4363.0,8783.0,8414.0,40,0.6271090507507324,12
4594.0,8714.0,7033.0,54,0.8243131637573242,6
4457.0,8710.0,7458.0,68,1.070850133895874,7
4627.0,8560.0,7171.0,70,1.1555860042572021,8
4250.0,9209.0,8223.0,125,1.9015519618988037,10
4720.0,8132.0,7003.0,189,3.3534560203552246,4
4400.0,8911.0,7318.0,189,3.353606939315796,4
4499.0,8240.0,7417.0,189,3.3537471294403076,4
4529.0,9106.0,6698.0,189,3.3537580966949463,4
4562.0,8952.0,6836.0,217,4.0946409702301025,11
4487.0,9244.0,6969.0,218,4.114238023757935,12
4433.0,8757.0,7456.0,264,4.724668025970459,8
4702.0,9254.0,6290.0,312,5.862208127975464,7
4519.0,7563.0,7777.0,402,7.786839962005615,3
4680.0,7859.0,7016.0,402,7.786900043487549,3
4243.0,8288.0,9254.0,450,8.881448984146118,3
4234.0,8338.0,9152.0,450,8.881463050842285,3
4407.0,7638.0,8396.0,450,8.881471157073975,3
4419.0,8634.0,8298.0,460,9.242969036102295,6
4654.0,8609.0,7151.0,461,9.302019119262695,7
4679.0,8870.0,6997.0,527,10.655126094818115,6
4659.0,8621.0,7139.0,580,12.319350004196167,4
4710.0,9044.0,6825.0,581,12.333593130111694,5
4684.0,8882.0,6985.0,623,13.421050071716309,6
4607.0,7905.0,7721.0,710,15.811782121658325,5
7840.0,4660.0,6973.0,722,16.183056116104126,6
