z1,z2,z3,node,time,depth
-37.0,-44.0,-44.0,1,0.00341796875,1
-45.0,-40.0,-40.0,2,0.006500959396362305,2
-46.0,-37.0,-42.0,3,0.009900093078613281,2
-43.0,-44.0,-38.0,3,0.009907007217407227,2
-41.0,-41.0,-42.0,9,0.026400089263916016,4
-29.0,-45.0,-40.0,21,0.053967952728271484,5
-38.0,-41.0,-46.0,22,0.05628800392150879,5
-40.0,-39.0,-47.0,25,0.06239008903503418,5
-41.0,-40.0,-43.0,32,0.07500195503234863,6
-32.0,-34.0,-56.0,37,0.0845189094543457,6
-35.0,-36.0,-55.0,37,0.08452010154724121,6
-41.0,-34.0,-50.0,37,0.0845339298248291,6
-22.0,-37.0,-54.0,44,0.09723091125488281,6
-36.0,-45.0,-29.0,62,0.12793993949890137,6
-39.0,-45.0,-27.0,63,0.1293649673461914,6
-39.0,-42.0,-45.0,81,0.15666699409484863,7
-39.0,-32.0,-54.0,126,0.22212696075439453,8
-38.0,-35.0,-54.0,128,0.22396111488342285,8
-38.0,-33.0,-56.0,134,0.23467302322387695,8
-40.0,-41.0,-45.0,144,0.2487180233001709,8
-38.0,-40.0,-47.0,148,0.25434398651123047,8
-43.0,-42.0,-39.0,151,0.2583150863647461,8
-20.0,-39.0,-53.0,165,0.2787361145019531,8
-37.0,-46.0,-27.0,207,0.33382606506347656,8
-44.0,-37.0,-43.0,210,0.33553004264831543,9
-39.0,-39.0,-48.0,218,0.3439629077911377,9
-42.0,-39.0,-46.0,226,0.35306310653686523,9
-43.0,-40.0,-41.0,264,0.3943169116973877,9
-42.0,-35.0,-49.0,294,0.42290496826171875,10
-41.0,-37.0,-49.0,300,0.42841005325317383,10
-39.0,-35.0,-53.0,308,0.43630290031433105,10
-42.0,-43.0,-39.0,312,0.43889403343200684,10
-38.0,-37.0,-53.0,330,0.45789289474487305,10
-36.0,-39.0,-52.0,336,0.4636220932006836,10
-45.0,-38.0,-42.0,356,0.4828629493713379,10
-45.0,-42.0,-35.0,368,0.49466395378112793,10
-22.0,-33.0,-57.0,392,0.5129060745239258,11
-43.0,-38.0,-46.0,394,0.5142500400543213,11
-45.0,-36.0,-43.0,454,0.5622589588165283,12
-23.0,-30.0,-57.0,456,0.5634050369262695,12
-37.0,-40.0,-51.0,458,0.5646340847015381,12
-42.0,-36.0,-47.0,460,0.5660200119018555,12
-40.0,-37.0,-50.0,461,0.5667591094970703,12
-38.0,-38.0,-50.0,511,0.597851037979126,13
-35.0,-46.0,-29.0,534,0.6098859310150146,13
-31.0,-45.0,-36.0,554,0.6194450855255127,14
