z1,z2,z3,node,time,depth
-8854.0,-9188.0,-8860.0,157,0.06939911842346191,6
-8749.0,-9149.0,-8961.0,157,0.06940102577209473,6
-9391.0,-8502.0,-9385.0,169,0.0742650032043457,5
