z1,z2,z3,node,time,depth
18807.0,16705.0,17678.0,1,0.007288932800292969,1
18209.0,18302.0,17515.0,1,0.007295846939086914,1
17599.0,19196.0,19639.0,1,0.007303953170776367,1
17888.0,18416.0,19588.0,1,0.0073108673095703125,1
