z1,z2,z3,node,time,depth
-29.0,-52.0,-35.0,14,0.005928993225097656,10
-36.0,-49.0,-35.0,48,0.019244909286499023,8
-37.0,-37.0,-28.0,71,0.027817964553833008,8
-37.0,-39.0,-26.0,74,0.028774023056030273,9
-27.0,-51.0,-38.0,82,0.03225088119506836,3
-34.0,-48.0,-38.0,94,0.037268877029418945,8
-31.0,-50.0,-36.0,102,0.041365861892700195,6
