z1,z2,z3,node,time,depth
-35.0,-38.0,-34.0,1,0.0014519691467285156,1
-39.0,-21.0,-39.0,1,0.0014529228210449219,1
-40.0,-23.0,-38.0,1,0.0014598369598388672,1
-27.0,-42.0,-31.0,15,0.009940862655639648,11
-34.0,-37.0,-35.0,33,0.018975019454956055,11
-19.0,-49.0,-25.0,116,0.06178784370422363,10
-26.0,-44.0,-29.0,125,0.06521201133728027,7
-28.0,-43.0,-30.0,130,0.06755185127258301,9
