z1,z2,z3,node,time,depth
-16980.0,-17636.0,-15563.0,3,0.0037560462951660156,2
-15976.0,-18139.0,-16299.0,4,0.004952192306518555,3
-15972.0,-17933.0,-16409.0,7,0.008799076080322266,3
-15526.0,-18538.0,-16245.0,19,0.023638010025024414,5
-16653.0,-17417.0,-16169.0,43,0.048007965087890625,6
-16530.0,-18035.0,-15509.0,72,0.07275605201721191,7
-16165.0,-18409.0,-16137.0,132,0.12481212615966797,9
-16203.0,-17816.0,-16115.0,165,0.14645719528198242,9
-16846.0,-17893.0,-15897.0,192,0.16780710220336914,10
-16396.0,-18292.0,-15843.0,198,0.17210602760314941,10
-16248.0,-18151.0,-16092.0,218,0.18351411819458008,10
-15609.0,-18280.0,-16200.0,258,0.21347713470458984,11
-16059.0,-17881.0,-16254.0,272,0.22121119499206543,11
-15378.0,-18397.0,-16494.0,280,0.22705602645874023,11
