z1,z2,z3,node,time,depth
58.0,78.0,67.0,1,0.1217339038848877,1
63.0,74.0,66.0,1,0.12174797058105469,1
73.0,67.0,71.0,1,0.12180304527282715,1
63.0,80.0,61.0,1,0.12185096740722656,1
63.0,58.0,97.0,1,0.12210512161254883,1
55.0,77.0,72.0,1,0.12229299545288086,1
89.0,107.0,56.0,16,0.4932219982147217,3
91.0,103.0,58.0,19,0.5267488956451416,5
87.0,105.0,58.0,19,0.5268139839172363,5
90.0,102.0,59.0,21,0.5523359775543213,6
88.0,106.0,57.0,27,0.6327741146087646,10
84.0,105.0,59.0,30,0.650921106338501,5
84.0,112.0,56.0,31,0.7490379810333252,3
53.0,106.0,94.0,32,0.7821860313415527,4
53.0,109.0,90.0,32,0.7821969985961914,4
54.0,103.0,94.0,35,0.80076003074646,6
54.0,106.0,90.0,35,0.8007709980010986,6
58.0,73.0,82.0,47,0.9446799755096436,4
54.0,102.0,96.0,62,1.5140149593353271,6
54.0,105.0,92.0,62,1.5140259265899658,6
53.0,98.0,99.0,63,1.59128999710083,6
103.0,94.0,59.0,64,1.6499290466308594,7
72.0,84.0,60.0,64,1.6500740051269531,7
64.0,69.0,85.0,66,1.7606151103973389,8
79.0,113.0,58.0,76,2.181796073913574,10
94.0,96.0,59.0,76,2.181807041168213,10
91.0,97.0,59.0,79,2.258517026901245,12
82.0,109.0,59.0,84,2.3024089336395264,15
87.0,108.0,57.0,103,2.7943780422210693,13
85.0,110.0,58.0,116,2.938448905944824,22
54.0,99.0,97.0,175,4.1158881187438965,29
