z1,z2,z3,node,time,depth
-18738.0,-15978.0,-17264.0,1,0.0019788742065429688,1
-17615.0,-17060.0,-16209.0,1,0.0019979476928710938,1
-18603.0,-16260.0,-16752.0,4,0.010422945022583008,3
-17750.0,-16778.0,-16721.0,5,0.012506961822509766,3
-18088.0,-16547.0,-16677.0,27,0.04662489891052246,5
-18333.0,-16252.0,-17181.0,29,0.04949307441711426,5
-18198.0,-16534.0,-16669.0,85,0.10459709167480469,7
-15973.0,-17172.0,-13802.0,108,0.12403297424316406,7
-17705.0,-16778.0,-16769.0,168,0.17370390892028809,9
-17737.0,-16787.0,-16652.0,228,0.2144920825958252,10
-17860.0,-16765.0,-16713.0,229,0.2150418758392334,10
-18043.0,-16547.0,-16725.0,238,0.21988797187805176,10
-18178.0,-16265.0,-17237.0,252,0.22647690773010254,10
-18165.0,-16274.0,-17168.0,286,0.2504301071166992,11
-18265.0,-16491.0,-16796.0,287,0.25223302841186523,11
-18075.0,-16556.0,-16608.0,292,0.2552061080932617,11
-18210.0,-16274.0,-17120.0,300,0.2603950500488281,11
-15949.0,-17183.0,-14026.0,422,0.3381350040435791,14
-15159.0,-17253.0,-14366.0,426,0.3403000831604004,14
