z1,z2,z3,node,time,depth
-7773.0,-9458.0,-9905.0,1,0.000640869140625,1
-8325.0,-8794.0,-10289.0,24,0.010006904602050781,6
-7449.0,-9173.0,-10052.0,32,0.012575864791870117,6
