z1,z2,z3,node,time,depth
-15657.0,-20651.0,-15017.0,1,0.0015668869018554688,1
-16873.0,-19521.0,-16806.0,6,0.0076830387115478516,3
-17541.0,-18938.0,-17599.0,7,0.009032011032104492,3
-17653.0,-18844.0,-17369.0,11,0.013650894165039062,4
-16142.0,-20148.0,-16136.0,16,0.019084930419921875,5
-17097.0,-19555.0,-16679.0,19,0.022215843200683594,5
-16893.0,-19567.0,-16665.0,476,0.3883810043334961,11
-17767.0,-15577.0,-18060.0,683,0.5230679512023926,12
-16756.0,-19620.0,-16804.0,730,0.5547168254852295,12
-16312.0,-20237.0,-15884.0,1042,0.7725038528442383,15
-17814.0,-15442.0,-17783.0,1053,0.7797629833221436,15
-17599.0,-15637.0,-17894.0,1135,0.8340778350830078,15
-16130.0,-20198.0,-15965.0,1190,0.8673880100250244,15
-17647.0,-15744.0,-17867.0,1420,1.0069949626922607,17
-17499.0,-15770.0,-17670.0,1736,1.168503999710083,20
