z1,z2,z3,node,time,depth
-2894.0,-3145.0,-2614.0,56,0.021749019622802734,8
-2717.0,-3342.0,-2489.0,69,0.0267789363861084,4
-3026.0,-3306.0,-2307.0,90,0.03544306755065918,9
-2427.0,-3262.0,-2841.0,96,0.03798103332519531,3
-3431.0,-3130.0,-3190.0,187,0.07233786582946777,10
-3141.0,-3050.0,-3542.0,242,0.09351587295532227,7
-3475.0,-2875.0,-3376.0,243,0.09402894973754883,3
-3765.0,-2955.0,-3024.0,247,0.09574604034423828,7
-3740.0,-3094.0,-3008.0,258,0.09976792335510254,9
-4011.0,-2793.0,-2666.0,271,0.10448193550109863,8
