z1,z2,z3,node,time,depth
-8961.0,-8814.0,-8574.0,167,0.06065201759338379,5
-8932.0,-9160.0,-8560.0,170,0.061576128005981445,6
-9785.0,-8475.0,-8112.0,180,0.06548309326171875,4
-9756.0,-8821.0,-8098.0,185,0.06734800338745117,5
