z1,z2,z3,node,time,depth
-34.0,-36.0,-34.0,1,0.0012929439544677734,1
-33.0,-37.0,-33.0,2,0.0025238990783691406,2
-39.0,-20.0,-36.0,78,0.04086899757385254,7
-12.0,-43.0,-13.0,92,0.049597978591918945,11
-29.0,-42.0,-28.0,122,0.0614778995513916,6
-35.0,-25.0,-31.0,134,0.06608891487121582,7
