z1,z2,z3,node,time,depth
21168.0,18131.0,22672.0,1,0.006947040557861328,1
20396.0,21512.0,19303.0,1,0.006957054138183594,1
21895.0,20288.0,20880.0,11,0.2103559970855713,2
24072.0,20039.0,22563.0,27,0.5975990295410156,8
