z1,z2,z3,node,time,depth
130.0,117.0,67.0,1,0.08562397956848145,1
128.0,118.0,67.0,1,0.08563494682312012,1
105.0,96.0,69.0,1,0.08566999435424805,1
89.0,115.0,80.0,1,0.08568191528320312,1
92.0,100.0,82.0,1,0.08570504188537598,1
83.0,107.0,90.0,1,0.08571600914001465,1
85.0,86.0,97.0,1,0.085784912109375,1
80.0,122.0,120.0,2,0.12341809272766113,2
80.0,125.0,119.0,2,0.12343001365661621,2
81.0,119.0,121.0,37,0.7582409381866455,6
82.0,128.0,115.0,37,0.7583470344543457,6
82.0,120.0,117.0,37,0.7583580017089844,6
82.0,123.0,116.0,37,0.7583680152893066,6
93.0,94.0,93.0,87,1.426142930984497,2
101.0,90.0,88.0,87,1.426163911819458,2
128.0,117.0,68.0,101,1.759119987487793,10
127.0,120.0,68.0,106,1.7752370834350586,8
130.0,116.0,68.0,111,1.9591400623321533,6
99.0,97.0,77.0,113,2.075572967529297,3
103.0,92.0,87.0,128,2.8827431201934814,7
99.0,90.0,93.0,131,3.2056620121002197,8
