z1,z2,z3,node,time,depth
8909.0,7498.0,4193.0,1,0.038211822509765625,1
6355.0,6857.0,4900.0,1,0.0382230281829834,1
8631.0,7185.0,4287.0,1,0.03824281692504883,1
6445.0,4773.0,7865.0,1,0.03826284408569336,1
4010.0,7667.0,7379.0,1,0.038272857666015625,1
4214.0,6897.0,7279.0,1,0.03828287124633789,1
4854.0,5627.0,5431.0,1,0.038292884826660156,1
6003.0,5017.0,7543.0,3,0.05999898910522461,2
7905.0,8517.0,4477.0,4,0.07035994529724121,2
7863.0,6843.0,4826.0,4,0.07038092613220215,2
8068.0,7899.0,4439.0,4,0.07039093971252441,2
8818.0,6243.0,5103.0,5,0.09069681167602539,2
4560.0,7562.0,6698.0,7,0.11287593841552734,2
6030.0,5385.0,6961.0,9,0.15346789360046387,3
5506.0,5492.0,8798.0,9,0.15347790718078613,3
8612.0,6738.0,4903.0,13,0.20619797706604004,3
7999.0,6329.0,5291.0,13,0.2062079906463623,3
8748.0,6224.0,5368.0,13,0.20621800422668457,3
8052.0,7942.0,4720.0,14,0.22066998481750488,3
8202.0,6736.0,5037.0,15,0.23483896255493164,3
4764.0,6792.0,6598.0,16,0.23955893516540527,3
6037.0,5302.0,6918.0,21,0.3233659267425537,4
7752.0,6772.0,5044.0,32,0.41166186332702637,4
8073.0,7233.0,4687.0,34,0.4400489330291748,4
7881.0,6584.0,5121.0,35,0.45926403999328613,4
6306.0,7460.0,5140.0,63,0.7152948379516602,5
6505.0,6634.0,5401.0,63,0.7153358459472656,5
7365.0,6600.0,5260.0,64,0.7315618991851807,5
4726.0,7500.0,7125.0,87,0.9001238346099854,5
5996.0,5100.0,7586.0,108,0.985908031463623,6
7508.0,8211.0,4805.0,113,1.022979974746704,6
7770.0,6513.0,5339.0,113,1.0230109691619873,6
8351.0,7546.0,4593.0,116,1.0502738952636719,6
7671.0,7593.0,4767.0,117,1.0576019287109375,6
8630.0,6479.0,5198.0,123,1.1103599071502686,6
6620.0,5296.0,7513.0,155,1.2284278869628906,7
7021.0,6618.0,5262.0,168,1.281491994857788,7
6654.0,5581.0,6888.0,213,1.463932991027832,8
6159.0,7844.0,5363.0,233,1.5508768558502197,8
9096.0,6556.0,5009.0,378,2.275895833969116,9
