z1,z2,z3,node,time,depth
23051.0,20361.0,22698.0,1,0.02628803253173828,1
22971.0,20466.0,22317.0,1,0.026300907135009766,1
22855.0,21545.0,20542.0,1,0.026314973831176758,1
20695.0,21072.0,20569.0,1,0.026328086853027344,1
20358.0,21997.0,21936.0,1,0.026355981826782227,1
