z1,z2,z3,node,time,depth
-36.0,-38.0,-28.0,1,0.0009059906005859375,1
-46.0,-27.0,-41.0,1,0.0009119510650634766,1
-42.0,-33.0,-36.0,16,0.013257980346679688,5
-46.0,-11.0,-45.0,64,0.039032936096191406,10
