z1,z2,z3,node,time,depth
-44.0,-40.0,-31.0,1,0.0006351470947265625,1
-31.0,-27.0,-34.0,1,0.0006389617919921875,1
-33.0,-28.0,-32.0,14,0.006143093109130859,9
-47.0,-42.0,-26.0,71,0.026496171951293945,9
-46.0,-41.0,-29.0,79,0.029781103134155273,7
