z1,z2,z3,node,time,depth
61.0,95.0,120.0,1,0.06246018409729004,1
90.0,96.0,84.0,1,0.06247115135192871,1
74.0,96.0,103.0,1,0.06248211860656738,1
106.0,103.0,73.0,1,0.06250309944152832,1
120.0,81.0,73.0,1,0.06257915496826172,1
82.0,84.0,104.0,1,0.06258916854858398,1
127.0,115.0,72.0,2,0.12729620933532715,2
136.0,80.0,101.0,2,0.12730717658996582,2
129.0,80.0,108.0,2,0.1273181438446045,2
131.0,110.0,72.0,2,0.12732815742492676,2
129.0,112.0,72.0,2,0.12733912467956543,2
96.0,85.0,92.0,107,3.968177080154419,2
87.0,101.0,89.0,213,8.718912124633789,6
86.0,133.0,98.0,311,13.36597204208374,13
86.0,131.0,100.0,357,16.154787063598633,23
86.0,130.0,102.0,369,16.650207042694092,30
