z1,z2,z3,node,time,depth
15821.0,14554.0,15316.0,1,0.0026481151580810547,1
16115.0,17964.0,13984.0,1,0.0026531219482421875,1
13349.0,16355.0,14364.0,1,0.0026581287384033203,1
15264.0,17109.0,14128.0,1,0.002663135528564453,1
15023.0,15782.0,17068.0,2,0.008397102355957031,2
