z1,z2,z3,node,time,depth
18968.0,17302.0,17914.0,1,0.0048830509185791016,1
18293.0,18147.0,16818.0,1,0.004891157150268555,1
17261.0,18770.0,19107.0,1,0.004899024963378906,1
18150.0,18537.0,19419.0,4,0.01588916778564453,3
18224.0,18606.0,17831.0,7,0.029258012771606445,4
18965.0,17409.0,19023.0,12,0.04704904556274414,7
