z1,z2,z3,node,time,depth
59.0,70.0,46.0,1,0.028944969177246094,1
48.0,78.0,61.0,1,0.028954029083251953,1
61.0,55.0,64.0,1,0.02896285057067871,1
47.0,77.0,66.0,1,0.02898097038269043,1
62.0,52.0,73.0,1,0.02904486656188965,1
100.0,65.0,61.0,7,0.16801786422729492,3
90.0,68.0,62.0,7,0.16802597045898438,3
96.0,66.0,61.0,7,0.16808390617370605,3
96.0,69.0,59.0,27,0.7077329158782959,5
61.0,59.0,63.0,28,0.7322578430175781,6
94.0,67.0,62.0,38,0.9493448734283447,6
58.0,75.0,90.0,128,2.901654005050659,13
