z1,z2,z3,node,time,depth
-9325.0,-9187.0,-9485.0,1,0.0005099773406982422,1
-8554.0,-8299.0,-10366.0,1,0.000514984130859375,1
-8692.0,-8804.0,-10034.0,7,0.003342866897583008,3
-8922.0,-9374.0,-8957.0,14,0.006089925765991211,5
-8700.0,-8837.0,-9842.0,24,0.010580062866210938,6
-8289.0,-8991.0,-9506.0,34,0.01559901237487793,8
