z1,z2,z3,node,time,depth
-4224.0,-4846.0,-4753.0,1,0.002938985824584961,1
-5458.0,-3764.0,-5010.0,1,0.002978801727294922,1
-5723.0,-3574.0,-4696.0,1,0.002986907958984375,1
-4691.0,-4297.0,-4887.0,5,0.01287388801574707,3
-4489.0,-4656.0,-4439.0,5,0.012874841690063477,3
-5256.0,-4123.0,-4562.0,14,0.02852797508239746,4
-4423.0,-4143.0,-5085.0,37,0.05241584777832031,6
-4890.0,-3594.0,-5219.0,46,0.061218976974487305,6
-4959.0,-4273.0,-4535.0,63,0.07615089416503906,6
-4757.0,-4632.0,-4087.0,63,0.07615184783935547,6
-4437.0,-3182.0,-5479.0,64,0.07684898376464844,7
-4583.0,-3497.0,-5341.0,188,0.15970778465270996,8
-4533.0,-2987.0,-5440.0,450,0.28730297088623047,10
-4916.0,-4408.0,-4757.0,462,0.29239988327026367,10
-5115.0,-3705.0,-5089.0,468,0.2951679229736328,10
-5179.0,-4563.0,-4289.0,470,0.29620981216430664,10
-5084.0,-3914.0,-5042.0,472,0.29688096046447754,10
-4629.0,-3646.0,-5183.0,480,0.3006308078765869,10
-5192.0,-2727.0,-5119.0,655,0.3793039321899414,10
-4714.0,-4767.0,-4309.0,716,0.40480899810791016,11
-4977.0,-4922.0,-3841.0,718,0.40552783012390137,11
-4693.0,-4504.0,-4383.0,722,0.40741991996765137,11
-5181.0,-4218.0,-4443.0,740,0.4191398620605469,11
-5444.0,-4373.0,-3975.0,742,0.419827938079834,11
-5514.0,-3779.0,-3823.0,788,0.43886494636535645,11
-5533.0,-4387.0,-3595.0,798,0.44275593757629395,11
-4225.0,-4804.0,-3955.0,872,0.4717988967895508,12
-4404.0,-3535.0,-5313.0,898,0.4819798469543457,12
-5096.0,-3097.0,-5317.0,900,0.4826669692993164,12
-5139.0,-2962.0,-5095.0,928,0.49271678924560547,12
-5270.0,-4232.0,-4063.0,992,0.5146138668060303,13
