z1,z2,z3,node,time,depth
-33.0,-19.0,-29.0,1,0.002042055130004883,1
-23.0,-21.0,-27.0,19,0.012527942657470703,6
-24.0,-20.0,-29.0,30,0.017827987670898438,9
-20.0,-22.0,-29.0,44,0.02489495277404785,9
-21.0,-20.0,-30.0,52,0.029213905334472656,9
-24.0,-19.0,-30.0,58,0.03225207328796387,9
-22.0,-19.0,-31.0,59,0.03275108337402344,7
-19.0,-26.0,-30.0,61,0.03366589546203613,8
-25.0,-21.0,-26.0,103,0.057151079177856445,10
-25.0,-20.0,-27.0,153,0.08445405960083008,10
-21.0,-23.0,-26.0,156,0.08552289009094238,7
-31.0,-24.0,-25.0,157,0.08745694160461426,2
-27.0,-27.0,-24.0,158,0.08931708335876465,3
-18.0,-27.0,-25.0,187,0.1090691089630127,8
-32.0,-20.0,-24.0,196,0.11568093299865723,8
-16.0,-31.0,-21.0,234,0.1423959732055664,9
-16.0,-30.0,-22.0,236,0.14348506927490234,8
-17.0,-29.0,-24.0,241,0.14563202857971191,8
-20.0,-28.0,-22.0,248,0.14904308319091797,9
-21.0,-26.0,-25.0,250,0.14977002143859863,7
-30.0,-26.0,-24.0,251,0.15011811256408691,5
