z1,z2,z3,node,time,depth
20738.0,18796.0,20521.0,1,0.029478073120117188,1
18841.0,19989.0,22524.0,1,0.02948904037475586,1
21699.0,21189.0,18339.0,1,0.029500961303710938,1
19154.0,20385.0,20491.0,1,0.029513120651245117,1
20160.0,22113.0,19309.0,1,0.0295259952545166,1
20900.0,20438.0,18826.0,1,0.029536962509155273,1
20066.0,21437.0,19836.0,21,0.8085720539093018,4
20515.0,20416.0,20486.0,27,0.9540951251983643,6
20842.0,20269.0,19955.0,33,1.0537121295928955,9
