z1,z2,z3,node,time,depth
59.0,74.0,50.0,1,0.039643049240112305,1
68.0,80.0,40.0,1,0.03964996337890625,1
74.0,58.0,54.0,1,0.0396580696105957,1
70.0,46.0,72.0,1,0.0396730899810791,1
54.0,59.0,67.0,1,0.03968000411987305,1
63.0,66.0,49.0,1,0.0396881103515625,1
52.0,75.0,60.0,1,0.039710044860839844,1
45.0,62.0,74.0,1,0.03973197937011719,1
50.0,75.0,65.0,11,0.3533010482788086,2
68.0,55.0,99.0,56,1.9956181049346924,13
57.0,65.0,59.0,125,3.4994919300079346,5
93.0,57.0,71.0,157,4.382288932800293,13
