z1,z2,z3,node,time,depth
-9691.0,-10685.0,-8282.0,1,0.0007069110870361328,1
-8577.0,-10408.0,-9578.0,46,0.01724386215209961,8
-8423.0,-11230.0,-8967.0,68,0.025059938430786133,8
-8747.0,-10465.0,-9440.0,79,0.03211498260498047,5
-8836.0,-10831.0,-8755.0,85,0.03410601615905762,6
-8812.0,-10927.0,-8931.0,88,0.0351870059967041,6
-9432.0,-10262.0,-9105.0,96,0.03832197189331055,6
-9602.0,-10319.0,-8967.0,97,0.03876090049743652,3
-9278.0,-11084.0,-8494.0,102,0.04065299034118652,6
