z1,z2,z3,node,time,depth
21536.0,20481.0,19045.0,1,0.023535966873168945,1
20607.0,19471.0,20869.0,1,0.023546934127807617,1
19465.0,19931.0,21157.0,1,0.02355790138244629,1
19431.0,20311.0,20030.0,1,0.023567914962768555,1
19223.0,20527.0,21988.0,1,0.023580074310302734,1
19272.0,21064.0,20643.0,1,0.023637056350708008,1
19529.0,20255.0,20322.0,8,0.1900019645690918,4
19413.0,21126.0,20557.0,8,0.19001197814941406,4
20363.0,19740.0,20845.0,18,0.35342907905578613,8
