z1,z2,z3,node,time,depth
-10220.0,-10539.0,-8206.0,1,0.0006399154663085938,1
-10608.0,-9311.0,-8675.0,5,0.002471923828125,3
-10083.0,-9784.0,-8802.0,11,0.005448102951049805,4
-10645.0,-9811.0,-8121.0,16,0.0077741146087646484,5
-10328.0,-9486.0,-8585.0,23,0.01135396957397461,5
-10187.0,-9586.0,-8765.0,30,0.01510000228881836,6
-10703.0,-9689.0,-8366.0,34,0.016663074493408203,6
-10282.0,-9964.0,-8456.0,44,0.020679950714111328,7
-10423.0,-9864.0,-8276.0,54,0.024569034576416016,8
-10178.0,-10162.0,-8493.0,62,0.027252912521362305,9
