z1,z2,z3,node,time,depth
-19.0,-51.0,-39.0,1,0.0019588470458984375,1
-44.0,-30.0,-48.0,1,0.001961946487426758,1
-57.0,-34.0,-36.0,1,0.0019659996032714844,1
-49.0,-43.0,-40.0,1,0.001968860626220703,1
-46.0,-39.0,-45.0,1,0.0019719600677490234,1
-29.0,-39.0,-47.0,1,0.001974821090698242,1
-28.0,-53.0,-37.0,1,0.0019779205322265625,1
-39.0,-36.0,-48.0,1,0.001981019973754883,1
-42.0,-46.0,-39.0,2,0.004489898681640625,2
-36.0,-42.0,-44.0,3,0.0062329769134521484,2
-32.0,-49.0,-38.0,3,0.0062389373779296875,2
-37.0,-47.0,-34.0,5,0.012540817260742188,3
-33.0,-44.0,-41.0,5,0.012543916702270508,3
-34.0,-47.0,-38.0,6,0.014161825180053711,3
-25.0,-46.0,-41.0,18,0.04270792007446289,5
-51.0,-34.0,-40.0,26,0.05909585952758789,5
-53.0,-27.0,-39.0,26,0.05910301208496094,5
-37.0,-42.0,-41.0,39,0.08268380165100098,6
-23.0,-49.0,-39.0,70,0.1281290054321289,8
-50.0,-35.0,-31.0,76,0.1351768970489502,8
