z1,z2,z3,node,time,depth
-9364.0,-8822.0,-8752.0,1,0.0004839897155761719,1
-8698.0,-9577.0,-7999.0,84,0.03393292427062988,8
