z1,z2,z3,node,time,depth
-7803.0,-8549.0,-9196.0,1,0.0009400844573974609,1
-7621.0,-8758.0,-8933.0,1,0.0009410381317138672,1
-7861.0,-8589.0,-8655.0,16,0.011716127395629883,5
