z1,z2,z3,node,time,depth
22644.0,19323.0,22970.0,1,0.0179901123046875,1
18784.0,23913.0,19111.0,1,0.018001079559326172,1
20176.0,22776.0,19702.0,1,0.018028974533081055,1
19499.0,22870.0,19824.0,1,0.018040180206298828,1
22628.0,19520.0,22497.0,1,0.0180511474609375,1
20639.0,22199.0,20369.0,4,0.07703518867492676,3
21190.0,21428.0,21658.0,20,0.203200101852417,5
22029.0,21467.0,21649.0,43,0.40631818771362305,7
22389.0,20489.0,22232.0,68,0.6827390193939209,9
