z1,z2,z3,node,time,depth
-13620.0,-13381.0,-11570.0,1,0.0012090206146240234,1
-12500.0,-13160.0,-12889.0,3,0.004004955291748047,2
-12426.0,-13260.0,-12511.0,5,0.00654292106628418,3
-12834.0,-13593.0,-12069.0,15,0.017846107482910156,4
-12184.0,-13776.0,-12455.0,16,0.018732070922851562,5
-13247.0,-12958.0,-12605.0,17,0.019886016845703125,5
-13151.0,-12373.0,-12796.0,41,0.04270291328430176,6
-12743.0,-13802.0,-12006.0,45,0.045916080474853516,6
-13014.0,-13801.0,-11935.0,62,0.055613040924072266,7
-13007.0,-13495.0,-11964.0,63,0.05630207061767578,7
-12815.0,-13414.0,-12239.0,77,0.06689095497131348,7
-13490.0,-13600.0,-11722.0,77,0.06689190864562988,7
-12068.0,-13616.0,-12523.0,89,0.07566690444946289,7
-12834.0,-13229.0,-12632.0,106,0.08562612533569336,8
-13177.0,-13084.0,-12222.0,112,0.09002113342285156,8
-13345.0,-13147.0,-12134.0,123,0.09698796272277832,8
-12263.0,-13977.0,-12224.0,132,0.10137510299682617,8
-12267.0,-14003.0,-12219.0,136,0.1043081283569336,8
-12260.0,-13697.0,-12248.0,137,0.10504913330078125,8
-12598.0,-13349.0,-12418.0,141,0.10775589942932129,8
-12997.0,-12512.0,-12919.0,162,0.1207270622253418,9
-12764.0,-13355.0,-12249.0,164,0.12146496772766113,9
-12430.0,-13286.0,-12506.0,180,0.13047409057617188,9
-12680.0,-13732.0,-12192.0,186,0.13408803939819336,9
