z1,z2,z3,node,time,depth
3684.0,8551.0,9049.0,1,0.056565046310424805,1
3726.0,7710.0,9763.0,1,0.056572914123535156,1
5920.0,4734.0,5662.0,1,0.05659604072570801,1
6653.0,6218.0,4603.0,1,0.05661892890930176,1
4798.0,6018.0,5000.0,1,0.0566258430480957,1
4713.0,4634.0,5913.0,1,0.056633949279785156,1
8899.0,3871.0,7745.0,1,0.0566408634185791,1
8220.0,3869.0,8835.0,1,0.05666399002075195,1
8521.0,3870.0,8194.0,1,0.0566709041595459,1
5728.0,4192.0,6584.0,1,0.0567319393157959,1
8676.0,4000.0,7908.0,21,0.5477559566497803,9
7997.0,3998.0,8998.0,48,0.8593049049377441,3
8298.0,3999.0,8357.0,50,0.952538013458252,5
3917.0,8480.0,8550.0,111,2.1804358959198,4
3959.0,7639.0,9264.0,111,2.180443048477173,4
4500.0,7829.0,8239.0,112,2.2051639556884766,5
4549.0,7118.0,8671.0,112,2.205172061920166,5
4542.0,6988.0,8953.0,112,2.20517897605896,5
4178.0,7491.0,8799.0,149,2.76810884475708,5
4136.0,8332.0,8085.0,149,2.768131971359253,5
4537.0,8032.0,7911.0,150,2.7959370613098145,6
4421.0,7833.0,8486.0,185,3.444429874420166,13
4440.0,7432.0,8455.0,220,3.8648529052734375,10
4523.0,7305.0,9324.0,225,3.959321975708008,14
4536.0,8572.0,7812.0,269,4.466171026229858,7
3945.0,7562.0,9298.0,310,5.316170930862427,4
3903.0,8403.0,8584.0,310,5.316192865371704,4
4522.0,8495.0,7846.0,310,5.3162150382995605,4
4290.0,7376.0,9823.0,311,5.354111909866333,5
4509.0,7228.0,9358.0,311,5.354119062423706,5
4267.0,7900.0,8738.0,373,6.403167963027954,6
4309.0,7059.0,9452.0,373,6.403204917907715,6
4528.0,6911.0,8987.0,373,6.403213024139404,6
4486.0,7752.0,8273.0,373,6.403234958648682,6
4130.0,7143.0,10201.0,505,8.524138927459717,3
7928.0,8128.0,4535.0,505,8.5241539478302,3
8274.0,7508.0,4566.0,506,8.56174898147583,4
8771.0,7451.0,4579.0,506,8.561822891235352,4
8425.0,8071.0,4548.0,546,9.360274076461792,5
4551.0,5569.0,6889.0,636,11.953819990158081,5
4349.0,6995.0,9736.0,646,12.214853048324585,6
4539.0,6905.0,9552.0,649,12.373679876327515,8
4514.0,6933.0,9593.0,691,13.242433071136475,9
4507.0,6973.0,9584.0,717,13.773120880126953,10
5961.0,5737.0,5218.0,767,14.989729881286621,6
9008.0,4092.0,7464.0,768,15.022948026657104,7
8630.0,4091.0,7913.0,768,15.023000001907349,7
5892.0,5479.0,5834.0,822,16.111510038375854,9
