z1,z2,z3,node,time,depth
74.0,51.0,79.0,1,0.031555891036987305,1
59.0,62.0,72.0,1,0.03165793418884277,1
76.0,63.0,67.0,2,0.04745793342590332,2
80.0,58.0,71.0,2,0.04746890068054199,2
78.0,57.0,73.0,2,0.04750204086303711,2
87.0,56.0,75.0,2,0.04751300811767578,2
75.0,77.0,60.0,2,0.04753398895263672,2
73.0,79.0,61.0,2,0.04754495620727539,2
68.0,79.0,64.0,2,0.04755592346191406,2
70.0,77.0,63.0,2,0.04756593704223633,2
77.0,66.0,66.0,3,0.059105873107910156,3
71.0,60.0,76.0,3,0.05911993980407715,3
75.0,65.0,68.0,6,0.0863649845123291,6
73.0,61.0,74.0,8,0.12672185897827148,5
81.0,61.0,70.0,11,0.1774768829345703,4
79.0,60.0,72.0,13,0.21228599548339844,6
77.0,56.0,78.0,17,0.25710606575012207,5
67.0,82.0,66.0,27,0.3455040454864502,4
66.0,81.0,69.0,40,0.4947378635406494,5
67.0,75.0,68.0,40,0.4948298931121826,5
69.0,73.0,67.0,40,0.49484801292419434,5
66.0,78.0,70.0,43,0.5386700630187988,7
66.0,77.0,71.0,52,0.6626100540161133,6
72.0,68.0,63.0,59,0.7869300842285156,2
84.0,55.0,77.0,76,1.05808687210083,4
72.0,62.0,69.0,79,1.1724119186401367,3
74.0,85.0,59.0,87,1.482280969619751,5
