z1,z2,z3,node,time,depth
-33.0,-23.0,-29.0,62,0.03149700164794922,8
-28.0,-17.0,-31.0,74,0.0373530387878418,11
-34.0,-20.0,-27.0,78,0.03986692428588867,3
-31.0,-15.0,-31.0,90,0.044860124588012695,11
-35.0,-11.0,-22.0,111,0.054299116134643555,8
-31.0,-20.0,-30.0,130,0.06329894065856934,11
-31.0,-24.0,-22.0,173,0.08235597610473633,10
