z1,z2,z3,node,time,depth
-14252.0,-13107.0,-14209.0,7,0.004748106002807617,3
-13738.0,-13721.0,-13363.0,15,0.010225057601928711,4
-14209.0,-13061.0,-14228.0,27,0.018717050552368164,5
-13695.0,-13675.0,-13382.0,27,0.018723011016845703,5
-14194.0,-13228.0,-14220.0,51,0.03500008583068848,6
-13680.0,-13842.0,-13374.0,51,0.0350031852722168,6
-13428.0,-14146.0,-13426.0,112,0.07206201553344727,8
-12827.0,-14673.0,-12812.0,114,0.0731511116027832,8
-13453.0,-14214.0,-13287.0,155,0.09764218330383301,8
-14127.0,-13371.0,-13895.0,155,0.09764599800109863,8
-14141.0,-13411.0,-13887.0,155,0.09764814376831055,8
-13003.0,-14551.0,-12901.0,191,0.11948800086975098,9
-12728.0,-14738.0,-12816.0,194,0.12114810943603516,9
-12743.0,-14571.0,-12824.0,202,0.1258680820465088,9
-14239.0,-13251.0,-13990.0,208,0.1292881965637207,9
-14253.0,-13126.0,-14042.0,212,0.13187003135681152,9
-14268.0,-12959.0,-14050.0,214,0.13527417182922363,9
-13065.0,-14494.0,-12708.0,219,0.1383821964263916,9
-13441.0,-14002.0,-13645.0,240,0.15134215354919434,10
-12840.0,-14529.0,-13031.0,242,0.15285801887512207,10
-13618.0,-13899.0,-13567.0,257,0.1623539924621582,10
-13633.0,-13732.0,-13575.0,263,0.16597318649291992,10
-14180.0,-13353.0,-14168.0,264,0.16643404960632324,10
-13604.0,-14024.0,-13515.0,336,0.20868921279907227,12
-13455.0,-13877.0,-13697.0,342,0.21200299263000488,12
-13470.0,-13710.0,-13705.0,348,0.2154521942138672,12
-13009.0,-14656.0,-12613.0,360,0.22239112854003906,12
-12113.0,-15390.0,-12150.0,372,0.2297370433807373,13
-12914.0,-14863.0,-12749.0,381,0.23442721366882324,13
-13666.0,-13967.0,-13322.0,392,0.2387101650238037,13
-12326.0,-15143.0,-12185.0,406,0.24624204635620117,14
-12714.0,-14863.0,-12764.0,410,0.24756407737731934,14
-12196.0,-15377.0,-12004.0,425,0.25371623039245605,15
-12927.0,-14616.0,-12799.0,426,0.25409507751464844,15
-13699.0,-13817.0,-13379.0,428,0.25476813316345215,15
