z1,z2,z3,node,time,depth
-29.0,-42.0,-56.0,1,0.004477977752685547,1
-29.0,-38.0,-62.0,1,0.004491090774536133,1
-39.0,-35.0,-53.0,1,0.004511117935180664,1
-38.0,-36.0,-52.0,1,0.00451207160949707,1
-43.0,-28.0,-58.0,1,0.004515171051025391,1
-27.0,-45.0,-42.0,1,0.0045239925384521484,1
-31.0,-41.0,-54.0,2,0.009165048599243164,2
-22.0,-43.0,-50.0,2,0.009185075759887695,2
-37.0,-38.0,-37.0,7,0.028663158416748047,3
-38.0,-32.0,-58.0,9,0.033638954162597656,4
-39.0,-31.0,-59.0,9,0.03365302085876465,4
-31.0,-37.0,-60.0,9,0.033660173416137695,4
-35.0,-39.0,-39.0,63,0.14149212837219238,6
-43.0,-23.0,-61.0,64,0.14212703704833984,7
-35.0,-34.0,-59.0,67,0.14483213424682617,7
-33.0,-35.0,-61.0,67,0.14483308792114258,7
-42.0,-29.0,-57.0,67,0.14484000205993652,7
-35.0,-35.0,-58.0,95,0.18639111518859863,7
-37.0,-34.0,-56.0,95,0.1863999366760254,7
-28.0,-44.0,-41.0,117,0.21073198318481445,7
-32.0,-40.0,-42.0,121,0.21640396118164062,7
-42.0,-24.0,-62.0,124,0.21882414817810059,8
-37.0,-32.0,-59.0,220,0.31035399436950684,9
-34.0,-30.0,-65.0,226,0.31626200675964355,9
-33.0,-39.0,-54.0,252,0.340468168258667,9
-41.0,-24.0,-66.0,346,0.4118790626525879,10
-44.0,-20.0,-45.0,356,0.4212641716003418,10
-36.0,-33.0,-57.0,384,0.443371057510376,10
-41.0,-31.0,-42.0,417,0.46582508087158203,10
-39.0,-32.0,-56.0,546,0.5377559661865234,11
-40.0,-26.0,-62.0,596,0.5660200119018555,12
-31.0,-42.0,-38.0,682,0.6125400066375732,12
-30.0,-42.0,-41.0,690,0.61604905128479,12
-36.0,-32.0,-63.0,702,0.6212911605834961,13
-37.0,-27.0,-67.0,716,0.628554105758667,13
-37.0,-31.0,-61.0,738,0.6363410949707031,13
-34.0,-38.0,-53.0,744,0.6389279365539551,13
-40.0,-31.0,-55.0,750,0.641247034072876,13
-32.0,-41.0,-39.0,758,0.6442351341247559,13
-29.0,-43.0,-40.0,764,0.646895170211792,13
-38.0,-27.0,-64.0,766,0.6476349830627441,14
-38.0,-23.0,-68.0,804,0.6626160144805908,16
-33.0,-31.0,-65.0,806,0.6633670330047607,16
-34.0,-26.0,-69.0,808,0.6641321182250977,16
