z1,z2,z3,node,time,depth
7402.0,4902.0,8235.0,1,0.02815079689025879,1
8015.0,9239.0,5272.0,1,0.02821493148803711,1
4159.0,6306.0,6326.0,1,0.02826690673828125,1
6644.0,5160.0,6006.0,1,0.028291940689086914,1
6640.0,5145.0,8510.0,2,0.06874585151672363,2
6422.0,5256.0,7952.0,2,0.06875491142272949,2
6150.0,6596.0,5730.0,2,0.06894779205322266,2
8104.0,8998.0,5291.0,4,0.13237285614013672,3
7370.0,9101.0,5363.0,4,0.13238096237182617,3
6057.0,5966.0,7876.0,5,0.1587669849395752,3
6336.0,5587.0,7687.0,5,0.15880084037780762,3
6275.0,5855.0,8434.0,12,0.24344301223754883,4
7184.0,5013.0,7677.0,14,0.264009952545166,4
5900.0,6121.0,7283.0,18,0.3611569404602051,5
6092.0,5873.0,8562.0,19,0.3700098991394043,5
6285.0,6020.0,7476.0,19,0.37001681327819824,5
5950.0,8218.0,6179.0,20,0.3855879306793213,5
7459.0,8860.0,5382.0,21,0.40288496017456055,5
6304.0,5974.0,7655.0,24,0.44423580169677734,5
6361.0,5915.0,7513.0,24,0.44425082206726074,5
6035.0,8648.0,6004.0,49,0.5773138999938965,6
6447.0,5584.0,7778.0,58,0.6316390037536621,6
6550.0,6072.0,7464.0,64,0.6748149394989014,6
6571.0,6090.0,7031.0,75,0.7325849533081055,7
5874.0,5984.0,8004.0,78,0.7555749416351318,7
7327.0,8000.0,5513.0,96,0.8470308780670166,7
7328.0,7606.0,5546.0,96,0.847038984298706,7
8284.0,8621.0,5463.0,97,0.8553578853607178,7
5818.0,6257.0,7111.0,135,1.0286099910736084,8
5771.0,6251.0,9804.0,204,1.2722899913787842,9
5613.0,6262.0,8634.0,206,1.2873098850250244,9
6841.0,9065.0,5729.0,228,1.3571498394012451,9
