z1,z2,z3,node,time,depth
-76.0,-88.0,-79.0,1,0.0035839080810546875,1
-69.0,-81.0,-86.0,12,0.0321040153503418,4
-56.0,-86.0,-82.0,69,0.11556792259216309,6
-66.0,-85.0,-82.0,92,0.1478259563446045,6
-75.0,-80.0,-80.0,111,0.1675119400024414,6
-71.0,-67.0,-82.0,146,0.1966409683227539,7
-66.0,-74.0,-87.0,165,0.21511483192443848,7
-68.0,-73.0,-87.0,166,0.2169818878173828,7
-75.0,-72.0,-81.0,185,0.23033881187438965,7
-55.0,-62.0,-91.0,309,0.32834887504577637,8
-78.0,-75.0,-74.0,432,0.4301888942718506,9
-63.0,-86.0,-80.0,442,0.4351809024810791,9
-72.0,-75.0,-81.0,455,0.44240784645080566,9
-58.0,-78.0,-89.0,694,0.611318826675415,10
-69.0,-82.0,-81.0,896,0.7401039600372314,11
-64.0,-80.0,-88.0,1112,0.8804759979248047,12
-81.0,-67.0,-69.0,1201,0.9335808753967285,12
-64.0,-92.0,-67.0,1226,0.9474198818206787,12
-57.0,-69.0,-90.0,1284,0.977820873260498,13
-62.0,-82.0,-83.0,1344,1.0131409168243408,13
-79.0,-74.0,-74.0,1360,1.0214428901672363,13
-58.0,-55.0,-90.0,1434,1.0601348876953125,14
-67.0,-65.0,-88.0,1438,1.0620439052581787,14
-63.0,-71.0,-89.0,1546,1.1158099174499512,15
-66.0,-72.0,-88.0,1548,1.116607904434204,15
-77.0,-74.0,-79.0,1576,1.1294658184051514,15
-58.0,-92.0,-71.0,1588,1.1350178718566895,15
-69.0,-59.0,-87.0,1618,1.151357889175415,16
-79.0,-80.0,-68.0,1638,1.1594808101654053,16
-76.0,-66.0,-80.0,1640,1.1602439880371094,16
-78.0,-73.0,-75.0,1644,1.1616299152374268,16
-70.0,-67.0,-86.0,1648,1.1630589962005615,17
