z1,z2,z3,node,time,depth
-10279.0,-7390.0,-10301.0,2,0.001130819320678711,2
-10692.0,-6745.0,-10966.0,2,0.001132965087890625,2
-10777.0,-6930.0,-10778.0,31,0.016888856887817383,7
-10364.0,-7575.0,-10113.0,44,0.023788928985595703,6
-10917.0,-7060.0,-10736.0,45,0.024267911911010742,3
-10504.0,-7705.0,-10071.0,46,0.024753808975219727,4
