z1,z2,z3,node,time,depth
89.0,48.0,78.0,1,0.028554916381835938,1
77.0,51.0,82.0,1,0.02857208251953125,1
70.0,64.0,76.0,1,0.0285799503326416,1
68.0,71.0,66.0,1,0.028622865676879883,1
61.0,102.0,66.0,1,0.028680086135864258,1
68.0,102.0,64.0,2,0.04707598686218262,2
69.0,69.0,71.0,2,0.04708290100097656,2
64.0,99.0,68.0,2,0.04709005355834961,2
62.0,98.0,71.0,2,0.04709792137145996,2
64.0,95.0,72.0,4,0.07859992980957031,4
66.0,96.0,69.0,4,0.07867097854614258,4
66.0,91.0,78.0,4,0.07870697975158691,4
69.0,100.0,65.0,43,0.392833948135376,5
71.0,103.0,63.0,56,0.6403059959411621,3
75.0,67.0,70.0,56,0.6403210163116455,3
63.0,101.0,65.0,56,0.6403279304504395,3
63.0,100.0,67.0,59,0.6668350696563721,6
67.0,91.0,76.0,59,0.6668570041656494,6
65.0,93.0,75.0,59,0.6668648719787598,6
67.0,92.0,74.0,76,0.7794289588928223,4
65.0,99.0,66.0,80,0.862846851348877,7
67.0,104.0,63.0,125,1.3899948596954346,3
74.0,66.0,73.0,132,1.4689838886260986,5
75.0,62.0,75.0,143,1.6528890132904053,7
117.0,43.0,114.0,169,1.8917319774627686,8
109.0,46.0,105.0,210,2.5728719234466553,16
115.0,44.0,115.0,210,2.5728800296783447,16
