z1,z2,z3,node,time,depth
-31.0,-28.0,-23.0,1,0.0015308856964111328,1
-29.0,-30.0,-25.0,1,0.001531839370727539,1
-25.0,-29.0,-30.0,4,0.0046079158782958984,3
-27.0,-27.0,-28.0,21,0.01619696617126465,5
-25.0,-31.0,-27.0,30,0.021072864532470703,6
-26.0,-29.0,-28.0,34,0.022763967514038086,6
