z1,z2,z3,node,time,depth
69.0,50.0,49.0,1,0.00981903076171875,1
51.0,61.0,71.0,1,0.009834051132202148,1
60.0,58.0,74.0,3,0.035809993743896484,2
65.0,52.0,74.0,3,0.03584718704223633,2
62.0,53.0,73.0,3,0.035856008529663086,2
65.0,75.0,65.0,9,0.231856107711792,4
64.0,65.0,70.0,9,0.2319321632385254,4
63.0,66.0,70.0,9,0.231964111328125,4
68.0,79.0,64.0,17,0.38742613792419434,5
67.0,80.0,64.0,17,0.3874361515045166,5
66.0,74.0,65.0,17,0.3874549865722656,5
68.0,60.0,67.0,20,0.4229881763458252,5
61.0,60.0,71.0,25,0.5217151641845703,6
64.0,59.0,72.0,25,0.521726131439209,6
68.0,57.0,72.0,35,0.6378991603851318,6
66.0,70.0,69.0,43,0.8438811302185059,7
65.0,71.0,69.0,45,0.8629319667816162,7
