z1,z2,z3,node,time,depth
18462.0,18571.0,21288.0,1,0.019565105438232422,1
21167.0,20229.0,17498.0,1,0.019572973251342773,1
18550.0,21233.0,18901.0,1,0.01958012580871582,1
19481.0,20480.0,18508.0,1,0.019587993621826172,1
19808.0,19340.0,19116.0,1,0.01959514617919922,1
20268.0,18870.0,19719.0,1,0.01960301399230957,1
20599.0,19332.0,18708.0,1,0.019610166549682617,1
19672.0,19579.0,20259.0,11,0.10933113098144531,6
19395.0,18934.0,20878.0,11,0.10933899879455566,6
18655.0,21087.0,19503.0,17,0.14781713485717773,9
