z1,z2,z3,node,time,depth
26768.0,25357.0,25244.0,1,0.05574917793273926,1
25913.0,24047.0,27293.0,1,0.05576205253601074,1
26089.0,27949.0,24510.0,1,0.055776119232177734,1
24689.0,25549.0,26767.0,1,0.05579018592834473,1
24904.0,27242.0,25231.0,1,0.05580401420593262,1
25665.0,25787.0,25147.0,1,0.05581808090209961,1
26683.0,26336.0,24287.0,1,0.0558321475982666,1
25585.0,24830.0,26854.0,5,0.3516850471496582,2
26689.0,25166.0,26208.0,7,0.4378981590270996,3
26289.0,25333.0,26377.0,13,0.8152990341186523,5
25600.0,26270.0,26108.0,19,1.1086881160736084,8
25059.0,26804.0,26737.0,27,1.8190240859985352,10
