z1,z2,z3,node,time,depth
-37.0,-38.0,-23.0,3,0.0035331249237060547,2
-32.0,-44.0,-25.0,16,0.014655113220214844,5
-39.0,-37.0,-16.0,27,0.02232813835144043,5
-37.0,-40.0,-19.0,46,0.03331422805786133,6
-39.0,-30.0,-19.0,59,0.03999519348144531,6
-47.0,-29.0,-11.0,120,0.0655221939086914,8
-39.0,-35.0,-18.0,162,0.08069109916687012,9
-34.0,-41.0,-22.0,168,0.0828390121459961,9
-44.0,-31.0,-12.0,174,0.08515620231628418,9
