z1,z2,z3,node,time,depth
-34.0,-26.0,-34.0,1,0.0007760524749755859,1
-36.0,-24.0,-41.0,1,0.0007770061492919922,1
-29.0,-27.0,-35.0,16,0.010684967041015625,5
-38.0,-22.0,-37.0,52,0.026391983032226562,9
