z1,z2,z3,node,time,depth
17094.0,18652.0,15893.0,1,0.015781164169311523,1
17960.0,16030.0,18196.0,1,0.015789031982421875,1
19016.0,17012.0,15681.0,1,0.015797138214111328,1
19761.0,15532.0,17764.0,1,0.015804052352905273,1
17778.0,16133.0,17733.0,1,0.015812158584594727,1
17441.0,16827.0,17931.0,1,0.015820026397705078,1
16441.0,19061.0,17026.0,1,0.015826940536499023,1
16997.0,18024.0,17554.0,13,0.20293307304382324,5
18916.0,17028.0,16956.0,19,0.29822301864624023,7
17547.0,18627.0,16604.0,27,0.3935821056365967,9
