z1,z2,z3,node,time,depth
-19230.0,-16333.0,-19781.0,2,0.0035119056701660156,2
-17933.0,-18020.0,-18216.0,11,0.01970696449279785,4
-14812.0,-18329.0,-14987.0,137,0.13429880142211914,8
-19310.0,-16312.0,-19620.0,164,0.15035581588745117,9
-18597.0,-17218.0,-19230.0,166,0.151839017868042,9
-17985.0,-17826.0,-18477.0,254,0.2022249698638916,10
-18068.0,-17744.0,-18625.0,255,0.2028210163116455,10
-18664.0,-16959.0,-19110.0,338,0.24660491943359375,11
-18677.0,-17197.0,-19069.0,340,0.2478618621826172,11
-19363.0,-13877.0,-19132.0,405,0.28125691413879395,11
-18701.0,-16859.0,-19176.0,421,0.29013991355895996,12
-15129.0,-18026.0,-15411.0,509,0.33698201179504395,13
-14937.0,-18036.0,-15363.0,513,0.3392908573150635,13
-14806.0,-18102.0,-15294.0,547,0.3586909770965576,14
-14847.0,-18294.0,-15143.0,594,0.3819408416748047,15
-14655.0,-18304.0,-15095.0,644,0.40553998947143555,16
-14978.0,-18228.0,-15212.0,652,0.4086949825286865,16
-15013.0,-18094.0,-15117.0,690,0.42472195625305176,17
