z1,z2,z3,node,time,depth
26768.0,25357.0,25244.0,1,0.059741973876953125,1
25913.0,24047.0,27293.0,1,0.05975604057312012,1
26089.0,27949.0,24510.0,1,0.05977010726928711,1
24689.0,25549.0,26767.0,1,0.05978512763977051,1
24904.0,27242.0,25231.0,1,0.0597989559173584,1
25665.0,25787.0,25147.0,1,0.05981302261352539,1
26683.0,26336.0,24287.0,1,0.05982708930969238,1
25585.0,24830.0,26854.0,2,0.1381690502166748,2
26689.0,25166.0,26208.0,4,0.23606204986572266,3
26289.0,25333.0,26377.0,12,0.44240808486938477,5
25059.0,26804.0,26737.0,18,0.6277010440826416,7
25600.0,26270.0,26108.0,26,0.7985560894012451,9
