z1,z2,z3,node,time,depth
-10186.0,-9024.0,-9466.0,9,0.0037908554077148438,4
-9941.0,-9175.0,-9487.0,9,0.003793954849243164,4
-10105.0,-9842.0,-8937.0,16,0.006483793258666992,5
-10028.0,-9865.0,-8946.0,17,0.006886959075927734,5
-9783.0,-10016.0,-8967.0,17,0.006888866424560547,5
-9413.0,-9828.0,-9339.0,54,0.022423982620239258,7
-10200.0,-9692.0,-8628.0,62,0.025583982467651367,7
-9658.0,-9677.0,-9318.0,72,0.02952098846435547,8
-10445.0,-9541.0,-8607.0,76,0.031121015548706055,8
