z1,z2,z3,node,time,depth
-3728.0,-4085.0,-4203.0,1,0.002142190933227539,1
-3127.0,-5550.0,-3541.0,1,0.0021610260009765625,1
-3574.0,-4106.0,-4227.0,3,0.006724119186401367,2
-3124.0,-5348.0,-3602.0,5,0.011182069778442383,3
-2973.0,-5571.0,-3565.0,6,0.013353109359741211,3
-2374.0,-6089.0,-2904.0,8,0.017349958419799805,4
-2970.0,-5369.0,-3626.0,14,0.029469966888427734,4
-3356.0,-4774.0,-4290.0,15,0.031475067138671875,4
-2220.0,-6110.0,-2928.0,24,0.047628164291381836,5
-1614.0,-6879.0,-2075.0,26,0.05106711387634277,5
-3410.0,-3649.0,-4579.0,86,0.15158510208129883,7
-1169.0,-6918.0,-1136.0,97,0.16632604598999023,7
-2474.0,-5702.0,-2538.0,97,0.1663370132446289,7
-1095.0,-6989.0,-1102.0,326,0.4612751007080078,9
-1830.0,-6353.0,-1928.0,538,0.6769180297851562,10
-2116.0,-6153.0,-2916.0,554,0.6911489963531494,10
-2866.0,-5412.0,-3614.0,644,0.7813310623168945,10
-2603.0,-5313.0,-3653.0,645,0.7826530933380127,10
-2379.0,-6330.0,-2674.0,828,0.9322459697723389,11
-1841.0,-6332.0,-1962.0,832,0.9350850582122803,11
-1707.0,-6889.0,-1967.0,940,1.0265960693359375,11
-3199.0,-4494.0,-4293.0,1040,1.097210168838501,11
-2446.0,-5033.0,-3656.0,1323,1.2901830673217773,12
-3451.0,-3660.0,-4459.0,1460,1.369455099105835,13
-2286.0,-6320.0,-2782.0,1514,1.3988540172576904,13
-2606.0,-5515.0,-3592.0,1573,1.4358370304107666,13
-2837.0,-4779.0,-3639.0,1664,1.4890100955963135,13
-3413.0,-3987.0,-4230.0,1793,1.5576000213623047,14
-1444.0,-6712.0,-2209.0,1884,1.6056029796600342,14
-2197.0,-6173.0,-2846.0,1894,1.610741138458252,14
-3352.0,-3940.0,-4349.0,1972,1.6478769779205322,14
-3347.0,-3699.0,-4579.0,2040,1.6773531436920166,15
-3506.0,-3919.0,-4325.0,2052,1.6821460723876953,15
-3610.0,-3876.0,-4337.0,2058,1.6844019889831543,15
-3673.0,-3826.0,-4337.0,2064,1.6864631175994873,15
-1767.0,-6403.0,-1928.0,2070,1.6889090538024902,15
-2400.0,-5773.0,-2504.0,2072,1.6899151802062988,15
-2869.0,-5614.0,-3553.0,2088,1.6966230869293213,15
-1605.0,-6895.0,-1717.0,2112,1.7065370082855225,15
-3470.0,-4149.0,-4215.0,2136,1.7166430950164795,15
-3415.0,-3890.0,-4349.0,2152,1.7232999801635742,15
-3306.0,-3770.0,-4364.0,2182,1.7345480918884277,16
-3358.0,-3728.0,-4364.0,2186,1.7359089851379395,16
-3243.0,-3820.0,-4364.0,2188,1.7366211414337158,16
-2869.0,-5692.0,-3350.0,2204,1.7420070171356201,16
-3470.0,-4227.0,-4012.0,2228,1.7501461505889893,16
-3089.0,-3841.0,-4388.0,2230,1.7508361339569092,16
-3152.0,-3791.0,-4388.0,2236,1.7529070377349854,16
