z1,z2,z3,node,time,depth
-13143.0,-12437.0,-12487.0,9,0.004624843597412109,9
-12986.0,-12003.0,-12797.0,22,0.00972294807434082,16
-12938.0,-12374.0,-12682.0,45,0.020895004272460938,13
-12915.0,-12559.0,-12501.0,67,0.03338193893432617,11
-13174.0,-12511.0,-12316.0,84,0.043144941329956055,10
-12867.0,-12693.0,-12111.0,113,0.05720996856689453,9
-13015.0,-11413.0,-12824.0,130,0.0644688606262207,14
-13292.0,-11388.0,-12776.0,145,0.07267880439758301,5
-13032.0,-11867.0,-12772.0,240,0.12054586410522461,8
-13023.0,-12876.0,-11885.0,269,0.1327369213104248,15
-12818.0,-12813.0,-12080.0,287,0.1438298225402832,13
-12795.0,-12998.0,-11899.0,305,0.153519868850708,11
-12747.0,-13132.0,-11509.0,351,0.17748594284057617,9
-13300.0,-12851.0,-11837.0,359,0.181304931640625,11
-13095.0,-12788.0,-12032.0,383,0.1912698745727539,13
-13446.0,-12855.0,-11408.0,390,0.19471287727355957,12
-13072.0,-12973.0,-11851.0,397,0.19864988327026367,11
-13331.0,-12925.0,-11666.0,404,0.20284795761108398,10
-13024.0,-13107.0,-11461.0,411,0.20688199996948242,9
-13219.0,-11995.0,-12726.0,419,0.21075987815856934,12
-13171.0,-12366.0,-12611.0,431,0.21591496467590332,13
-13148.0,-12551.0,-12430.0,436,0.21831989288330078,12
-13522.0,-12433.0,-11987.0,441,0.22097992897033691,11
-13407.0,-12503.0,-12245.0,446,0.22393393516540527,10
-12511.0,-12352.0,-12721.0,459,0.23064088821411133,13
-12463.0,-12723.0,-12606.0,467,0.23389387130737305,13
-12440.0,-12908.0,-12425.0,470,0.23534083366394043,12
-12699.0,-12860.0,-12240.0,476,0.23856592178344727,10
-12392.0,-13042.0,-12035.0,479,0.2401738166809082,9
-13239.0,-12133.0,-12388.0,487,0.24398589134216309,14
-13191.0,-12504.0,-12273.0,491,0.24576187133789062,13
-13168.0,-12689.0,-12092.0,492,0.2461388111114502,12
-13542.0,-12571.0,-11649.0,493,0.24654078483581543,11
-13427.0,-12641.0,-11907.0,494,0.2469339370727539,10
-12878.0,-12690.0,-12127.0,496,0.24767780303955078,8
-13441.0,-12119.0,-12288.0,525,0.2621958255767822,6
-13248.0,-11405.0,-12753.0,536,0.2674868106842041,14
-13268.0,-11543.0,-12415.0,566,0.2832069396972656,14
-13265.0,-11859.0,-12701.0,616,0.3094480037689209,8
-13285.0,-11997.0,-12363.0,622,0.31317591667175293,8
-12557.0,-12216.0,-12696.0,627,0.3155519962310791,7
