z1,z2,z3,node,time,depth
-15563.0,-17972.0,-17477.0,1,0.0020499229431152344,1
-15766.0,-18682.0,-16762.0,1,0.0020608901977539062,1
-15448.0,-18736.0,-16814.0,2,0.0038080215454101562,2
-14997.0,-18474.0,-16829.0,105,0.07558202743530273,8
-15073.0,-19121.0,-16676.0,126,0.08687901496887207,9
-15200.0,-19184.0,-16114.0,133,0.09083700180053711,9
-15272.0,-18859.0,-16558.0,133,0.09084105491638184,9
-15387.0,-18095.0,-17221.0,155,0.10134387016296387,9
-14695.0,-18718.0,-16973.0,178,0.11198687553405762,10
-14870.0,-18411.0,-17391.0,186,0.11597704887390137,10
-15188.0,-18357.0,-17339.0,194,0.12026786804199219,10
-15273.0,-19043.0,-16396.0,222,0.1334059238433838,11
-15388.0,-18279.0,-17059.0,232,0.13869500160217285,11
