z1,z2,z3,node,time,depth
-9214.0,-9838.0,-10140.0,1,0.0006690025329589844,1
-9185.0,-10606.0,-9364.0,3,0.0017781257629394531,2
-9095.0,-9935.0,-9812.0,15,0.007184028625488281,4
-8868.0,-11059.0,-8742.0,16,0.007528066635131836,5
-9221.0,-10303.0,-9099.0,30,0.013674020767211914,6
-8993.0,-10696.0,-8751.0,33,0.01497507095336914,6
-9538.0,-9850.0,-9721.0,36,0.016122102737426758,6
-8971.0,-10274.0,-9569.0,42,0.018525123596191406,7
-8897.0,-10291.0,-9518.0,50,0.02166008949279785,8
