z1,z2,z3,node,time,depth
-14061.0,-15066.0,-14189.0,1,0.0016741752624511719,1
-15159.0,-13867.0,-13896.0,1,0.0016751289367675781,1
-14982.0,-14001.0,-14371.0,16,0.019227027893066406,5
-15000.0,-14272.0,-14043.0,112,0.07912516593933105,8
-14829.0,-14207.0,-14409.0,256,0.15364599227905273,10
-14180.0,-14366.0,-14384.0,274,0.1622471809387207,10
-14427.0,-14267.0,-14524.0,324,0.18582916259765625,11
-14865.0,-14363.0,-14178.0,354,0.20014619827270508,11
