z1,z2,z3,node,time,depth
6663.0,5737.0,6597.0,1,0.03793001174926758,1
8676.0,4138.0,9203.0,1,0.03794097900390625,1
6073.0,6171.0,6159.0,1,0.037962913513183594,1
4549.0,10951.0,4861.0,1,0.03801679611206055,1
6056.0,7240.0,5316.0,1,0.03804898262023926,1
5132.0,11085.0,4437.0,3,0.11059379577636719,2
5351.0,8510.0,5060.0,3,0.11060500144958496,2
5016.0,10231.0,5681.0,4,0.17551684379577637,3
5967.0,10390.0,4963.0,5,0.21400785446166992,3
5558.0,10495.0,4997.0,5,0.21401596069335938,3
5672.0,10446.0,4970.0,5,0.21403193473815918,3
6327.0,6987.0,5824.0,8,0.3210749626159668,4
5124.0,10239.0,5398.0,9,0.3502228260040283,4
5819.0,10278.0,5025.0,10,0.3762068748474121,4
5131.0,10196.0,5463.0,14,0.5300378799438477,5
5181.0,11015.0,4486.0,22,0.869189977645874,5
5021.0,10259.0,5331.0,22,0.8692200183868408,5
5628.0,10322.0,4982.0,22,0.8692278861999512,5
5677.0,10252.0,5031.0,22,0.8692348003387451,5
5271.0,10083.0,5405.0,43,1.747053861618042,7
4587.0,10949.0,4956.0,62,2.528493881225586,7
5157.0,11005.0,4615.0,62,2.528519868850708,7
5059.0,10257.0,5426.0,62,2.52856183052063,7
5108.0,11075.0,4566.0,62,2.528578996658325,7
5156.0,10118.0,5623.0,72,2.987574815750122,8
6016.0,10320.0,5012.0,89,3.487604856491089,8
5107.0,11305.0,4713.0,93,3.605341911315918,8
4619.0,11054.0,4820.0,94,3.6283388137817383,8
12055.0,3723.0,11956.0,104,3.8901889324188232,9
11610.0,3753.0,11800.0,105,3.9183099269866943,9
7438.0,5145.0,7621.0,105,3.9183478355407715,9
7539.0,5701.0,6718.0,152,5.22979998588562,10
11684.0,3851.0,11599.0,204,6.764274835586548,11
11012.0,4049.0,11657.0,205,6.8160529136657715,11
5091.0,10362.0,5290.0,282,8.790179967880249,12
11247.0,4036.0,11608.0,376,10.892751932144165,14
