z1,z2,z3,node,time,depth
-2521.0,-6053.0,-1771.0,1,0.0017881393432617188,1
-3897.0,-5599.0,-3459.0,1,0.0017910003662109375,1
-6015.0,-3663.0,-5662.0,2,0.003662109375,2
-4570.0,-4773.0,-4329.0,3,0.005838155746459961,2
-3916.0,-4973.0,-3366.0,8,0.015504121780395508,4
-5796.0,-2746.0,-5921.0,30,0.05495500564575195,5
-5210.0,-4149.0,-4971.0,130,0.19600820541381836,8
-5305.0,-4110.0,-4956.0,131,0.19689202308654785,8
-4905.0,-3921.0,-5018.0,153,0.22490620613098145,8
-3890.0,-5451.0,-3520.0,160,0.23417210578918457,8
-5217.0,-4297.0,-4910.0,682,0.8020870685577393,11
-4048.0,-5049.0,-3337.0,798,0.8999819755554199,11
-5916.0,-3603.0,-5709.0,1008,1.0711569786071777,12
-4643.0,-4919.0,-4143.0,1088,1.1350340843200684,12
-4501.0,-4944.0,-4273.0,1096,1.1403720378875732,12
-3953.0,-5088.0,-3352.0,1100,1.1439080238342285,12
-5342.0,-4225.0,-4942.0,1166,1.1902151107788086,12
-4652.0,-4394.0,-4151.0,1178,1.198918104171753,12
-5890.0,-3471.0,-5780.0,1220,1.2262201309204102,12
-5316.0,-4093.0,-5013.0,1252,1.2481131553649902,12
-4636.0,-4771.0,-4204.0,1404,1.3468551635742188,13
-3935.0,-4947.0,-3512.0,1650,1.4803900718688965,14
-5247.0,-4264.0,-4957.0,1672,1.4942340850830078,14
-4596.0,-4905.0,-4258.0,1694,1.5055739879608154,14
-5011.0,-3865.0,-5060.0,1752,1.5344610214233398,14
-5904.0,-2859.0,-5732.0,1882,1.5916671752929688,15
-4657.0,-4307.0,-4095.0,1922,1.6067051887512207,16
-6345.0,-1951.0,-6463.0,1942,1.6133441925048828,16
-6232.0,-1841.0,-6473.0,1944,1.6140251159667969,16
-6340.0,-1954.0,-6284.0,1946,1.6146810054779053,16
