z1,z2,z3,node,time,depth
-7936.0,-9179.0,-8097.0,3,0.0015399456024169922,3
-8269.0,-9059.0,-7819.0,33,0.011647939682006836,7
-7990.0,-9378.0,-7888.0,47,0.017026901245117188,7
-8164.0,-9044.0,-7908.0,49,0.017796993255615234,6
-8025.0,-8978.0,-8303.0,54,0.019062042236328125,6
-7642.0,-9367.0,-7970.0,55,0.019561052322387695,2
-7696.0,-9566.0,-7761.0,65,0.02313399314880371,5
