z1,z2,z3,node,time,depth
-31.0,-32.0,-36.0,6,0.009013175964355469,3
-23.0,-36.0,-33.0,13,0.01830005645751953,4
-31.0,-31.0,-37.0,14,0.019773006439208984,4
-39.0,-20.0,-39.0,88,0.06765604019165039,7
-8.0,-41.0,-16.0,116,0.08207297325134277,7
-33.0,-25.0,-33.0,175,0.11117005348205566,8
-23.0,-37.0,-32.0,194,0.11872506141662598,8
-32.0,-27.0,-36.0,230,0.13326501846313477,9
-39.0,-19.0,-40.0,278,0.15162897109985352,10
