z1,z2,z3,node,time,depth
5474.0,4620.0,4127.0,1,0.015173912048339844,1
5931.0,5536.0,2975.0,1,0.015178918838500977,1
4232.0,6467.0,3564.0,1,0.01518392562866211,1
4495.0,4472.0,4942.0,1,0.015194892883300781,1
5011.0,4103.0,5046.0,1,0.015198945999145508,1
8311.0,3830.0,7110.0,2,0.025409936904907227,2
5122.0,4432.0,4990.0,2,0.025419950485229492,2
8132.0,3962.0,6713.0,12,0.14982891082763672,4
6754.0,3937.0,7568.0,52,0.47178101539611816,3
7100.0,3970.0,7121.0,52,0.4717848300933838,3
6729.0,3945.0,7611.0,54,0.5022878646850586,4
7075.0,3978.0,7164.0,57,0.5676889419555664,6
5650.0,3986.0,5612.0,109,0.9692878723144531,3
4083.0,7233.0,6647.0,109,0.9692928791046143,3
4806.0,4716.0,4917.0,110,0.9816248416900635,4
4395.0,6422.0,7299.0,124,1.1421430110931396,6
