z1,z2,z3,node,time,depth
85.0,66.0,89.0,1,0.06402897834777832,1
50.0,141.0,48.0,1,0.06403899192810059,1
57.0,104.0,59.0,1,0.06405019760131836,1
105.0,54.0,109.0,1,0.06406998634338379,1
51.0,139.0,47.0,1,0.06408119201660156,1
51.0,136.0,48.0,1,0.06411218643188477,1
50.0,134.0,58.0,1,0.06412315368652344,1
72.0,85.0,65.0,1,0.06414318084716797,1
50.0,138.0,49.0,1,0.06419515609741211,1
57.0,129.0,52.0,3,0.1287980079650879,3
58.0,127.0,56.0,3,0.12891197204589844,3
57.0,128.0,57.0,3,0.12896299362182617,3
65.0,124.0,57.0,5,0.1953749656677246,5
57.0,132.0,51.0,7,0.2509121894836426,7
56.0,134.0,52.0,7,0.25092315673828125,7
56.0,131.0,53.0,7,0.2509641647338867,7
54.0,135.0,54.0,48,1.0641601085662842,3
66.0,126.0,56.0,49,1.1177260875701904,4
67.0,127.0,55.0,298,7.4876391887664795,3
70.0,125.0,56.0,298,7.487650156021118,3
56.0,130.0,54.0,298,7.48766016960144,3
62.0,123.0,58.0,298,7.487732172012329,3
53.0,133.0,57.0,299,7.546314001083374,4
56.0,127.0,64.0,383,9.674340963363647,6
53.0,135.0,56.0,392,9.963231086730957,12
55.0,132.0,55.0,423,10.595407009124756,8
62.0,126.0,57.0,435,11.062726974487305,9
72.0,127.0,53.0,461,12.08621096611023,4
75.0,120.0,58.0,577,15.431818008422852,10
73.0,122.0,58.0,577,15.431900978088379,10
71.0,101.0,76.0,598,16.303075075149536,10
81.0,72.0,84.0,627,17.26382613182068,8
81.0,82.0,79.0,659,19.132636070251465,13
