z1,z2,z3,node,time,depth
-11795.0,-15372.0,-11919.0,6,0.00435185432434082,3
-12281.0,-14753.0,-12604.0,13,0.009144067764282227,4
-12533.0,-14445.0,-12720.0,20,0.014256000518798828,5
-12650.0,-14319.0,-12653.0,24,0.016733884811401367,5
-12566.0,-14329.0,-12327.0,55,0.03556704521179199,6
-12605.0,-14246.0,-12736.0,60,0.03790593147277832,7
-12882.0,-13914.0,-13679.0,68,0.045517921447753906,7
-13182.0,-13866.0,-13452.0,116,0.07370996475219727,8
-12452.0,-14381.0,-12935.0,124,0.07776284217834473,8
-12295.0,-14413.0,-13016.0,135,0.08455085754394531,8
-11841.0,-15244.0,-12059.0,143,0.08900284767150879,8
-11958.0,-15118.0,-11992.0,165,0.10010600090026855,8
-13029.0,-14001.0,-13651.0,202,0.11827802658081055,9
-12361.0,-14436.0,-12878.0,208,0.12189602851867676,9
-12289.0,-14635.0,-12862.0,222,0.1309490203857422,9
-12406.0,-14509.0,-12795.0,246,0.14262890815734863,9
-12559.0,-14374.0,-12596.0,260,0.14833402633666992,9
-11913.0,-15045.0,-12075.0,288,0.16251397132873535,10
-12490.0,-14665.0,-12791.0,292,0.1645069122314453,10
-11750.0,-15299.0,-12002.0,312,0.1747269630432129,10
-11867.0,-15173.0,-11935.0,328,0.1822679042816162,10
-11718.0,-14793.0,-12300.0,352,0.19378185272216797,11
-12976.0,-14046.0,-13476.0,356,0.19615507125854492,11
-11555.0,-15047.0,-12227.0,370,0.20394086837768555,11
-11672.0,-14921.0,-12160.0,380,0.20972895622253418,11
-12236.0,-14680.0,-12687.0,412,0.22726893424987793,12
-12388.0,-14404.0,-12860.0,468,0.25563693046569824,14
