z1,z2,z3,node,time,depth
5922.0,4523.0,5350.0,1,0.07009315490722656,1
6066.0,6097.0,4320.0,1,0.07015299797058105,1
4970.0,6947.0,5596.0,1,0.07017302513122559,1
8242.0,9392.0,3902.0,1,0.07019305229187012,1
7879.0,9424.0,3914.0,1,0.07020306587219238,1
8066.0,8092.0,4204.0,2,0.12842512130737305,2
7963.0,7163.0,4236.0,2,0.12847495079040527,2
5684.0,9499.0,4947.0,3,0.17646408081054688,2
7211.0,9613.0,3989.0,3,0.1764850616455078,2
6897.0,9801.0,4150.0,3,0.17649507522583008,2
5424.0,8117.0,5312.0,3,0.17650508880615234,2
8960.0,8673.0,4200.0,3,0.17652511596679688,2
8232.0,7802.0,4230.0,4,0.2317659854888916,3
7655.0,4476.0,9036.0,5,0.2804441452026367,3
5458.0,6912.0,6826.0,5,0.2804739475250244,3
7421.0,5377.0,5300.0,5,0.28049397468566895,3
7515.0,7834.0,4229.0,5,0.2805140018463135,3
5557.0,6093.0,7374.0,5,0.2805440425872803,3
5571.0,6274.0,6587.0,5,0.28055405616760254,3
5941.0,9593.0,4817.0,7,0.3158121109008789,3
7574.0,9581.0,3977.0,9,0.3449370861053467,3
6942.0,6057.0,4895.0,12,0.4765639305114746,4
7412.0,6905.0,4261.0,12,0.47667503356933594,4
5843.0,6121.0,6850.0,13,0.5131940841674805,4
5829.0,5940.0,7637.0,13,0.5132040977478027,4
7565.0,9612.0,4075.0,19,0.5850419998168945,4
4802.0,8604.0,8409.0,23,0.6781821250915527,5
7376.0,5932.0,4761.0,35,0.7824809551239014,5
5896.0,9163.0,5292.0,41,0.8848440647125244,5
6915.0,4500.0,6514.0,56,1.0382421016693115,6
5711.0,6219.0,6331.0,57,1.0716650485992432,6
6582.0,5629.0,5109.0,57,1.0716760158538818,6
8769.0,4477.0,6661.0,57,1.071686029434204,6
5856.0,5991.0,7570.0,90,1.3181641101837158,6
7535.0,5816.0,4785.0,90,1.3182649612426758,6
5744.0,6940.0,6302.0,91,1.338529109954834,6
4927.0,7798.0,6757.0,124,1.6158571243286133,7
5450.0,6810.0,6896.0,126,1.626626968383789,7
5866.0,6072.0,6272.0,209,2.1160190105438232,8
4885.0,8214.0,7719.0,212,2.1366939544677734,8
6935.0,5454.0,5171.0,318,2.6712400913238525,9
7133.0,5251.0,5301.0,318,2.6712570190429688,9
6780.0,5426.0,5239.0,318,2.671281099319458,9
6868.0,5361.0,5330.0,318,2.671329975128174,9
8086.0,6074.0,4760.0,374,2.8570611476898193,9
5790.0,6185.0,6778.0,419,3.006615161895752,10
5880.0,6370.0,6171.0,419,3.0066311359405518,10
7023.0,5389.0,5262.0,420,3.0274040699005127,10
6670.0,5564.0,5200.0,420,3.0274159908294678,10
