z1,z2,z3,node,time,depth
19472.0,17073.0,18984.0,1,0.00599217414855957,1
17308.0,19558.0,17077.0,1,0.005999088287353516,1
17332.0,19190.0,17295.0,1,0.006007194519042969,1
19205.0,17380.0,18964.0,2,0.017081022262573242,2
17978.0,18634.0,18088.0,4,0.0339810848236084,3
18585.0,18371.0,18476.0,8,0.06885600090026855,5
