z1,z2,z3,node,time,depth
43.0,57.0,52.0,1,0.01036691665649414,1
48.0,52.0,50.0,1,0.010376930236816406,1
59.0,48.0,52.0,1,0.010381937026977539,1
43.0,68.0,46.0,1,0.010391950607299805,1
44.0,63.0,48.0,3,0.023506879806518555,2
51.0,62.0,48.0,7,0.045603036880493164,4
