z1,z2,z3,node,time,depth
-1703.0,-2880.0,-2047.0,1,0.0017631053924560547,1
-1658.0,-2795.0,-2282.0,3,0.005212068557739258,2
-1382.0,-2627.0,-2660.0,9,0.012991189956665039,4
-1427.0,-2712.0,-2425.0,9,0.012992143630981445,4
-1434.0,-2898.0,-2411.0,16,0.02122807502746582,5
-1389.0,-2813.0,-2646.0,34,0.03486323356628418,6
-1175.0,-2994.0,-1771.0,53,0.049308061599731445,6
-1148.0,-2972.0,-1849.0,53,0.04930901527404785,6
-1596.0,-2299.0,-2506.0,62,0.054778099060058594,7
-1610.0,-2531.0,-2342.0,76,0.06118512153625488,7
-1130.0,-2909.0,-2006.0,85,0.06655311584472656,7
-845.0,-3076.0,-1931.0,117,0.08294200897216797,8
-827.0,-3084.0,-2066.0,154,0.09792613983154297,9
-1103.0,-3252.0,-1688.0,168,0.1037452220916748,9
-1324.0,-2970.0,-1384.0,178,0.10741519927978516,9
-1096.0,-3066.0,-1702.0,184,0.10957002639770508,9
-800.0,-3062.0,-2144.0,196,0.11385917663574219,10
-1297.0,-2948.0,-1462.0,212,0.11913704872131348,10
-1069.0,-3044.0,-1780.0,214,0.11972904205322266,10
-1076.0,-3230.0,-1766.0,216,0.12035322189331055,11
