z1,z2,z3,node,time,depth
-2989.0,-2324.0,-2933.0,1,0.0009629726409912109,1
-1472.0,-3383.0,-3811.0,10,0.00934290885925293,4
-2091.0,-3239.0,-3283.0,23,0.019746065139770508,5
-2326.0,-2741.0,-3541.0,32,0.02588486671447754,6
-1921.0,-3355.0,-3438.0,70,0.050186872482299805,7
-2328.0,-2223.0,-3346.0,96,0.06223487854003906,7
-2456.0,-3066.0,-2915.0,114,0.07094097137451172,7
-2149.0,-2769.0,-3105.0,126,0.07709002494812012,8
-1877.0,-2769.0,-3914.0,140,0.08297991752624512,8
-1917.0,-3402.0,-3612.0,148,0.08581185340881348,8
-2368.0,-2856.0,-3044.0,162,0.09206795692443848,8
-1881.0,-2722.0,-3740.0,194,0.10619306564331055,9
-2688.0,-2433.0,-2408.0,214,0.11426186561584473,9
-2865.0,-2405.0,-2844.0,220,0.11647701263427734,9
-2542.0,-2693.0,-2715.0,256,0.12942004203796387,11
-2133.0,-3354.0,-2786.0,258,0.13015198707580566,11
