z1,z2,z3,node,time,depth
-29.0,-27.0,-24.0,3,0.004630088806152344,2
-36.0,-19.0,-25.0,6,0.010068178176879883,3
-31.0,-21.0,-29.0,14,0.016746997833251953,4
-27.0,-28.0,-19.0,21,0.022140979766845703,5
-22.0,-30.0,-23.0,23,0.023391008377075195,5
-30.0,-26.0,-26.0,34,0.030691146850585938,6
-20.0,-27.0,-25.0,81,0.054026126861572266,7
-31.0,-22.0,-27.0,102,0.06611919403076172,8
-23.0,-30.0,-16.0,108,0.06853604316711426,8
-35.0,-23.0,-24.0,118,0.07256007194519043,8
-24.0,-28.0,-20.0,152,0.08481597900390625,10
-18.0,-32.0,-20.0,154,0.08554911613464355,10
-23.0,-29.0,-18.0,156,0.08613801002502441,10
-30.0,-25.0,-28.0,158,0.0868990421295166,10
-34.0,-20.0,-28.0,160,0.08748102188110352,10
