z1,z2,z3,node,time,depth
71.0,113.0,65.0,1,0.14249300956726074,1
57.0,146.0,59.0,1,0.14250683784484863,1
58.0,152.0,56.0,1,0.1425487995147705,1
148.0,53.0,146.0,1,0.1425628662109375,1
149.0,53.0,143.0,1,0.1425769329071045,1
57.0,147.0,58.0,1,0.14263296127319336,1
59.0,120.0,60.0,1,0.14264583587646484,1
110.0,60.0,111.0,1,0.14265990257263184,1
61.0,151.0,54.0,2,0.2166290283203125,2
60.0,152.0,54.0,2,0.21667098999023438,2
102.0,98.0,94.0,1295,40.531960010528564,10
61.0,147.0,56.0,1591,50.44368100166321,14
59.0,148.0,56.0,1591,50.443694829940796,14
67.0,141.0,59.0,1731,54.84613800048828,20
59.0,146.0,58.0,1734,55.01269197463989,22
59.0,145.0,59.0,1734,55.01285791397095,22
61.0,146.0,57.0,1740,55.28157997131348,25
65.0,142.0,59.0,1775,56.214422941207886,22
59.0,147.0,57.0,1791,56.83480882644653,25
108.0,69.0,104.0,2147,72.7982280254364,3
84.0,101.0,82.0,2253,78.03934097290039,4
90.0,92.0,95.0,2505,90.54977583885193,8
96.0,85.0,96.0,2508,91.08922600746155,10
95.0,99.0,90.0,2630,100.62369179725647,15
142.0,59.0,134.0,3092,115.78565287590027,18
141.0,58.0,137.0,3092,115.78584694862366,18
146.0,54.0,149.0,3092,115.78586101531982,18
140.0,58.0,140.0,3092,115.78624486923218,18
138.0,59.0,143.0,3092,115.78625798225403,18
147.0,54.0,146.0,3177,121.85956192016602,42
139.0,59.0,140.0,3177,121.85958981513977,42
148.0,54.0,143.0,3177,121.85965895652771,42
140.0,59.0,137.0,3177,121.85967302322388,42
149.0,54.0,142.0,3238,123.89900183677673,37
141.0,59.0,136.0,3238,123.89904379844666,37
147.0,55.0,145.0,3275,125.02437281608582,42
151.0,55.0,141.0,3302,125.8853828907013,43
148.0,55.0,142.0,3332,126.75170588493347,42
150.0,56.0,141.0,3333,126.77571988105774,43
145.0,55.0,149.0,3496,134.84314584732056,46
145.0,56.0,148.0,3514,135.3460099697113,48
146.0,55.0,146.0,3559,136.84791493415833,46
146.0,56.0,145.0,3577,137.3968698978424,48
144.0,55.0,151.0,3595,138.39525985717773,16
143.0,55.0,153.0,3595,138.3952739238739,16
137.0,58.0,146.0,3682,146.67048692703247,35
136.0,58.0,148.0,3682,146.67050099372864,35
141.0,57.0,153.0,3747,150.30824494361877,40
142.0,57.0,151.0,3776,151.3808319568634,46
