z1,z2,z3,node,time,depth
27961.0,24052.0,25972.0,1,0.07211112976074219,1
23977.0,27745.0,25492.0,1,0.07212615013122559,1
25423.0,26774.0,24695.0,1,0.07214021682739258,1
24444.0,25636.0,28068.0,1,0.07215523719787598,1
23670.0,26840.0,27676.0,1,0.07216906547546387,1
26994.0,25942.0,24639.0,1,0.07218313217163086,1
25946.0,24785.0,25992.0,1,0.07219719886779785,1
25894.0,23405.0,27126.0,1,0.07221102714538574,1
25111.0,26009.0,26013.0,33,0.4382331371307373,5
25381.0,26154.0,25853.0,39,0.5121860504150391,6
27259.0,24862.0,25711.0,57,0.863044023513794,10
26408.0,24339.0,26814.0,57,0.8631031513214111,10
25845.0,24922.0,26811.0,57,0.8631770610809326,10
