z1,z2,z3,node,time,depth
-7831.0,-8509.0,-9106.0,4,0.002201080322265625,3
-7688.0,-8545.0,-9006.0,6,0.0034079551696777344,3
-7624.0,-8751.0,-8987.0,16,0.008342981338500977,4
-7658.0,-8599.0,-9291.0,80,0.032737016677856445,8
-7601.0,-8549.0,-9456.0,84,0.034065961837768555,8
