z1,z2,z3,node,time,depth
25531.0,22550.0,25415.0,1,0.01893305778503418,1
24760.0,24214.0,22032.0,1,0.018948078155517578,1
22160.0,23979.0,23778.0,1,0.01896190643310547,1
24147.0,25977.0,22552.0,4,0.14128994941711426,3
24231.0,25414.0,22982.0,21,0.4506380558013916,7
23725.0,25806.0,23554.0,36,0.6937799453735352,11
