z1,z2,z3,node,time,depth
66.0,50.0,95.0,1,0.03791689872741699,1
78.0,73.0,46.0,1,0.0379638671875,1
67.0,63.0,60.0,1,0.0380098819732666,1
63.0,55.0,74.0,2,0.07563185691833496,2
70.0,53.0,81.0,3,0.09040594100952148,2
69.0,51.0,88.0,3,0.09041380882263184,2
67.0,52.0,88.0,3,0.09042882919311523,2
61.0,66.0,88.0,5,0.17675185203552246,3
66.0,87.0,73.0,8,0.2800118923187256,4
83.0,58.0,71.0,168,1.9319698810577393,30
73.0,61.0,67.0,168,1.9319779872894287,30
70.0,60.0,69.0,168,1.931994915008545,30
72.0,59.0,73.0,174,1.9661219120025635,31
