z1,z2,z3,node,time,depth
-4136.0,-3691.0,-3134.0,85,0.03354692459106445,9
-3971.0,-3724.0,-3191.0,114,0.04422307014465332,5
-3995.0,-3750.0,-3154.0,128,0.049201011657714844,6
-4367.0,-3672.0,-2771.0,140,0.053395986557006836,10
-4321.0,-3626.0,-3368.0,210,0.07778096199035645,8
-3925.0,-3678.0,-3788.0,234,0.08585000038146973,6
-3949.0,-3704.0,-3751.0,236,0.08655405044555664,7
-4090.0,-3645.0,-3731.0,237,0.0868830680847168,7
