z1,z2,z3,node,time,depth
-7936.0,-9179.0,-8097.0,3,0.0014200210571289062,3
-8269.0,-9059.0,-7819.0,33,0.011907815933227539,7
-7990.0,-9378.0,-7888.0,47,0.016830921173095703,7
-8164.0,-9044.0,-7908.0,49,0.017540931701660156,6
-8025.0,-8978.0,-8303.0,52,0.01857590675354004,6
-7642.0,-9367.0,-7970.0,53,0.019073009490966797,2
-7696.0,-9566.0,-7761.0,63,0.02253890037536621,5
