z1,z2,z3,node,time,depth
-12049.0,-13440.0,-12506.0,2,0.0015561580657958984,2
-12036.0,-13691.0,-11933.0,70,0.037275075912475586,10
-12704.0,-13192.0,-11991.0,319,0.16362595558166504,9
-12529.0,-13300.0,-11650.0,320,0.1640620231628418,4
-12412.0,-13435.0,-11531.0,322,0.1649610996246338,5
-11639.0,-13698.0,-12692.0,344,0.17725896835327148,3
-12294.0,-13450.0,-12177.0,375,0.1960620880126953,9
-12119.0,-13558.0,-11836.0,376,0.19671106338500977,4
-12002.0,-13693.0,-11717.0,380,0.19943809509277344,5
-11626.0,-13949.0,-12119.0,402,0.21313095092773438,8
-12610.0,-12544.0,-12520.0,406,0.21606707572937012,6
-12522.0,-12637.0,-12702.0,406,0.21606802940368652,6
-12155.0,-12295.0,-13030.0,408,0.21723008155822754,8
-12139.0,-12776.0,-12979.0,410,0.21827006340026855,10
-11936.0,-12956.0,-12907.0,417,0.22182703018188477,13
-12591.0,-12708.0,-12392.0,427,0.22802305221557617,9
-12022.0,-12911.0,-12860.0,430,0.2297680377960205,7
-12405.0,-12772.0,-12583.0,433,0.23134613037109375,10
-12493.0,-12679.0,-12401.0,433,0.23134803771972656,10
-12474.0,-12843.0,-12273.0,440,0.23500704765319824,12
-11819.0,-13091.0,-12788.0,447,0.23946595191955566,9
-12490.0,-13085.0,-12090.0,449,0.24062299728393555,7
-12098.0,-13099.0,-12675.0,454,0.244002103805542,8
-11822.0,-13584.0,-12032.0,476,0.2579331398010254,8
