z1,z2,z3,node,time,depth
-49.0,-43.0,-59.0,280,0.14650297164916992,13
-47.0,-43.0,-63.0,297,0.15520882606506348,10
-46.0,-48.0,-61.0,368,0.19278287887573242,11
-52.0,-49.0,-55.0,476,0.25264883041381836,15
-50.0,-49.0,-58.0,480,0.2545318603515625,12
-54.0,-47.0,-54.0,504,0.2649829387664795,11
-52.0,-47.0,-58.0,522,0.2730429172515869,9
-50.0,-40.0,-59.0,553,0.29667091369628906,11
-48.0,-46.0,-60.0,589,0.3175208568572998,9
-43.0,-42.0,-65.0,635,0.34444093704223633,9
