z1,z2,z3,node,time,depth
54.0,61.0,70.0,1,0.07776308059692383,1
75.0,53.0,59.0,1,0.07779288291931152,1
66.0,57.0,59.0,1,0.07780289649963379,1
66.0,62.0,55.0,1,0.07781386375427246,1
68.0,49.0,76.0,1,0.07784390449523926,1
63.0,67.0,53.0,1,0.07801604270935059,1
67.0,52.0,63.0,1,0.07806706428527832,1
63.0,59.0,62.0,8,0.21094393730163574,3
63.0,57.0,63.0,29,0.5064270496368408,5
83.0,91.0,52.0,30,0.5452790260314941,6
87.0,85.0,52.0,30,0.5452890396118164,6
61.0,73.0,58.0,37,0.7961158752441406,6
