z1,z2,z3,node,time,depth
-49.0,-52.0,-74.0,1,0.0022461414337158203,1
-52.0,-59.0,-64.0,1,0.002267122268676758,1
-59.0,-40.0,-50.0,1,0.002279043197631836,1
-58.0,-48.0,-63.0,1,0.0022840499877929688,1
-49.0,-55.0,-67.0,60,0.0638890266418457,3
-38.0,-62.0,-53.0,175,0.17056703567504883,14
-41.0,-61.0,-52.0,181,0.17393898963928223,10
-46.0,-60.0,-65.0,184,0.1768200397491455,8
-50.0,-59.0,-66.0,426,0.39758801460266113,4
-56.0,-51.0,-66.0,543,0.49672508239746094,9
-51.0,-54.0,-67.0,599,0.5458729267120361,10
-48.0,-56.0,-67.0,600,0.5467529296875,11
-51.0,-56.0,-66.0,607,0.5508599281311035,9
-52.0,-52.0,-68.0,608,0.5512471199035645,8
-51.0,-52.0,-72.0,609,0.5528221130371094,4
-53.0,-54.0,-65.0,697,0.634688138961792,10
-53.0,-56.0,-64.0,705,0.6395390033721924,9
-54.0,-52.0,-66.0,706,0.639941930770874,8
