z1,z2,z3,node,time,depth
-46.0,-49.0,-66.0,1,0.002774953842163086,1
-40.0,-52.0,-62.0,1,0.0027790069580078125,1
-53.0,-53.0,-60.0,1,0.002783060073852539,1
-59.0,-52.0,-43.0,1,0.002785921096801758,1
-60.0,-44.0,-40.0,1,0.0027899742126464844,1
-59.0,-42.0,-48.0,1,0.002794027328491211,1
-55.0,-45.0,-57.0,1,0.0027971267700195312,1
-57.0,-57.0,-50.0,1,0.0028009414672851562,1
-58.0,-53.0,-41.0,2,0.0047130584716796875,2
-58.0,-49.0,-47.0,6,0.01271200180053711,3
-48.0,-41.0,-63.0,18,0.027235031127929688,4
-55.0,-48.0,-53.0,24,0.03436398506164551,4
-54.0,-49.0,-51.0,56,0.06097602844238281,6
