z1,z2,z3,node,time,depth
-32.0,-43.0,-31.0,1,0.0013129711151123047,1
-33.0,-41.0,-28.0,7,0.007096052169799805,3
-17.0,-44.0,-12.0,126,0.06046414375305176,9
-43.0,-23.0,-39.0,144,0.06899809837341309,10
-41.0,-37.0,-37.0,148,0.07040715217590332,10
-43.0,-24.0,-37.0,150,0.07104706764221191,11
