z1,z2,z3,node,time,depth
-18125.0,-18867.0,-18340.0,1,0.0014271736145019531,1
-18335.0,-19053.0,-17643.0,2,0.0027179718017578125,2
-17619.0,-19296.0,-17602.0,96,0.05012702941894531,14
-17757.0,-19237.0,-16676.0,307,0.15412616729736328,3
-18568.0,-18533.0,-17023.0,389,0.19494199752807617,8
-18492.0,-18852.0,-17479.0,398,0.20091915130615234,10
-18358.0,-18347.0,-17720.0,399,0.2017841339111328,4
