z1,z2,z3,node,time,depth
90.0,71.0,78.0,1,0.02563309669494629,1
80.0,100.0,54.0,1,0.02564096450805664,1
71.0,87.0,78.0,1,0.025650978088378906,1
72.0,96.0,72.0,1,0.025660991668701172,1
69.0,69.0,96.0,1,0.025690078735351562,1
79.0,76.0,93.0,2,0.06724905967712402,2
77.0,79.0,86.0,2,0.06729507446289062,2
109.0,68.0,109.0,4,0.11081695556640625,3
80.0,84.0,78.0,26,0.5148310661315918,7
85.0,83.0,80.0,60,0.9708619117736816,11
120.0,94.0,70.0,68,1.0608329772949219,12
118.0,95.0,70.0,78,1.1715309619903564,13
115.0,93.0,77.0,94,1.3825600147247314,14
113.0,94.0,77.0,94,1.382568120956421,14
123.0,89.0,74.0,96,1.4257171154022217,15
121.0,90.0,74.0,96,1.4257419109344482,15
114.0,97.0,71.0,96,1.4257919788360596,15
117.0,94.0,72.0,97,1.449141025543213,15
119.0,93.0,72.0,97,1.4491488933563232,15
116.0,94.0,75.0,118,1.605691909790039,17
113.0,99.0,71.0,118,1.605741024017334,17
117.0,92.0,75.0,119,1.6206779479980469,17
122.0,88.0,76.0,121,1.6398890018463135,17
120.0,89.0,76.0,121,1.6399040222167969,17
114.0,95.0,75.0,128,1.6689729690551758,18
116.0,91.0,77.0,134,1.719304084777832,18
118.0,90.0,77.0,158,1.862804889678955,20
116.0,96.0,71.0,164,1.8919270038604736,21
119.0,91.0,75.0,178,1.9425740242004395,22
115.0,95.0,73.0,180,1.9484341144561768,22
