z1,z2,z3,node,time,depth
5222.0,8013.0,6527.0,1,0.015639066696166992,1
5826.0,8370.0,4591.0,1,0.01567697525024414,1
6892.0,5455.0,6898.0,1,0.015698909759521484,1
6269.0,7718.0,6214.0,2,0.026015043258666992,2
5995.0,6508.0,8383.0,2,0.026026010513305664,2
5772.0,7298.0,7516.0,2,0.026046037673950195,2
5785.0,7092.0,7696.0,2,0.026057004928588867,2
6641.0,7104.0,6900.0,3,0.03991889953613281,3
6768.0,7286.0,6474.0,3,0.039956092834472656,3
6142.0,7536.0,6640.0,3,0.039978981018066406,3
6244.0,7361.0,7140.0,61,0.3649098873138428,4
6256.0,6255.0,9224.0,61,0.36493992805480957,4
6766.0,5998.0,8753.0,61,0.364962100982666,4
5982.0,6714.0,8203.0,105,0.5849990844726562,5
6753.0,6204.0,8573.0,106,0.5962860584259033,6
6728.0,6318.0,8848.0,121,0.6712460517883301,6
6243.0,6461.0,9044.0,141,0.7878940105438232,7
6583.0,7025.0,7203.0,162,0.9279489517211914,4
8311.0,6634.0,6852.0,165,0.9790730476379395,6
6637.0,7087.0,7152.0,167,1.00848388671875,8
7201.0,8033.0,5306.0,280,1.820410966873169,3
6276.0,7793.0,5812.0,280,1.8204329013824463,3
6149.0,7611.0,6238.0,280,1.8204560279846191,3
6775.0,7361.0,6072.0,280,1.8205139636993408,3
6648.0,7179.0,6498.0,280,1.8205289840698242,3
8378.0,7321.0,6298.0,281,1.8402669429779053,4
7164.0,7284.0,6387.0,299,2.0147321224212646,5
6575.0,8283.0,5472.0,345,2.334563970565796,8
7074.0,7851.0,5732.0,360,2.416445016860962,10
6253.0,6416.0,7619.0,397,2.79483699798584,3
5423.0,7720.0,6923.0,449,3.499725103378296,5
6227.0,6808.0,7216.0,449,3.4998879432678223,5
5808.0,9307.0,5700.0,450,3.5156919956207275,6
5472.0,8836.0,5927.0,450,3.5157289505004883,6
5558.0,8484.0,6300.0,451,3.526654005050659,7
5567.0,7894.0,6577.0,480,3.7920050621032715,7
5768.0,7601.0,6973.0,480,3.792026996612549,7
5817.0,8717.0,5977.0,480,3.7920339107513428,7
6101.0,7795.0,6811.0,496,3.872067928314209,10
6969.0,6848.0,6413.0,507,3.9684979915618896,6
5625.0,8226.0,5995.0,507,3.968506097793579,6
5398.0,10253.0,6172.0,507,3.968513011932373,6
7007.0,7325.0,6301.0,508,3.984220027923584,7
7895.0,6816.0,6876.0,508,3.984226942062378,7
5826.0,7933.0,6391.0,508,3.9842560291290283,7
5970.0,8107.0,6045.0,509,3.994035005569458,8
7433.0,7997.0,5535.0,537,4.2096240520477295,9
6508.0,7757.0,6041.0,537,4.209654092788696,9
6635.0,7939.0,5615.0,576,4.489595890045166,8
7560.0,8179.0,5109.0,576,4.4896039962768555,8
8448.0,7670.0,5684.0,576,4.489610910415649,8
7134.0,7507.0,5875.0,576,4.489640951156616,8
6895.0,7113.0,6515.0,657,5.446489095687866,8
