z1,z2,z3,node,time,depth
-10297.0,-7820.0,-10697.0,1,0.0005280971527099609,1
-9551.0,-8317.0,-9617.0,9,0.004194974899291992,4
-9526.0,-8398.0,-9802.0,11,0.005089998245239258,4
-9730.0,-8315.0,-9896.0,32,0.014660120010375977,6
