z1,z2,z3,node,time,depth
-2743.0,-2346.0,-3780.0,1,0.0016632080078125,1
-2383.0,-2542.0,-3836.0,1,0.0016741752624511719,1
-1990.0,-2337.0,-3921.0,1,0.0016760826110839844,1
-2530.0,-3208.0,-3143.0,2,0.002892017364501953,2
-2801.0,-2411.0,-2825.0,16,0.01297616958618164,5
-2631.0,-2380.0,-3329.0,23,0.016303062438964844,5
-2561.0,-2746.0,-2195.0,70,0.03501319885253906,7
-2170.0,-3404.0,-3199.0,83,0.03982901573181152,7
-2920.0,-1739.0,-3201.0,103,0.046282052993774414,8
-2769.0,-2675.0,-2833.0,104,0.04669618606567383,8
-2290.0,-3543.0,-2513.0,106,0.04749703407287598,8
-2503.0,-2681.0,-3150.0,114,0.05008411407470703,8
-1915.0,-3494.0,-2788.0,138,0.057145118713378906,9
-2827.0,-2740.0,-1878.0,146,0.05980110168457031,10
-3040.0,-1878.0,-2515.0,148,0.0604100227355957,10
-2264.0,-3214.0,-3460.0,150,0.06103014945983887,10
