z1,z2,z3,node,time,depth
60.0,113.0,101.0,1,0.0854191780090332,1
79.0,101.0,90.0,1,0.08543014526367188,1
80.0,84.0,107.0,1,0.08546209335327148,1
94.0,93.0,87.0,1,0.08549308776855469,1
98.0,76.0,101.0,1,0.08562803268432617,1
102.0,77.0,90.0,1,0.08564901351928711,1
128.0,74.0,118.0,2,0.1320781707763672,2
138.0,75.0,110.0,14,0.3461611270904541,3
129.0,75.0,116.0,15,0.3580811023712158,4
103.0,76.0,99.0,23,0.4762129783630371,2
127.0,73.0,123.0,24,0.5506260395050049,3
123.0,74.0,123.0,30,0.6820449829101562,4
123.0,72.0,124.0,99,1.7397041320800781,4
121.0,72.0,128.0,99,1.739717960357666,4
119.0,73.0,126.0,100,1.8872830867767334,5
117.0,75.0,124.0,100,1.8872981071472168,5
117.0,73.0,130.0,100,1.8873710632324219,5
121.0,74.0,125.0,106,1.9727041721343994,10
115.0,75.0,128.0,132,2.1848440170288086,6
77.0,111.0,126.0,187,3.2706820964813232,10
77.0,112.0,125.0,188,3.2787671089172363,11
101.0,86.0,97.0,218,4.0181519985198975,9
91.0,94.0,95.0,273,6.1970601081848145,14
78.0,112.0,123.0,298,6.671187162399292,20
78.0,111.0,125.0,300,6.681207180023193,21
76.0,112.0,130.0,304,6.723664045333862,22
