z1,z2,z3,node,time,depth
-52.0,-39.0,-38.0,1,0.003835916519165039,1
-39.0,-45.0,-48.0,1,0.0038530826568603516,1
-39.0,-30.0,-52.0,1,0.0038559436798095703,1
-44.0,-45.0,-41.0,2,0.0072040557861328125,2
-47.0,-39.0,-45.0,3,0.011265039443969727,2
-49.0,-36.0,-45.0,5,0.0173490047454834,3
-46.0,-22.0,-48.0,8,0.025957107543945312,4
-51.0,-40.0,-36.0,8,0.025964021682739258,4
-44.0,-34.0,-49.0,10,0.030803918838500977,4
-46.0,-40.0,-43.0,24,0.06459498405456543,5
-50.0,-25.0,-43.0,66,0.15341591835021973,7
-45.0,-39.0,-47.0,83,0.18244409561157227,7
-29.0,-47.0,-39.0,326,0.5410850048065186,9
-32.0,-34.0,-50.0,347,0.5730929374694824,9
-51.0,-27.0,-39.0,386,0.6175310611724854,10
-48.0,-37.0,-47.0,424,0.6524901390075684,10
-43.0,-40.0,-47.0,446,0.6806449890136719,10
-44.0,-40.0,-45.0,451,0.6870949268341064,10
-43.0,-43.0,-46.0,494,0.7354240417480469,10
-44.0,-42.0,-44.0,498,0.7404921054840088,10
-38.0,-31.0,-50.0,553,0.8039419651031494,10
-51.0,-26.0,-40.0,586,0.8349440097808838,11
-50.0,-35.0,-42.0,782,1.0024559497833252,12
-22.0,-28.0,-53.0,911,1.0897819995880127,12
-53.0,-30.0,-36.0,952,1.1152470111846924,13
-30.0,-48.0,-38.0,1031,1.1636040210723877,13
-48.0,-43.0,-39.0,1104,1.20688796043396,14
-29.0,-34.0,-51.0,1152,1.2328040599822998,14
-49.0,-42.0,-37.0,1198,1.2563810348510742,15
-40.0,-28.0,-50.0,1200,1.257162094116211,15
-35.0,-47.0,-37.0,1212,1.2625579833984375,15
-37.0,-46.0,-35.0,1214,1.263329029083252,15
-30.0,-39.0,-49.0,1222,1.2667670249938965,15
-36.0,-33.0,-51.0,1226,1.2683160305023193,15
-33.0,-37.0,-49.0,1232,1.271225929260254,15
-30.0,-35.0,-50.0,1250,1.2787971496582031,16
-35.0,-36.0,-49.0,1256,1.2811391353607178,16
