z1,z2,z3,node,time,depth
22840.0,23863.0,22866.0,1,0.015516996383666992,1
24529.0,23338.0,22684.0,1,0.015531063079833984,1
23102.0,25325.0,22780.0,1,0.015546083450317383,1
24458.0,23790.0,24392.0,4,0.0697169303894043,3
