z1,z2,z3,node,time,depth
-27.0,-47.0,-28.0,1,0.0014748573303222656,1
-39.0,-45.0,-44.0,1,0.001477956771850586,1
-39.0,-37.0,-55.0,1,0.0014798641204833984,1
-46.0,-34.0,-50.0,1,0.0014829635620117188,1
-44.0,-40.0,-46.0,1,0.001486063003540039,1
-42.0,-37.0,-49.0,3,0.004603862762451172,2
-43.0,-24.0,-52.0,4,0.00625300407409668,3
-41.0,-29.0,-52.0,4,0.0062558650970458984,3
