z1,z2,z3,node,time,depth
-32.0,-43.0,-50.0,1,0.003926992416381836,1
-29.0,-59.0,-34.0,1,0.003939151763916016,1
-30.0,-52.0,-44.0,2,0.008040189743041992,2
-26.0,-57.0,-39.0,2,0.008053064346313477,2
-29.0,-53.0,-44.0,2,0.008059024810791016,2
-32.0,-49.0,-44.0,3,0.012436151504516602,3
-28.0,-51.0,-45.0,750,0.7392051219940186,8
-27.0,-53.0,-46.0,792,0.787816047668457,8
-34.0,-54.0,-40.0,794,0.7957019805908203,3
-37.0,-42.0,-40.0,798,0.8071579933166504,7
-38.0,-44.0,-30.0,833,0.8261241912841797,14
-37.0,-46.0,-35.0,865,0.8514430522918701,13
-39.0,-40.0,-37.0,869,0.853736162185669,14
-40.0,-38.0,-36.0,973,0.9420990943908691,14
-38.0,-39.0,-39.0,990,0.958935022354126,10
-38.0,-43.0,-34.0,995,0.9637861251831055,13
-42.0,-32.0,-37.0,1069,1.019010066986084,9
-38.0,-36.0,-41.0,1087,1.0348641872406006,12
-41.0,-35.0,-36.0,1097,1.0436711311340332,16
-39.0,-37.0,-39.0,1098,1.044133186340332,15
-39.0,-41.0,-34.0,1100,1.0449950695037842,13
-42.0,-38.0,-34.0,1103,1.049015998840332,5
-38.0,-42.0,-38.0,1179,1.1196379661560059,12
-41.0,-40.0,-35.0,1199,1.1382591724395752,14
-39.0,-39.0,-38.0,1200,1.1386661529541016,13
-37.0,-44.0,-39.0,1202,1.139491081237793,11
-40.0,-36.0,-39.0,1203,1.1417100429534912,6
-41.0,-33.0,-37.0,1203,1.1417121887207031,6
-37.0,-37.0,-41.0,1238,1.1777801513671875,11
-39.0,-42.0,-31.0,1257,1.1977720260620117,5
-35.0,-51.0,-39.0,1307,1.266944169998169,6
-31.0,-58.0,-23.0,1307,1.2669591903686523,6
-32.0,-57.0,-23.0,1308,1.2695109844207764,7
-37.0,-49.0,-26.0,1310,1.2735459804534912,9
-36.0,-50.0,-26.0,1433,1.3686010837554932,10
-35.0,-53.0,-28.0,1457,1.3914580345153809,11
-37.0,-47.0,-30.0,1463,1.395292043685913,14
-36.0,-49.0,-39.0,1518,1.4359371662139893,10
-35.0,-45.0,-45.0,1646,1.5798091888427734,5
-32.0,-55.0,-39.0,1646,1.5798230171203613,5
-30.0,-55.0,-41.0,1748,1.6759400367736816,8
-34.0,-48.0,-46.0,1751,1.6805460453033447,7
-31.0,-52.0,-41.0,1792,1.7126200199127197,8
-36.0,-43.0,-45.0,1795,1.7149741649627686,7
