z1,z2,z3,node,time,depth
-21020.0,-19299.0,-20651.0,1,0.00043702125549316406,1
-21275.0,-19402.0,-20431.0,5,0.0022389888763427734,3
-21088.0,-19411.0,-20271.0,26,0.01967000961303711,9
