z1,z2,z3,node,time,depth
-3766.0,-3898.0,-4113.0,14,0.02328014373779297,4
-3319.0,-4985.0,-4325.0,15,0.02433013916015625,4
-2903.0,-4712.0,-5600.0,83,0.09207510948181152,7
-3197.0,-5142.0,-4829.0,99,0.10723996162414551,7
-3126.0,-5580.0,-4174.0,108,0.115386962890625,7
-3119.0,-5344.0,-4910.0,110,0.11735010147094727,7
-3630.0,-4084.0,-4491.0,114,0.12052702903747559,7
-2810.0,-5138.0,-5021.0,1130,0.7119290828704834,12
-3034.0,-4584.0,-5661.0,1172,0.7308559417724609,12
-2817.0,-4238.0,-5792.0,1174,0.732029914855957,12
-3328.0,-4804.0,-5313.0,1238,0.7643089294433594,12
-2533.0,-5711.0,-4147.0,1452,0.8638241291046143,13
-2591.0,-5620.0,-4593.0,1460,0.8665060997009277,13
-3050.0,-4160.0,-5816.0,1478,0.8750839233398438,13
-2815.0,-5066.0,-5233.0,1496,0.8835129737854004,13
-2670.0,-4790.0,-5576.0,1502,0.8859429359436035,13
-2890.0,-5269.0,-4968.0,1512,0.8934969902038574,13
-2745.0,-4993.0,-5311.0,1514,0.8947141170501709,13
-3544.0,-4749.0,-4882.0,1536,0.9046750068664551,13
-3344.0,-4380.0,-5468.0,1538,0.9058089256286621,13
-2964.0,-5010.0,-5228.0,1566,0.91827392578125,13
-2820.0,-5695.0,-4535.0,1602,0.9333450794219971,13
-3184.0,-5489.0,-4620.0,1606,0.9347851276397705,13
-3039.0,-5213.0,-4963.0,1608,0.9359509944915771,13
-2664.0,-5373.0,-4631.0,1668,0.960205078125,14
-2446.0,-5344.0,-4936.0,1680,0.9643340110778809,14
-2526.0,-5475.0,-4883.0,1706,0.9756500720977783,14
-2978.0,-4915.0,-5335.0,1714,0.9784600734710693,14
-3408.0,-4935.0,-5260.0,1744,0.9908931255340576,14
-3263.0,-4659.0,-5603.0,1746,0.9920921325683594,14
-3272.0,-5345.0,-4564.0,1754,0.9952621459960938,14
-3272.0,-5135.0,-4987.0,1758,0.9965600967407227,14
-3608.0,-4576.0,-4675.0,1766,0.9993939399719238,14
-3608.0,-4366.0,-5098.0,1770,1.0009660720825195,14
