z1,z2,z3,node,time,depth
23398.0,22161.0,24007.0,1,0.06358480453491211,1
24731.0,23147.0,21571.0,1,0.0635988712310791,1
22016.0,22017.0,24832.0,1,0.0636129379272461,1
23176.0,23825.0,21950.0,1,0.06362700462341309,1
22701.0,22997.0,23075.0,1,0.0636448860168457,1
22136.0,24402.0,22607.0,1,0.0636589527130127,1
21798.0,23711.0,24083.0,1,0.06367301940917969,1
22854.0,24388.0,22638.0,4,0.16781902313232422,3
22257.0,22629.0,24083.0,4,0.1678318977355957,3
23450.0,22726.0,23127.0,30,1.958570957183838,9
23421.0,23746.0,21978.0,46,3.1197009086608887,12
