z1,z2,z3,node,time,depth
-74.0,-78.0,-93.0,1,0.0015530586242675781,1
-85.0,-83.0,-78.0,6,0.009160995483398438,3
-72.0,-88.0,-79.0,24,0.03465008735656738,5
-74.0,-85.0,-85.0,654,0.5514430999755859,11
-75.0,-86.0,-79.0,715,0.5895681381225586,11
-82.0,-84.0,-90.0,844,0.6722040176391602,12
-81.0,-85.0,-82.0,918,0.7109179496765137,12
-76.0,-87.0,-74.0,928,0.7181940078735352,12
-90.0,-78.0,-85.0,1072,0.7993571758270264,13
-86.0,-78.0,-86.0,1166,0.8468010425567627,15
-72.0,-86.0,-81.0,1186,0.8550591468811035,16
-79.0,-86.0,-78.0,1188,0.8558011054992676,16
-84.0,-79.0,-87.0,1190,0.8565330505371094,16
-84.0,-81.0,-85.0,1206,0.8631360530853271,18
