z1,z2,z3,node,time,depth
-9656.0,-8810.0,-9825.0,1,0.0010509490966796875,1
-9043.0,-10038.0,-8858.0,1,0.0010528564453125,1
-9725.0,-9537.0,-9084.0,1,0.0010569095611572266,1
-9470.0,-9743.0,-9157.0,52,0.025876998901367188,7
-9227.0,-9106.0,-9512.0,66,0.03155684471130371,8
