z1,z2,z3,node,time,depth
-2874.0,-4432.0,-4167.0,1,0.0012900829315185547,1
-2635.0,-4826.0,-3556.0,1,0.0012938976287841797,1
-2937.0,-4435.0,-3783.0,22,0.013900995254516602,10
-3108.0,-4486.0,-3613.0,70,0.03481101989746094,10
-3308.0,-2924.0,-2808.0,111,0.051496028900146484,8
-3133.0,-2814.0,-3329.0,152,0.07202386856079102,11
-3245.0,-2921.0,-3192.0,157,0.07433891296386719,10
