z1,z2,z3,node,time,depth
-11795.0,-14289.0,-11027.0,1,0.006587982177734375,1
-13591.0,-13028.0,-14072.0,1,0.006591796875,1
-14258.0,-11339.0,-14099.0,1,0.006596803665161133,1
-13864.0,-11802.0,-14365.0,1,0.006600856781005859,1
-13792.0,-13331.0,-12957.0,1,0.006605863571166992,1
-13866.0,-13462.0,-12243.0,1,0.006610870361328125,1
-14415.0,-10517.0,-12306.0,1,0.0066149234771728516,1
-14323.0,-12860.0,-12413.0,1,0.006619930267333984,1
-14410.0,-12021.0,-13610.0,1,0.006623983383178711,1
-12008.0,-14173.0,-11990.0,1,0.006628990173339844,1
-13058.0,-13949.0,-12577.0,1,0.006632804870605469,1
-12541.0,-14106.0,-12095.0,1,0.006636857986450195,1
-11489.0,-10435.0,-14633.0,1,0.006641864776611328,1
-12982.0,-11314.0,-14502.0,1,0.006645917892456055,1
-14070.0,-12628.0,-13222.0,2,0.013988971710205078,2
-13420.0,-13233.0,-13541.0,2,0.014024972915649414,2
-12664.0,-13503.0,-13246.0,2,0.014033794403076172,2
-14001.0,-12879.0,-13066.0,3,0.01874685287475586,2
-13739.0,-12367.0,-13942.0,4,0.02456378936767578,3
-12165.0,-12321.0,-14246.0,4,0.02460479736328125,3
-14061.0,-12348.0,-13289.0,4,0.024617910385131836,3
-13367.0,-13603.0,-12476.0,6,0.03516077995300293,3
-12920.0,-13332.0,-12899.0,8,0.04659676551818848,4
-13604.0,-12950.0,-13119.0,8,0.046605825424194336,4
-13794.0,-11961.0,-14171.0,11,0.05895590782165527,4
-13443.0,-13425.0,-12421.0,13,0.06799697875976562,4
-13859.0,-13209.0,-12928.0,15,0.07324981689453125,4
-14239.0,-12226.0,-13079.0,20,0.09975099563598633,5
-13871.0,-12055.0,-13680.0,21,0.10364484786987305,5
-12312.0,-14132.0,-11509.0,25,0.12315893173217773,5
-14008.0,-13132.0,-12381.0,28,0.13449978828430176,5
-13546.0,-13415.0,-12531.0,29,0.1373457908630371,5
-12680.0,-13236.0,-13151.0,36,0.17399382591247559,6
-12745.0,-13272.0,-13074.0,36,0.1740119457244873,6
-12772.0,-13398.0,-12776.0,37,0.1770799160003662,6
-12008.0,-12533.0,-14113.0,39,0.18255996704101562,6
-13801.0,-12214.0,-13486.0,42,0.1945209503173828,6
-11964.0,-10678.0,-14512.0,45,0.20348882675170898,6
-12825.0,-11526.0,-14369.0,47,0.20766377449035645,6
-11331.0,-14195.0,-11525.0,48,0.21679282188415527,6
-12338.0,-14133.0,-10929.0,48,0.2169039249420166,6
-13597.0,-12697.0,-13804.0,66,0.29901695251464844,7
-13746.0,-12620.0,-13257.0,66,0.29902076721191406,7
-12261.0,-13568.0,-12660.0,96,0.413470983505249,7
-12541.0,-13252.0,-13485.0,136,0.552278995513916,8
-12964.0,-13154.0,-13629.0,209,0.7760348320007324,9
-11513.0,-10537.0,-14542.0,375,1.1768929958343506,11
