z1,z2,z3,node,time,depth
-2072.0,-3140.0,-2065.0,17,0.015177011489868164,5
-2141.0,-3030.0,-2266.0,49,0.03529191017150879,6
-2720.0,-2197.0,-2840.0,66,0.04462599754333496,7
-2618.0,-2420.0,-2548.0,80,0.05135798454284668,7
-3298.0,-1482.0,-3382.0,81,0.05195903778076172,7
-2687.0,-2310.0,-2749.0,103,0.06328392028808594,7
-1341.0,-3812.0,-1321.0,132,0.0768430233001709,8
-2182.0,-2973.0,-2146.0,134,0.07766985893249512,8
-1994.0,-3219.0,-1939.0,146,0.08284783363342285,8
-2104.0,-3052.0,-2020.0,158,0.08843493461608887,8
-1300.0,-3869.0,-1441.0,172,0.09372687339782715,8
-2063.0,-3109.0,-2140.0,186,0.09979891777038574,8
-1410.0,-3702.0,-1522.0,200,0.10526800155639648,8
-2196.0,-2841.0,-2119.0,234,0.1178128719329834,9
-3081.0,-1522.0,-3166.0,252,0.12450885772705078,9
-2728.0,-2253.0,-2629.0,268,0.1309058666229248,9
-1314.0,-3737.0,-1414.0,278,0.13482189178466797,9
-2604.0,-2132.0,-2884.0,282,0.1364898681640625,9
-2155.0,-2898.0,-2239.0,283,0.13691282272338867,9
-1424.0,-3570.0,-1495.0,306,0.14568090438842773,9
-2742.0,-2121.0,-2602.0,358,0.16256189346313477,10
-2457.0,-2321.0,-2557.0,404,0.17708396911621094,11
-2526.0,-2211.0,-2758.0,418,0.18063902854919434,11
