z1,z2,z3,node,time,depth
-79.0,-95.0,-83.0,1,0.0015540122985839844,1
-73.0,-100.0,-83.0,1,0.0015561580657958984,1
-82.0,-93.0,-82.0,1,0.001569986343383789,1
-76.0,-98.0,-82.0,4,0.006737947463989258,3
-67.0,-87.0,-85.0,8,0.013045072555541992,4
-71.0,-79.0,-85.0,12,0.02009296417236328,4
-57.0,-91.0,-84.0,187,0.20791101455688477,9
-63.0,-86.0,-87.0,267,0.27007412910461426,10
-68.0,-83.0,-86.0,267,0.2700779438018799,10
-57.0,-89.0,-86.0,317,0.3067359924316406,11
-64.0,-80.0,-89.0,341,0.32609009742736816,11
-69.0,-77.0,-88.0,341,0.32609105110168457,11
-78.0,-96.0,-80.0,380,0.3544001579284668,12
-69.0,-87.0,-84.0,396,0.3672349452972412,12
-67.0,-89.0,-84.0,401,0.37151408195495605,12
-66.0,-83.0,-88.0,416,0.3830549716949463,12
-66.0,-78.0,-89.0,418,0.3849611282348633,12
-64.0,-86.0,-86.0,420,0.3867990970611572,12
-59.0,-89.0,-85.0,502,0.4509580135345459,13
-62.0,-88.0,-86.0,518,0.4653639793395996,13
-60.0,-88.0,-87.0,590,0.5196850299835205,14
-69.0,-82.0,-85.0,652,0.5663471221923828,15
-65.0,-85.0,-86.0,720,0.6153459548950195,16
-72.0,-81.0,-84.0,762,0.642754077911377,17
-70.0,-83.0,-84.0,794,0.6612210273742676,18
