z1,z2,z3,node,time,depth
-3981.0,-3597.0,-2723.0,1,0.0005609989166259766,1
-3241.0,-3702.0,-3221.0,1,0.0005640983581542969,1
-4227.0,-3280.0,-3260.0,4,0.002092123031616211,4
-3259.0,-3210.0,-3469.0,32,0.012366056442260742,9
-4286.0,-3192.0,-3448.0,46,0.01772904396057129,8
-3817.0,-3499.0,-3245.0,120,0.04425621032714844,7
