z1,z2,z3,node,time,depth
-12765.0,-14288.0,-14423.0,1,0.0009500980377197266,1
-13030.0,-14472.0,-13537.0,3,0.0027780532836914062,2
-12936.0,-14700.0,-13495.0,15,0.013055086135864258,5
-12479.0,-14719.0,-14125.0,38,0.027553081512451172,7
-12817.0,-13924.0,-13872.0,57,0.0370640754699707,7
-13160.0,-14186.0,-13775.0,58,0.03774309158325195,8
-11596.0,-14416.0,-14225.0,65,0.0420069694519043,8
-12553.0,-14350.0,-14112.0,94,0.05419301986694336,9
