z1,z2,z3,node,time,depth
-30.0,-32.0,-24.0,1,0.0013580322265625,1
-27.0,-36.0,-23.0,3,0.0034749507904052734,2
-21.0,-42.0,-21.0,4,0.004462003707885742,3
-24.0,-38.0,-22.0,9,0.009120941162109375,4
-30.0,-34.0,-21.0,16,0.014902830123901367,5
-34.0,-20.0,-18.0,29,0.025012969970703125,5
-33.0,-22.0,-18.0,29,0.025015830993652344,5
-27.0,-38.0,-20.0,32,0.027281999588012695,6
-31.0,-24.0,-17.0,49,0.039549827575683594,6
-20.0,-42.0,-22.0,62,0.04604983329772949,7
-23.0,-38.0,-23.0,64,0.047165870666503906,7
-31.0,-29.0,-16.0,68,0.04927992820739746,7
-33.0,-28.0,-13.0,90,0.059651851654052734,8
-32.0,-27.0,-16.0,92,0.060408830642700195,8
-36.0,-24.0,-14.0,108,0.0668330192565918,9
