z1,z2,z3,node,time,depth
-45.0,-41.0,-41.0,1,0.0028188228607177734,1
-36.0,-45.0,-41.0,1,0.0028519630432128906,1
-46.0,-45.0,-37.0,5,0.013496875762939453,3
-45.0,-46.0,-38.0,5,0.01349782943725586,3
-34.0,-54.0,-35.0,6,0.01572895050048828,3
-49.0,-47.0,-31.0,7,0.018347978591918945,3
-46.0,-40.0,-40.0,9,0.022497892379760742,4
-44.0,-47.0,-37.0,17,0.0399928092956543,5
-45.0,-50.0,-36.0,33,0.07139396667480469,6
-40.0,-48.0,-39.0,35,0.0751039981842041,6
-41.0,-51.0,-38.0,67,0.13056278228759766,7
-51.0,-43.0,-32.0,118,0.21114683151245117,8
-46.0,-44.0,-38.0,130,0.2252039909362793,8
-46.0,-46.0,-36.0,150,0.2513129711151123,8
-49.0,-46.0,-34.0,193,0.3076667785644531,9
-48.0,-42.0,-35.0,209,0.3270909786224365,9
-42.0,-50.0,-37.0,212,0.3305180072784424,9
-48.0,-47.0,-32.0,219,0.33931684494018555,9
-40.0,-52.0,-35.0,222,0.34183478355407715,9
-42.0,-45.0,-40.0,278,0.40334486961364746,10
-46.0,-49.0,-35.0,290,0.41597795486450195,10
-47.0,-47.0,-34.0,330,0.45492100715637207,11
-48.0,-41.0,-36.0,378,0.4951338768005371,12
-45.0,-43.0,-39.0,390,0.5041959285736084,12
-36.0,-53.0,-37.0,392,0.5052669048309326,12
-37.0,-52.0,-36.0,398,0.5086519718170166,12
-28.0,-55.0,-29.0,400,0.5097839832305908,12
-42.0,-47.0,-38.0,416,0.5194728374481201,13
