z1,z2,z3,node,time,depth
-9815.0,-8273.0,-9693.0,3,0.0018429756164550781,3
-9071.0,-8642.0,-8842.0,4,0.002328157424926758,4
-9601.0,-8092.0,-9712.0,41,0.01847219467163086,7
-9588.0,-8181.0,-9828.0,45,0.02040410041809082,2
-9045.0,-8724.0,-8864.0,85,0.03850197792053223,5
