z1,z2,z3,node,time,depth
-25.0,-27.0,-44.0,66,0.04140496253967285,7
-24.0,-35.0,-43.0,70,0.043068885803222656,7
-26.0,-34.0,-34.0,79,0.04758596420288086,7
-32.0,-29.0,-39.0,94,0.05449199676513672,7
-29.0,-33.0,-40.0,138,0.07237792015075684,8
-30.0,-25.0,-41.0,142,0.07418489456176758,8
-34.0,-31.0,-34.0,154,0.07787084579467773,8
-32.0,-32.0,-38.0,174,0.08425283432006836,9
-37.0,-30.0,-32.0,186,0.08811783790588379,9
-33.0,-24.0,-39.0,196,0.09053301811218262,10
