z1,z2,z3,node,time,depth
18846.0,20537.0,21867.0,1,0.033505916595458984,1
18222.0,23007.0,19905.0,1,0.033516883850097656,1
20329.0,20363.0,19758.0,1,0.03352808952331543,1
21767.0,19536.0,19838.0,1,0.0335390567779541,1
19662.0,19323.0,22232.0,1,0.03356003761291504,1
19915.0,19213.0,20631.0,1,0.03357291221618652,1
21731.0,19943.0,20088.0,3,0.06938600540161133,2
19899.0,20405.0,20129.0,4,0.09980607032775879,3
19471.0,20494.0,20916.0,11,0.20424985885620117,6
19559.0,20509.0,20518.0,18,0.28963804244995117,10
