z1,z2,z3,node,time,depth
-24.0,-57.0,-30.0,1,0.0023670196533203125,1
-47.0,-26.0,-37.0,3,0.007246971130371094,2
-34.0,-54.0,-37.0,9,0.02108001708984375,4
-35.0,-47.0,-46.0,11,0.025706052780151367,4
-37.0,-50.0,-39.0,19,0.04346895217895508,5
-32.0,-52.0,-45.0,35,0.07485294342041016,6
-41.0,-46.0,-40.0,64,0.12717485427856445,7
-38.0,-51.0,-36.0,67,0.13065099716186523,7
-41.0,-47.0,-38.0,67,0.1306748390197754,7
-30.0,-50.0,-46.0,70,0.13541293144226074,7
-32.0,-53.0,-41.0,71,0.13736391067504883,7
-46.0,-40.0,-40.0,124,0.22418594360351562,8
-45.0,-39.0,-42.0,125,0.22481298446655273,8
-38.0,-43.0,-47.0,126,0.22522497177124023,8
-43.0,-37.0,-47.0,174,0.29000186920166016,8
-40.0,-45.0,-43.0,218,0.35047292709350586,9
-35.0,-50.0,-43.0,220,0.3513510227203369,9
-35.0,-52.0,-41.0,222,0.3525409698486328,9
-36.0,-50.0,-40.0,232,0.3644230365753174,9
-37.0,-49.0,-41.0,238,0.3710470199584961,9
-31.0,-55.0,-42.0,244,0.37778496742248535,9
-34.0,-50.0,-44.0,292,0.4348280429840088,9
-40.0,-43.0,-45.0,306,0.4497649669647217,10
-36.0,-46.0,-48.0,308,0.45107483863830566,10
-37.0,-45.0,-47.0,316,0.4597198963165283,10
-33.0,-54.0,-38.0,318,0.4609858989715576,10
-38.0,-45.0,-46.0,326,0.46916890144348145,10
-41.0,-40.0,-48.0,356,0.4991629123687744,10
-44.0,-39.0,-44.0,376,0.5216178894042969,11
-34.0,-44.0,-49.0,378,0.522817850112915,11
-30.0,-55.0,-43.0,386,0.5285918712615967,11
-39.0,-38.0,-49.0,408,0.5463159084320068,11
-42.0,-42.0,-45.0,418,0.554157018661499,12
-41.0,-43.0,-42.0,426,0.5598640441894531,12
-42.0,-43.0,-41.0,432,0.5631060600280762,12
-45.0,-38.0,-43.0,442,0.5715968608856201,12
-44.0,-37.0,-45.0,443,0.5722579956054688,12
-36.0,-48.0,-44.0,458,0.5803959369659424,13
-39.0,-43.0,-46.0,462,0.5823299884796143,13
-43.0,-44.0,-38.0,464,0.5833518505096436,14
-34.0,-49.0,-46.0,466,0.5842828750610352,14
-35.0,-48.0,-45.0,468,0.5851888656616211,14
-39.0,-47.0,-39.0,474,0.5878398418426514,14
-38.0,-47.0,-40.0,484,0.5924079418182373,15
-37.0,-48.0,-42.0,485,0.5928430557250977,15
-36.0,-49.0,-43.0,490,0.5948820114135742,16
