z1,z2,z3,node,time,depth
-19481.0,-16203.0,-17337.0,1,0.001271963119506836,1
-19137.0,-16408.0,-17583.0,3837,3.1636178493499756,4
-19290.0,-16880.0,-17551.0,4246,3.511051893234253,10
-18954.0,-16623.0,-17689.0,4403,3.6080148220062256,7
-19107.0,-17095.0,-17657.0,4508,3.6852478981018066,10
-18763.0,-17300.0,-17903.0,4577,3.7223308086395264,9
