z1,z2,z3,node,time,depth
-4913.0,-4838.0,-5185.0,1,0.002850055694580078,1
-5426.0,-3110.0,-5646.0,1,0.002856016159057617,1
-5026.0,-3127.0,-5927.0,1,0.0028710365295410156,1
-5196.0,-3153.0,-5824.0,1,0.0028738975524902344,1
-5233.0,-3153.0,-5689.0,7,0.01790595054626465,7
-5256.0,-3084.0,-5749.0,308,0.2318880558013916,5
-5403.0,-3179.0,-5586.0,427,0.3387489318847656,4
-5126.0,-2972.0,-5838.0,456,0.36299800872802734,16
-5612.0,-901.0,-5994.0,580,0.49321603775024414,12
-4961.0,-3502.0,-4427.0,1249,1.1196439266204834,16
-4928.0,-3535.0,-4498.0,1250,1.1204450130462646,10
-5499.0,-2612.0,-5252.0,1326,1.1973669528961182,13
-4208.0,-5038.0,-4014.0,1652,1.571943998336792,10
-3623.0,-5614.0,-3493.0,1831,1.7389609813690186,6
-4301.0,-4872.0,-4098.0,1832,1.7417490482330322,7
-3355.0,-5432.0,-3757.0,2057,1.9695959091186523,9
-3129.0,-5456.0,-3836.0,2087,2.0041658878326416,6
-1991.0,-6302.0,-2043.0,2101,2.021672010421753,16
-2920.0,-5724.0,-2625.0,2129,2.039109945297241,16
-2713.0,-5698.0,-2863.0,2167,2.0696520805358887,16
-2658.0,-6224.0,-2993.0,2188,2.100008010864258,8
-2407.0,-6060.0,-3016.0,2204,2.1121509075164795,14
-3059.0,-5275.0,-3850.0,2210,2.115462064743042,14
-2691.0,-6191.0,-2922.0,2239,2.149566888809204,9
-2737.0,-6162.0,-2690.0,2240,2.1516239643096924,6
-2069.0,-6346.0,-1987.0,2331,2.2300119400024414,5
-3611.0,-5628.0,-3409.0,2401,2.308055877685547,9
-3281.0,-5526.0,-3735.0,2432,2.327601909637451,14
-3565.0,-5657.0,-3641.0,2433,2.3280069828033447,13
-4003.0,-4922.0,-4555.0,2435,2.3287980556488037,11
-4210.0,-4948.0,-4317.0,2437,2.3295018672943115,9
-4233.0,-4879.0,-4377.0,2438,2.329875946044922,8
-3532.0,-5690.0,-3712.0,2439,2.330281972885132,7
