z1,z2,z3,node,time,depth
-63.0,-61.0,-51.0,1,0.0013179779052734375,1
-60.0,-63.0,-47.0,3,0.004247903823852539,2
-57.0,-62.0,-49.0,9,0.012660980224609375,4
-61.0,-59.0,-53.0,35,0.038316965103149414,6
-64.0,-45.0,-47.0,205,0.14554500579833984,9
-65.0,-50.0,-42.0,414,0.25748705863952637,11
-51.0,-64.0,-57.0,470,0.28540992736816406,11
-55.0,-63.0,-52.0,512,0.3059709072113037,12
-52.0,-65.0,-48.0,544,0.3209249973297119,12
-56.0,-56.0,-54.0,560,0.32855701446533203,12
