z1,z2,z3,node,time,depth
20623.0,16314.0,20429.0,1,0.011349916458129883,1
18867.0,17952.0,18273.0,1,0.011356830596923828,1
19618.0,17059.0,19294.0,1,0.011364936828613281,1
16650.0,19908.0,16782.0,1,0.011371850967407227,1
17361.0,19249.0,17328.0,1,0.01137995719909668,1
19100.0,17723.0,19458.0,25,0.3658328056335449,5
18374.0,18758.0,18441.0,25,0.3658409118652344,5
18206.0,18918.0,18344.0,25,0.3658478260040283,5
20405.0,16893.0,21319.0,41,0.5428528785705566,9
