z1,z2,z3,node,time,depth
-14252.0,-12435.0,-14481.0,29,0.021403074264526367,5
-15730.0,-10919.0,-15822.0,43,0.02834796905517578,6
-15107.0,-11790.0,-14900.0,69,0.04089093208312988,7
-14357.0,-12499.0,-14304.0,85,0.04848599433898926,7
-14478.0,-12479.0,-14175.0,132,0.0697329044342041,8
-14991.0,-11815.0,-14876.0,148,0.0771939754486084,8
-15740.0,-11016.0,-15671.0,155,0.08034610748291016,8
-14811.0,-11432.0,-15220.0,161,0.08317899703979492,8
-14608.0,-12316.0,-14524.0,169,0.08695793151855469,8
-13757.0,-13249.0,-13428.0,204,0.10321497917175293,9
-14451.0,-12535.0,-14295.0,206,0.10416507720947266,9
-14270.0,-12585.0,-14129.0,228,0.11422491073608398,9
-14964.0,-11871.0,-14996.0,230,0.11519503593444824,9
-15051.0,-11785.0,-15171.0,235,0.11773300170898438,9
-15101.0,-11608.0,-15097.0,246,0.12303996086120605,9
-14165.0,-12521.0,-14306.0,274,0.136214017868042,9
-15200.0,-11736.0,-15090.0,290,0.14404010772705078,10
-15227.0,-11680.0,-14970.0,292,0.14489388465881348,10
-14506.0,-12450.0,-14223.0,296,0.1467909812927246,10
-15217.0,-11583.0,-15121.0,302,0.14952898025512695,10
-15068.0,-11632.0,-15202.0,318,0.15695905685424805,10
-14618.0,-12413.0,-14373.0,327,0.1621088981628418,10
-13652.0,-13185.0,-13605.0,386,0.18835997581481934,11
-14538.0,-12449.0,-14470.0,396,0.19263291358947754,12
-13844.0,-13163.0,-13603.0,402,0.19517898559570312,12
-14439.0,-12321.0,-14477.0,420,0.2030949592590332,12
-13739.0,-13099.0,-13780.0,430,0.20719408988952637,12
-13482.0,-12899.0,-13798.0,486,0.2298140525817871,14
