z1,z2,z3,node,time,depth
-2945.0,-1613.0,-1581.0,3,0.004370212554931641,2
-2529.0,-2353.0,-2295.0,3,0.004373073577880859,2
-2084.0,-2613.0,-2164.0,3,0.00437617301940918,2
-2902.0,-1300.0,-2090.0,7,0.009939193725585938,3
-2204.0,-2615.0,-2045.0,9,0.012730121612548828,4
-3022.0,-1302.0,-1971.0,9,0.01273202896118164,4
-2649.0,-2355.0,-2176.0,9,0.012734174728393555,4
-2464.0,-1180.0,-2560.0,19,0.023411035537719727,4
-2878.0,-2219.0,-2442.0,20,0.024094104766845703,5
-2564.0,-2650.0,-1946.0,48,0.04601597785949707,6
-2921.0,-2532.0,-1933.0,62,0.0543370246887207,6
-3065.0,-1615.0,-1462.0,63,0.05549001693725586,6
-2433.0,-2479.0,-2311.0,96,0.07111907005310059,7
-2476.0,-2792.0,-1802.0,112,0.0799410343170166,7
-2048.0,-1306.0,-2474.0,140,0.09201502799987793,8
-2889.0,-727.0,-2218.0,142,0.09277701377868652,8
-1928.0,-1304.0,-2593.0,162,0.10076403617858887,8
-3161.0,-904.0,-1975.0,184,0.10869216918945312,9
-3207.0,-1689.0,-1445.0,210,0.11734604835510254,10
-2937.0,-1597.0,-1741.0,216,0.11916804313659668,11
-2980.0,-1910.0,-1232.0,218,0.11979007720947266,11
-2588.0,-2575.0,-1172.0,220,0.12041020393371582,11
-3294.0,-1479.0,-1728.0,222,0.12100815773010254,11
