z1,z2,z3,node,time,depth
-7851.0,-8725.0,-9433.0,1,0.0007369518280029297,1
-8184.0,-8518.0,-10097.0,5,0.0032019615173339844,3
-8899.0,-8319.0,-10529.0,76,0.03169584274291992,7
-8566.0,-8526.0,-9865.0,86,0.03554797172546387,7
