z1,z2,z3,node,time,depth
20649.0,18973.0,18563.0,1,0.011382102966308594,1
19334.0,18321.0,20161.0,1,0.011389017105102539,1
19712.0,20506.0,18271.0,1,0.011397123336791992,1
19008.0,19978.0,19868.0,1,0.011404037475585938,1
19773.0,19850.0,19193.0,3,0.024769067764282227,2
19812.0,19241.0,19206.0,3,0.0247800350189209,2
19977.0,18853.0,20152.0,9,0.06682705879211426,5
20345.0,18771.0,19579.0,9,0.06683492660522461,5
20601.0,19260.0,18946.0,17,0.11827707290649414,9
