z1,z2,z3,node,time,depth
-41.0,-33.0,-37.0,1,0.0016028881072998047,1
-43.0,-35.0,-35.0,2,0.0030629634857177734,2
-40.0,-40.0,-29.0,9,0.01075887680053711,4
-39.0,-41.0,-30.0,148,0.07711505889892578,9
-42.0,-42.0,-27.0,149,0.07746505737304688,9
-42.0,-38.0,-34.0,160,0.08156204223632812,9
-41.0,-45.0,-26.0,196,0.09397602081298828,10
