z1,z2,z3,node,time,depth
-44.0,-40.0,-31.0,1,0.0006258487701416016,1
-31.0,-27.0,-34.0,1,0.0006289482116699219,1
-46.0,-41.0,-29.0,42,0.025090932846069336,6
-47.0,-42.0,-26.0,50,0.02936697006225586,7
-33.0,-28.0,-32.0,72,0.039528846740722656,9
