z1,z2,z3,node,time,depth
-5426.0,-5629.0,-5173.0,1,0.003194093704223633,1
-6726.0,-4908.0,-6639.0,4,0.010545015335083008,3
-6012.0,-4964.0,-6959.0,6,0.015304088592529297,3
-6376.0,-4575.0,-7160.0,16,0.039156198501586914,5
-6491.0,-4765.0,-7061.0,21,0.05056619644165039,5
-6141.0,-4432.0,-7582.0,22,0.05274701118469238,5
-6837.0,-4204.0,-7357.0,63,0.12699007987976074,6
-5330.0,-5399.0,-6063.0,72,0.1431870460510254,7
-6228.0,-5343.0,-6006.0,100,0.19124412536621094,7
-6616.0,-5032.0,-6463.0,101,0.19290399551391602,7
-6108.0,-5194.0,-6069.0,108,0.20409107208251953,7
-7046.0,-4171.0,-7465.0,474,0.6273980140686035,9
-6395.0,-4853.0,-6893.0,1432,1.3271191120147705,12
-6319.0,-5043.0,-6291.0,1450,1.3371520042419434,12
-6128.0,-4537.0,-7316.0,2260,1.8013710975646973,13
-5642.0,-5178.0,-6224.0,2700,2.0451719760894775,14
-5373.0,-4698.0,-7114.0,2704,2.0468990802764893,14
-5718.0,-4988.0,-6826.0,2710,2.0497140884399414,14
-5406.0,-5209.0,-6665.0,2746,2.066941976547241,14
-5926.0,-5272.0,-6130.0,2926,2.1561641693115234,14
-6407.0,-5178.0,-5658.0,2936,2.160560131072998,14
-6915.0,-4916.0,-6358.0,2940,2.1619110107421875,14
-6022.0,-5502.0,-5240.0,2962,2.1762330532073975,14
-6030.0,-4867.0,-6681.0,3284,2.3497681617736816,15
-5502.0,-5439.0,-5775.0,3286,2.3505451679229736,15
-6273.0,-4394.0,-7230.0,3474,2.4412519931793213,15
-6103.0,-4664.0,-7244.0,3608,2.508319139480591,16
-6440.0,-4416.0,-7171.0,3636,2.520897150039673,16
-7168.0,-4630.0,-7128.0,3646,2.5248310565948486,16
-6818.0,-4297.0,-7649.0,3694,2.546663999557495,16
-6333.0,-5165.0,-5796.0,3734,2.564901113510132,16
-6689.0,-4829.0,-7026.0,3748,2.570672035217285,16
-6304.0,-5153.0,-6608.0,3750,2.5715720653533936,16
-6785.0,-5059.0,-6136.0,3752,2.5729479789733887,16
-7338.0,-4360.0,-7114.0,3790,2.5889570713043213,16
-7273.0,-4485.0,-6550.0,3890,2.6311631202697754,17
-5782.0,-3503.0,-7716.0,3898,2.6340739727020264,18
-6551.0,-5157.0,-5899.0,3906,2.6373560428619385,18
-6912.0,-4682.0,-6632.0,3908,2.638153076171875,18
-7352.0,-4359.0,-5915.0,3910,2.638914108276367,18
