z1,z2,z3,node,time,depth
-3825.0,-3985.0,-3520.0,1,0.001087188720703125,1
-4432.0,-3769.0,-3128.0,26,0.01861119270324707,5
-4065.0,-4127.0,-2872.0,27,0.01919698715209961,5
-2480.0,-3108.0,-3607.0,43,0.029362201690673828,5
-4035.0,-4270.0,-2789.0,46,0.03061819076538086,6
-4240.0,-4112.0,-2564.0,47,0.031202077865600586,6
