z1,z2,z3,node,time,depth
24538.0,23580.0,22705.0,1,0.041567087173461914,1
26127.0,22580.0,25529.0,1,0.04158210754394531,1
22154.0,23981.0,23162.0,1,0.04162406921386719,1
23101.0,24614.0,23159.0,3,0.08525609970092773,2
24554.0,23097.0,24990.0,3,0.08527016639709473,2
24040.0,23766.0,23838.0,5,0.12934303283691406,3
