z1,z2,z3,node,time,depth
27394.0,25611.0,25076.0,1,0.07025289535522461,1
23926.0,26680.0,26851.0,1,0.07026886940002441,1
24842.0,25068.0,27258.0,1,0.07028388977050781,1
25206.0,27101.0,25186.0,1,0.07029891014099121,1
26199.0,25152.0,25927.0,1,0.07031488418579102,1
27632.0,24129.0,25883.0,1,0.07032990455627441,1
26717.0,23780.0,26888.0,1,0.07034492492675781,1
27553.0,23878.0,26590.0,1,0.07036089897155762,1
26907.0,25274.0,25605.0,5,0.21305084228515625,3
24745.0,26847.0,26286.0,13,0.33219099044799805,4
26308.0,26634.0,25528.0,25,0.4768860340118408,5
25551.0,25797.0,26431.0,53,0.8050930500030518,10
25934.0,26872.0,26137.0,53,0.805121898651123,10
