z1,z2,z3,node,time,depth
73.0,70.0,54.0,1,0.007667064666748047,1
74.0,63.0,64.0,1,0.00767207145690918,1
70.0,58.0,76.0,1,0.0076770782470703125,1
64.0,63.0,74.0,1,0.007682085037231445,1
58.0,78.0,71.0,1,0.0076868534088134766,1
60.0,67.0,77.0,1,0.007691860198974609,1
68.0,68.0,66.0,6,0.038240909576416016,4
