z1,z2,z3,node,time,depth
93.0,70.0,75.0,1,0.017657041549682617,1
94.0,85.0,60.0,1,0.01766490936279297,1
88.0,72.0,75.0,1,0.017673015594482422,1
72.0,84.0,84.0,1,0.017679929733276367,1
75.0,73.0,88.0,1,0.01768803596496582,1
83.0,91.0,66.0,1,0.017696142196655273,1
77.0,84.0,78.0,1,0.017704010009765625,1
83.0,82.0,76.0,14,0.36454296112060547,5
125.0,83.0,74.0,66,1.7077219486236572,9
