z1,z2,z3,node,time,depth
-66.0,-34.0,-70.0,2,0.0025708675384521484,2
-69.0,-22.0,-76.0,33,0.026610851287841797,14
-70.0,-21.0,-76.0,267,0.20765089988708496,12
-71.0,-29.0,-75.0,383,0.29228878021240234,9
-72.0,-28.0,-75.0,424,0.32626795768737793,3
-63.0,-36.0,-67.0,597,0.4792599678039551,7
-64.0,-35.0,-66.0,660,0.5182859897613525,5
-49.0,-41.0,-53.0,660,0.5182919502258301,5
-56.0,-40.0,-59.0,709,0.5557630062103271,7
