z1,z2,z3,node,time,depth
-47.0,-36.0,-34.0,1,0.0035619735717773438,1
-25.0,-48.0,-21.0,1,0.003565073013305664,1
-19.0,-46.0,-27.0,1,0.003567934036254883,1
-39.0,-42.0,-32.0,1,0.003571033477783203,1
-36.0,-44.0,-30.0,1,0.0035741329193115234,1
-48.0,-23.0,-49.0,1,0.003576993942260742,1
-52.0,-25.0,-44.0,1,0.0035800933837890625,1
-30.0,-37.0,-40.0,1,0.0035829544067382812,1
-42.0,-28.0,-48.0,1,0.0035860538482666016,1
-27.0,-42.0,-35.0,1,0.0035889148712158203,1
-31.0,-43.0,-33.0,1,0.0035920143127441406,1
-53.0,-31.0,-37.0,1,0.003595113754272461,1
-47.0,-27.0,-46.0,1,0.0035979747772216797,1
-43.0,-34.0,-41.0,1,0.00360107421875,1
-29.0,-35.0,-41.0,2,0.009033918380737305,2
-36.0,-38.0,-37.0,2,0.009037017822265625,2
-48.0,-32.0,-34.0,26,0.04010200500488281,7
-47.0,-31.0,-38.0,31,0.04515695571899414,5
-39.0,-37.0,-35.0,62,0.0769951343536377,4
-52.0,-27.0,-38.0,101,0.11299014091491699,2
-46.0,-30.0,-43.0,101,0.11299610137939453,2
-43.0,-25.0,-47.0,101,0.11299896240234375,2
-38.0,-33.0,-43.0,101,0.11300802230834961,2
-46.0,-32.0,-35.0,103,0.12427401542663574,4
-35.0,-41.0,-34.0,103,0.1242830753326416,4
-43.0,-37.0,-34.0,128,0.14586496353149414,4
-22.0,-40.0,-37.0,155,0.17230510711669922,3
-48.0,-30.0,-39.0,155,0.1723170280456543,3
-32.0,-43.0,-32.0,155,0.17232298851013184,3
-44.0,-28.0,-44.0,155,0.17233896255493164,3
-40.0,-39.0,-32.0,156,0.18224501609802246,4
-30.0,-45.0,-24.0,189,0.21042394638061523,6
-27.0,-45.0,-26.0,207,0.22717499732971191,4
-38.0,-36.0,-39.0,207,0.2271900177001953,4
-37.0,-40.0,-33.0,207,0.2272019386291504,4
-42.0,-35.0,-36.0,208,0.23155498504638672,5
-34.0,-37.0,-38.0,259,0.27370595932006836,5
-30.0,-39.0,-36.0,272,0.28856801986694336,6
-25.0,-40.0,-36.0,285,0.29873108863830566,6
-33.0,-39.0,-35.0,291,0.30325794219970703,7
