z1,z2,z3,node,time,depth
25016.0,21832.0,23015.0,1,0.07599997520446777,1
22666.0,22771.0,22698.0,1,0.07601499557495117,1
24510.0,23201.0,21738.0,1,0.07603001594543457,1
21899.0,24735.0,22421.0,1,0.07604408264160156,1
22908.0,22803.0,22041.0,1,0.07605910301208496,1
23461.0,24210.0,21921.0,1,0.07607316970825195,1
21683.0,23683.0,24886.0,1,0.07608699798583984,1
21680.0,24441.0,22825.0,1,0.07614517211914062,1
21752.0,23848.0,24218.0,2,0.1490340232849121,2
22726.0,24092.0,22517.0,36,0.6327641010284424,9
