z1,z2,z3,node,time,depth
-20545.0,-18435.0,-20486.0,2825,1.6645700931549072,10
-20386.0,-18379.0,-20615.0,2826,1.6652579307556152,3
-20261.0,-18601.0,-20517.0,2826,1.6652600765228271,3
-20444.0,-18455.0,-20481.0,2881,1.6890881061553955,2
-20319.0,-18677.0,-20383.0,2881,1.6890900135040283,2
-17443.0,-18743.0,-17443.0,2900,1.6974201202392578,7
-17311.0,-18892.0,-17679.0,2939,1.7137620449066162,11
