z1,z2,z3,node,time,depth
-30.0,-25.0,-27.0,1,0.0024640560150146484,1
-19.0,-38.0,-32.0,2,0.004137992858886719,2
-27.0,-31.0,-27.0,15,0.010500907897949219,10
-19.0,-39.0,-26.0,52,0.02794790267944336,9
-20.0,-37.0,-28.0,58,0.030366897583007812,9
-22.0,-34.0,-21.0,74,0.040693044662475586,8
-24.0,-32.0,-30.0,197,0.10609006881713867,10
-16.0,-40.0,-29.0,218,0.11673307418823242,9
-22.0,-33.0,-26.0,299,0.16550087928771973,8
-24.0,-33.0,-24.0,319,0.17620491981506348,8
