z1,z2,z3,node,time,depth
-2521.0,-3691.0,-3477.0,1,0.0007638931274414062,1
-2764.0,-2669.0,-3557.0,13,0.007475852966308594,4
-2784.0,-3536.0,-3036.0,16,0.008699893951416016,5
-3025.0,-2583.0,-2951.0,60,0.026946067810058594,7
-2771.0,-3069.0,-3311.0,80,0.034497976303100586,8
-3027.0,-2514.0,-3116.0,86,0.03673195838928223,8
