z1,z2,z3,node,time,depth
-3814.0,-4310.0,-2738.0,2,0.003226041793823242,2
-3305.0,-4274.0,-2984.0,3,0.0046939849853515625,2
-2449.0,-3301.0,-3068.0,13,0.016155004501342773,4
-2272.0,-3327.0,-3161.0,21,0.02280282974243164,5
-2659.0,-3085.0,-3085.0,32,0.033164024353027344,6
-3679.0,-4386.0,-2641.0,41,0.03832292556762695,6
-3685.0,-3962.0,-2893.0,48,0.043916940689086914,6
-3503.0,-4256.0,-3028.0,79,0.06112384796142578,7
-2548.0,-2959.0,-3118.0,120,0.0844719409942627,8
-2923.0,-2915.0,-3069.0,132,0.08922386169433594,8
-3706.0,-4287.0,-2782.0,214,0.12469887733459473,9
-3996.0,-4016.0,-2603.0,278,0.15105295181274414,9
-3888.0,-3993.0,-2647.0,282,0.15216684341430664,9
-3239.0,-4426.0,-3044.0,308,0.1610398292541504,10
-2383.0,-3453.0,-3128.0,326,0.16704392433166504,10
-2456.0,-3054.0,-3331.0,330,0.16823482513427734,10
-2345.0,-2928.0,-3364.0,374,0.1811819076538086,11
-2003.0,-3765.0,-3219.0,384,0.18392395973205566,11
-4236.0,-2323.0,-2150.0,390,0.18557000160217285,11
-4123.0,-3063.0,-1604.0,392,0.18610501289367676,11
-3861.0,-4092.0,-2506.0,396,0.1871638298034668,11
