z1,z2,z3,node,time,depth
-3812.0,-3448.0,-3550.0,1,0.0018188953399658203,1
-4166.0,-3943.0,-2765.0,1,0.0018198490142822266,1
-2676.0,-2270.0,-4088.0,1,0.0018239021301269531,1
-4250.0,-3737.0,-2740.0,28,0.017065763473510742,5
-4086.0,-3256.0,-3159.0,40,0.02199387550354004,10
-2603.0,-2352.0,-3836.0,94,0.047731876373291016,11
-4511.0,-3580.0,-2640.0,113,0.05709981918334961,11
-4153.0,-3355.0,-2969.0,118,0.058598995208740234,10
-4427.0,-3786.0,-2665.0,124,0.06074380874633789,10
-4347.0,-3099.0,-3059.0,135,0.0659949779510498,9
-4073.0,-3291.0,-3450.0,164,0.08063888549804688,8
-4159.0,-3174.0,-3411.0,187,0.09111881256103516,2
-2950.0,-2078.0,-3697.0,249,0.12329697608947754,10
-2987.0,-2014.0,-3699.0,277,0.1380918025970459,10
-2903.0,-2682.0,-3833.0,331,0.16446995735168457,6
