z1,z2,z3,node,time,depth
17838.0,20652.0,19589.0,1,0.014719009399414062,1
20783.0,18691.0,19543.0,1,0.014727115631103516,1
21018.0,19179.0,18550.0,1,0.014734983444213867,1
19596.0,18739.0,20478.0,1,0.014742136001586914,1
17774.0,19683.0,20518.0,1,0.014750003814697266,1
18946.0,19280.0,20131.0,1,0.014757156372070312,1
20990.0,18863.0,19025.0,1,0.014765024185180664,1
18405.0,20302.0,19932.0,8,0.07562899589538574,5
18860.0,19558.0,20105.0,8,0.0756371021270752,5
