z1,z2,z3,node,time,depth
-2423.0,-3285.0,-2834.0,1,0.0010950565338134766,1
-2053.0,-3263.0,-3296.0,9,0.00923299789428711,4
-2808.0,-3153.0,-3605.0,112,0.0742650032043457,8
-2164.0,-3007.0,-3637.0,120,0.07792186737060547,8
-2683.0,-2749.0,-3639.0,166,0.09688901901245117,9
-2132.0,-2890.0,-3740.0,176,0.10076189041137695,9
-3154.0,-2908.0,-3338.0,208,0.11294698715209961,10
-3371.0,-2742.0,-3347.0,242,0.12451505661010742,11
