z1,z2,z3,node,time,depth
-14435.0,-13283.0,-13905.0,1,0.0009999275207519531,1
-14227.0,-13281.0,-14003.0,1,0.0010039806365966797,1
-12904.0,-14258.0,-12367.0,3,0.0029168128967285156,2
-12696.0,-14256.0,-12465.0,5,0.004520893096923828,3
-14144.0,-13317.0,-13899.0,7,0.0062389373779296875,3
-13373.0,-13818.0,-13407.0,23,0.01775383949279785,5
-13936.0,-13315.0,-13997.0,45,0.032086849212646484,6
-13581.0,-13820.0,-13309.0,59,0.04142189025878906,6
-13633.0,-13777.0,-13180.0,95,0.06223297119140625,7
-13494.0,-13880.0,-13141.0,98,0.0637509822845459,8
-13528.0,-13839.0,-13234.0,99,0.0645289421081543,8
-13595.0,-13833.0,-13011.0,169,0.10830497741699219,10
-13381.0,-13694.0,-13331.0,180,0.11577582359313965,10
-13563.0,-13896.0,-12941.0,194,0.1252889633178711,11
-13309.0,-13877.0,-13206.0,196,0.12647390365600586,11
-12809.0,-14442.0,-12275.0,200,0.12903690338134766,11
-12841.0,-14379.0,-12345.0,214,0.13889288902282715,12
-13444.0,-13573.0,-13353.0,218,0.14184880256652832,12
-13589.0,-13696.0,-13233.0,220,0.14336585998535156,12
