z1,z2,z3,node,time,depth
-8304.0,-10194.0,-10596.0,1,0.0004761219024658203,1
-8784.0,-9457.0,-11100.0,12,0.004287004470825195,3
-8461.0,-9713.0,-11227.0,19,0.0071179866790771484,7
-8577.0,-9931.0,-11104.0,25,0.009599924087524414,5
