z1,z2,z3,node,time,depth
21570.0,27336.0,21169.0,1,0.042497873306274414,1
22386.0,26236.0,22432.0,1,0.04251289367675781,1
27797.0,21289.0,26864.0,1,0.04252791404724121,1
24788.0,23502.0,25331.0,1,0.042543888092041016,1
22339.0,26882.0,21975.0,19,0.43076300621032715,2
23492.0,25211.0,23733.0,67,1.4820609092712402,5
25441.0,23888.0,25069.0,77,1.7706849575042725,6
23584.0,25420.0,23576.0,87,2.1779589653015137,7
