z1,z2,z3,node,time,depth
-38.0,-39.0,-56.0,6,0.010811090469360352,3
-39.0,-45.0,-42.0,17,0.03110814094543457,5
-40.0,-41.0,-49.0,27,0.04781293869018555,5
-31.0,-49.0,-51.0,57,0.09610700607299805,6
-37.0,-44.0,-48.0,81,0.13063812255859375,7
-30.0,-51.0,-49.0,167,0.24014711380004883,8
-32.0,-53.0,-42.0,167,0.24014997482299805,8
-31.0,-47.0,-53.0,189,0.2701890468597412,8
-40.0,-45.0,-41.0,222,0.30707812309265137,9
-41.0,-44.0,-43.0,337,0.4275240898132324,10
-34.0,-48.0,-47.0,362,0.4505610466003418,10
-37.0,-49.0,-41.0,373,0.45970606803894043,10
-33.0,-48.0,-48.0,376,0.46236205101013184,10
-35.0,-49.0,-46.0,377,0.46315598487854004,10
-34.0,-47.0,-50.0,380,0.4647209644317627,10
-38.0,-42.0,-51.0,392,0.476330041885376,10
-36.0,-45.0,-50.0,417,0.4991719722747803,10
-45.0,-32.0,-37.0,478,0.5522229671478271,11
-35.0,-47.0,-49.0,486,0.5571041107177734,11
-35.0,-43.0,-54.0,548,0.6024041175842285,11
-34.0,-45.0,-52.0,600,0.6386029720306396,12
-38.0,-44.0,-47.0,604,0.6411910057067871,12
-39.0,-43.0,-49.0,718,0.7096941471099854,13
-40.0,-21.0,-50.0,749,0.7254111766815186,13
-36.0,-47.0,-46.0,808,0.7539010047912598,14
-44.0,-32.0,-40.0,872,0.7805089950561523,15
-44.0,-25.0,-43.0,874,0.7812609672546387,15
-43.0,-37.0,-49.0,878,0.7825160026550293,15
-43.0,-39.0,-47.0,884,0.784930944442749,15
-36.0,-49.0,-45.0,886,0.7855861186981201,15
-40.0,-43.0,-46.0,890,0.7868931293487549,15
-31.0,-53.0,-46.0,896,0.7890081405639648,15
-33.0,-45.0,-53.0,898,0.7896740436553955,15
-39.0,-41.0,-53.0,900,0.7903280258178711,15
-39.0,-34.0,-56.0,904,0.7916650772094727,15
-32.0,-49.0,-50.0,906,0.7923550605773926,15
-34.0,-41.0,-57.0,922,0.7986149787902832,15
-35.0,-36.0,-57.0,932,0.8024091720581055,15
-31.0,-23.0,-60.0,944,0.8066251277923584,16
-36.0,-43.0,-51.0,946,0.807293176651001,16
