z1,z2,z3,node,time,depth
-64.0,-86.0,-68.0,1,0.004206180572509766,1
-80.0,-75.0,-75.0,1,0.004281044006347656,1
-77.0,-78.0,-72.0,2,0.011846065521240234,2
-74.0,-77.0,-74.0,4,0.023086071014404297,4
-74.0,-74.0,-78.0,151,0.1348421573638916,18
-74.0,-72.0,-79.0,158,0.13892722129821777,17
-83.0,-62.0,-72.0,372,0.3840351104736328,6
-83.0,-60.0,-73.0,422,0.4341561794281006,7
-81.0,-71.0,-68.0,597,0.6102352142333984,13
-81.0,-68.0,-72.0,619,0.6279091835021973,14
-81.0,-66.0,-73.0,623,0.630295991897583,12
-67.0,-77.0,-78.0,903,0.9233551025390625,18
-67.0,-75.0,-79.0,938,0.9526081085205078,17
-74.0,-70.0,-80.0,943,0.9561381340026855,14
-70.0,-82.0,-74.0,1045,1.0561060905456543,11
-72.0,-82.0,-66.0,1046,1.0569422245025635,7
-75.0,-71.0,-78.0,1145,1.1500110626220703,18
-75.0,-69.0,-79.0,1152,1.154116153717041,17
-84.0,-57.0,-71.0,1313,1.3462021350860596,14
-84.0,-55.0,-72.0,1314,1.3466072082519531,13
-82.0,-68.0,-68.0,1355,1.3830020427703857,13
-82.0,-65.0,-72.0,1377,1.4008581638336182,14
-82.0,-63.0,-73.0,1381,1.4033780097961426,12
-82.0,-62.0,-79.0,1509,1.548755168914795,3
-80.0,-73.0,-76.0,1705,1.7567951679229736,4
-70.0,-75.0,-78.0,1771,1.8159270286560059,18
-70.0,-73.0,-79.0,1786,1.830536127090454,17
-77.0,-68.0,-80.0,1793,1.8365130424499512,14
-73.0,-80.0,-76.0,1801,1.8482260704040527,7
-66.0,-83.0,-74.0,1855,1.9065520763397217,13
-75.0,-79.0,-69.0,1897,1.9525091648101807,7
-68.0,-84.0,-68.0,1909,1.967440128326416,11
-69.0,-83.0,-61.0,1910,1.9695050716400146,7
-75.0,-80.0,-66.0,1932,1.99552321434021,10
-67.0,-83.0,-69.0,1941,2.012540102005005,11
