z1,z2,z3,node,time,depth
-13643.0,-13103.0,-13961.0,1,0.0013620853424072266,1
-13623.0,-13503.0,-13647.0,7,0.008065223693847656,3
-12878.0,-14098.0,-12995.0,35,0.034635066986083984,6
-13837.0,-13322.0,-13718.0,66,0.05657315254211426,7
-12796.0,-14217.0,-12765.0,95,0.0781559944152832,7
-12870.0,-13930.0,-13066.0,120,0.09114503860473633,8
-11901.0,-14820.0,-12491.0,122,0.09234619140625,8
-12033.0,-14758.0,-12332.0,126,0.09463000297546387,8
-13439.0,-13170.0,-13742.0,152,0.10929417610168457,8
-12860.0,-14044.0,-13214.0,180,0.12500715255737305,9
-13010.0,-14036.0,-12836.0,184,0.12718820571899414,9
-12656.0,-14111.0,-12995.0,200,0.13629603385925293,9
-13633.0,-13389.0,-13499.0,240,0.15574312210083008,10
-13460.0,-13464.0,-13654.0,241,0.15638017654418945,10
-13795.0,-9982.0,-13936.0,328,0.1965630054473877,14
