z1,z2,z3,node,time,depth
-15143.0,-12730.0,-14561.0,1,0.001283884048461914,1
-15019.0,-12724.0,-14859.0,1,0.0012860298156738281,1
-10881.0,-13663.0,-11081.0,492,0.2663459777832031,7
-11040.0,-13639.0,-11128.0,634,0.34183597564697266,13
-11075.0,-13745.0,-11036.0,637,0.34324097633361816,14
-11135.0,-13661.0,-11044.0,744,0.3955039978027344,13
-11236.0,-13887.0,-11027.0,747,0.396928071975708,14
-11263.0,-13645.0,-11056.0,1233,0.643388032913208,14
-14469.0,-13355.0,-14190.0,1802,0.9214119911193848,7
-14409.0,-13454.0,-14132.0,1809,0.9246129989624023,7
