z1,z2,z3,node,time,depth
-28.0,-25.0,-33.0,1,0.002385854721069336,1
-28.0,-26.0,-27.0,2,0.004773855209350586,2
-30.0,-24.0,-30.0,30,0.030728816986083984,5
-15.0,-19.0,-37.0,46,0.04156994819641113,5
-30.0,-25.0,-27.0,62,0.04984092712402344,6
-17.0,-26.0,-28.0,121,0.08580994606018066,7
-20.0,-17.0,-34.0,156,0.10384488105773926,9
-21.0,-14.0,-35.0,158,0.10454893112182617,9
-17.0,-16.0,-38.0,160,0.10528683662414551,9
-15.0,-20.0,-35.0,168,0.10830903053283691,9
-17.0,-19.0,-35.0,170,0.10902690887451172,9
-20.0,-28.0,-18.0,172,0.1097419261932373,9
-18.0,-28.0,-24.0,178,0.11194300651550293,9
-19.0,-15.0,-38.0,180,0.11276602745056152,10
-20.0,-27.0,-21.0,186,0.1153099536895752,10
-19.0,-16.0,-36.0,188,0.11604499816894531,11
