z1,z2,z3,node,time,depth
-49.0,-61.0,-53.0,1,0.0017809867858886719,1
-59.0,-47.0,-63.0,1,0.0018007755279541016,1
-61.0,-30.0,-64.0,222,0.17254185676574707,6
-63.0,-29.0,-65.0,390,0.2994358539581299,11
-51.0,-54.0,-57.0,421,0.32404398918151855,9
-32.0,-64.0,-37.0,463,0.3668079376220703,10
-33.0,-63.0,-38.0,560,0.44613099098205566,13
-57.0,-50.0,-57.0,671,0.5434889793395996,8
-56.0,-53.0,-58.0,702,0.5636379718780518,8
-61.0,-44.0,-63.0,703,0.5640568733215332,7
