z1,z2,z3,node,time,depth
-44.0,-32.0,-38.0,1,0.0019698143005371094,1
-38.0,-38.0,-37.0,1,0.0020008087158203125,1
-38.0,-36.0,-41.0,2,0.0043468475341796875,2
-32.0,-23.0,-43.0,20,0.014655828475952148,9
-31.0,-23.0,-44.0,32,0.021927833557128906,3
-43.0,-36.0,-34.0,88,0.0519559383392334,6
-38.0,-35.0,-42.0,104,0.06096196174621582,8
