z1,z2,z3,node,time,depth
-21670.0,-20598.0,-20224.0,3,0.0018641948699951172,2
-21641.0,-20410.0,-20318.0,3,0.00186920166015625,2
-21253.0,-21218.0,-20545.0,5,0.0031261444091796875,3
-21224.0,-21030.0,-20639.0,5,0.0031311511993408203,3
-21208.0,-20907.0,-20745.0,40,0.02153611183166504,8
