z1,z2,z3,node,time,depth
22377.0,22604.0,20027.0,1,0.011494159698486328,1
18346.0,20330.0,21434.0,1,0.011505126953125,1
19837.0,21683.0,20339.0,1,0.011516094207763672,1
20432.0,21070.0,20330.0,1,0.011527061462402344,1
