z1,z2,z3,node,time,depth
-56.0,-75.0,-58.0,3,0.003954887390136719,3
-45.0,-82.0,-65.0,33,0.020753860473632812,15
-42.0,-74.0,-68.0,46,0.027005910873413086,12
-50.0,-79.0,-62.0,61,0.03359198570251465,15
-49.0,-81.0,-63.0,170,0.09241795539855957,5
-54.0,-78.0,-57.0,299,0.1636669635772705,13
-53.0,-79.0,-60.0,384,0.20826005935668945,10
-54.0,-76.0,-64.0,412,0.22327494621276855,14
-55.0,-69.0,-59.0,431,0.2321000099182129,14
-55.0,-68.0,-64.0,440,0.23662805557250977,11
-58.0,-72.0,-54.0,465,0.24857401847839355,14
-58.0,-69.0,-57.0,478,0.2544848918914795,13
-54.0,-69.0,-67.0,527,0.28014087677001953,7
-53.0,-77.0,-67.0,585,0.31563782691955566,9
-61.0,-61.0,-52.0,665,0.3559229373931885,12
-60.0,-69.0,-52.0,705,0.37677884101867676,8
