z1,z2,z3,node,time,depth
-17388.0,-21474.0,-17743.0,1,0.0008001327514648438,1
-18874.0,-19789.0,-19183.0,1,0.0008070468902587891,1
-18115.0,-20644.0,-18511.0,2,0.0015540122985839844,2
-18147.0,-20619.0,-18415.0,46,0.023823976516723633,5
-18250.0,-20602.0,-18477.0,69,0.0344541072845459,8
