z1,z2,z3,node,time,depth
-9572.0,-9505.0,-10272.0,3,0.001377105712890625,2
-9668.0,-9893.0,-10045.0,3,0.0013799667358398438,2
-9509.0,-9473.0,-10384.0,14,0.006120920181274414,5
-9457.0,-8875.0,-10565.0,15,0.006516933441162109,5
-9553.0,-9263.0,-10338.0,15,0.0065190792083740234,5
-9293.0,-9677.0,-10412.0,24,0.01014089584350586,6
-9362.0,-9426.0,-10439.0,28,0.011745929718017578,6
-9197.0,-9289.0,-10639.0,34,0.014326095581054688,7
-9266.0,-9038.0,-10666.0,36,0.015165090560913086,7
