z1,z2,z3,node,time,depth
16838.0,17400.0,17997.0,1,0.02144598960876465,1
18412.0,15913.0,18181.0,1,0.021455049514770508,1
16230.0,16803.0,19313.0,1,0.021464109420776367,1
18683.0,16370.0,17147.0,1,0.02147197723388672,1
18521.0,17128.0,16646.0,1,0.021481037139892578,1
17254.0,16739.0,17315.0,1,0.02148914337158203,1
17866.0,18629.0,16938.0,1,0.021497011184692383,1
17033.0,17024.0,17737.0,7,0.08920598030090332,4
18071.0,17180.0,17221.0,15,0.1466209888458252,8
