z1,z2,z3,node,time,depth
-8551.0,-8619.0,-8369.0,1,0.0005450248718261719,1
-7610.0,-9305.0,-7919.0,13,0.007014036178588867,4
-7654.0,-8388.0,-9378.0,15,0.008787155151367188,4
-7728.0,-8532.0,-9297.0,15,0.008788108825683594,4
-8153.0,-8731.0,-8329.0,32,0.01708507537841797,6
-8150.0,-8352.0,-8918.0,34,0.01795220375061035,6
-7851.0,-8570.0,-9111.0,36,0.01910400390625,6
-7744.0,-8895.0,-8631.0,42,0.021746158599853516,6
-7828.0,-8362.0,-9186.0,50,0.0272672176361084,7
-7308.0,-9144.0,-8701.0,58,0.0305020809173584,10
