z1,z2,z3,node,time,depth
70.0,82.0,62.0,1,0.11246681213378906,1
75.0,66.0,69.0,1,0.11247992515563965,1
104.0,97.0,53.0,1,0.11255884170532227,1
77.0,76.0,56.0,1,0.1126108169555664,1
81.0,67.0,65.0,1,0.11262392997741699,1
68.0,58.0,85.0,1,0.11272788047790527,1
101.0,100.0,53.0,1,0.11276698112487793,1
64.0,69.0,81.0,1,0.11284589767456055,1
75.0,65.0,71.0,2,0.2718498706817627,2
93.0,56.0,108.0,3,0.31323790550231934,2
99.0,56.0,107.0,5,0.49193692207336426,3
93.0,55.0,111.0,5,0.4919469356536865,3
89.0,55.0,116.0,5,0.4919569492340088,3
60.0,93.0,105.0,5,0.49196791648864746,3
60.0,87.0,112.0,5,0.4919779300689697,3
106.0,57.0,95.0,9,0.7473549842834473,4
110.0,57.0,91.0,9,0.7473649978637695,4
87.0,56.0,119.0,10,0.8806428909301758,4
62.0,82.0,115.0,10,0.8806898593902588,4
62.0,96.0,99.0,10,0.8810257911682129,4
88.0,57.0,109.0,15,1.2309648990631104,5
62.0,92.0,103.0,18,1.4547088146209717,5
62.0,90.0,106.0,19,1.5520739555358887,5
96.0,57.0,106.0,20,1.6683969497680664,5
62.0,88.0,108.0,33,2.755593776702881,6
74.0,68.0,74.0,66,5.276705980300903,8
95.0,103.0,55.0,67,5.321824789047241,8
92.0,57.0,107.0,67,5.321855783462524,8
106.0,93.0,55.0,94,7.197793960571289,9
62.0,86.0,110.0,109,8.106994867324829,9
92.0,56.0,110.0,116,8.536672830581665,9
68.0,69.0,78.0,192,12.69368290901184,12
105.0,63.0,84.0,244,15.36506199836731,13
62.0,84.0,114.0,275,16.6979238986969,14
63.0,104.0,88.0,275,16.697934865951538,14
103.0,95.0,55.0,279,16.97021198272705,14
106.0,62.0,84.0,293,17.373361825942993,14
86.0,57.0,119.0,296,17.4315128326416,14
63.0,82.0,113.0,384,21.01151394844055,17
100.0,98.0,55.0,388,21.191191911697388,17
98.0,100.0,55.0,389,21.22828984260559,17
88.0,56.0,116.0,427,22.90399980545044,18
63.0,102.0,91.0,591,29.01934790611267,27
