z1,z2,z3,node,time,depth
-8517.0,-10073.0,-8490.0,1,0.0011420249938964844,1
-9975.0,-8478.0,-9701.0,1,0.0011508464813232422,1
-9934.0,-8551.0,-9636.0,86,0.05349397659301758,4
-9284.0,-9220.0,-9123.0,93,0.05758094787597656,7
-9143.0,-9232.0,-9265.0,100,0.061805009841918945,6
