z1,z2,z3,node,time,depth
-20014.0,-21748.0,-19946.0,1,0.0008521080017089844,1
-19864.0,-21348.0,-20927.0,1,0.0008540153503417969,1
-20259.0,-21281.0,-20445.0,1,0.0008640289306640625,1
-19619.0,-21815.0,-20428.0,2,0.0018410682678222656,2
-19385.0,-21829.0,-20495.0,53,0.028324127197265625,8
