z1,z2,z3,node,time,depth
-9057.0,-9400.0,-7432.0,2,0.0011868476867675781,2
-8202.0,-9547.0,-8056.0,2,0.001188039779663086,2
-8748.0,-8896.0,-8153.0,4,0.0023679733276367188,4
-8890.0,-9108.0,-8073.0,25,0.012083053588867188,7
-8031.0,-9463.0,-8209.0,67,0.030511856079101562,7
-8709.0,-9195.0,-8182.0,76,0.03350496292114258,8
-7942.0,-9224.0,-8574.0,79,0.034620046615600586,7
-8488.0,-8573.0,-8671.0,82,0.03576493263244629,6
-8630.0,-8785.0,-8591.0,85,0.03701496124267578,5
