z1,z2,z3,node,time,depth
-61.0,-87.0,-62.0,1,0.005216121673583984,1
-80.0,-75.0,-55.0,1,0.005227088928222656,1
-81.0,-64.0,-60.0,1,0.005229949951171875,1
-60.0,-65.0,-83.0,1,0.005232095718383789,1
-49.0,-49.0,-86.0,1,0.0052831172943115234,1
-53.0,-71.0,-81.0,1,0.005285024642944336,1
-82.0,-65.0,-55.0,1,0.005324125289916992,1
-59.0,-75.0,-77.0,3,0.016642093658447266,3
-68.0,-66.0,-77.0,608,0.430772066116333,19
-77.0,-59.0,-65.0,1915,1.779689073562622,4
-65.0,-62.0,-80.0,1917,1.7873680591583252,6
-71.0,-67.0,-72.0,1931,1.8026549816131592,13
-70.0,-66.0,-75.0,2046,1.8913569450378418,19
-71.0,-58.0,-75.0,2169,2.032849073410034,7
-54.0,-58.0,-84.0,2249,2.147550106048584,13
-65.0,-69.0,-78.0,2390,2.3182170391082764,19
-63.0,-68.0,-79.0,2449,2.3827600479125977,10
-63.0,-66.0,-80.0,2698,2.758474111557007,5
-57.0,-79.0,-73.0,3076,3.127912998199463,19
-69.0,-74.0,-75.0,3273,3.3893330097198486,5
-60.0,-69.0,-81.0,3358,3.524462938308716,19
-64.0,-73.0,-78.0,3403,3.5931220054626465,6
-80.0,-60.0,-61.0,3936,4.4173290729522705,3
-79.0,-71.0,-56.0,3936,4.417364120483398,3
-75.0,-72.0,-67.0,3957,4.448933124542236,13
-74.0,-71.0,-70.0,4062,4.529644012451172,19
-75.0,-63.0,-70.0,4215,4.694675922393799,7
-78.0,-70.0,-61.0,4357,4.839653015136719,11
-73.0,-79.0,-70.0,4376,4.8698670864105225,6
-74.0,-76.0,-65.0,4377,4.873530149459839,7
-63.0,-84.0,-66.0,4464,4.967008113861084,19
-68.0,-85.0,-62.0,4539,5.028954982757568,18
-69.0,-82.0,-68.0,4542,5.031961917877197,12
-76.0,-70.0,-68.0,4627,5.161108016967773,5
-66.0,-70.0,-76.0,4652,5.194344997406006,19
-72.0,-66.0,-71.0,4746,5.330670118331909,19
-65.0,-80.0,-70.0,4822,5.450699090957642,19
-70.0,-74.0,-73.0,4839,5.479898929595947,14
-71.0,-74.0,-71.0,4853,5.49250602722168,16
-70.0,-78.0,-71.0,4900,5.553972005844116,19
-57.0,-76.0,-76.0,5028,5.749035120010376,6
-64.0,-74.0,-76.0,5060,5.805815935134888,19
-66.0,-62.0,-79.0,5081,5.843738079071045,6
-63.0,-80.0,-72.0,5142,5.9484031200408936,11
-60.0,-83.0,-67.0,5161,5.967181921005249,13
-64.0,-76.0,-75.0,5219,6.041057109832764,18
-68.0,-78.0,-73.0,5242,6.069257020950317,6
-77.0,-68.0,-64.0,5326,6.212430000305176,4
-75.0,-80.0,-64.0,5348,6.274428129196167,5
-77.0,-73.0,-61.0,5354,6.290635108947754,11
-81.0,-68.0,-49.0,5590,6.647441148757935,19
-70.0,-82.0,-63.0,5675,6.78195595741272,12
-74.0,-83.0,-58.0,5752,6.871181964874268,19
-76.0,-76.0,-64.0,5776,6.890782117843628,13
