z1,z2,z3,node,time,depth
20.0,22.0,35.0,1,0.007448911666870117,1
14.0,23.0,42.0,1,0.007452964782714844,1
13.0,29.0,49.0,1,0.0074558258056640625,1
15.0,26.0,35.0,1,0.007458925247192383,1
31.0,22.0,29.0,1,0.0074617862701416016,1
39.0,42.0,12.0,1,0.007465839385986328,1
28.0,23.0,28.0,1,0.0074689388275146484,1
45.0,39.0,13.0,1,0.007471799850463867,1
35.0,31.0,18.0,1,0.0074748992919921875,1
24.0,33.0,21.0,1,0.007477998733520508,1
18.0,26.0,32.0,1,0.0074808597564697266,1
20.0,29.0,27.0,1,0.007483959197998047,1
24.0,22.0,31.0,1,0.0074880123138427734,1
42.0,35.0,15.0,1,0.007500886917114258,1
32.0,38.0,15.0,1,0.007503986358642578,1
27.0,32.0,20.0,1,0.007506847381591797,1
29.0,29.0,21.0,1,0.007509946823120117,1
25.0,25.0,27.0,1,0.007512807846069336,1
30.0,26.0,23.0,1,0.0075190067291259766,1
41.0,28.0,20.0,1,0.0075228214263916016,1
21.0,22.0,34.0,2,0.022284984588623047,2
25.0,30.0,23.0,2,0.022287845611572266,2
18.0,30.0,31.0,2,0.022290945053100586,2
17.0,23.0,39.0,3,0.035722970962524414,2
27.0,37.0,19.0,3,0.03572583198547363,2
23.0,22.0,32.0,3,0.03572988510131836,2
30.0,35.0,18.0,3,0.03579092025756836,2
33.0,34.0,17.0,3,0.035794973373413086,2
23.0,27.0,28.0,5,0.0668938159942627,3
25.0,29.0,25.0,9,0.09431600570678711,3
23.0,26.0,31.0,14,0.11119389533996582,4
40.0,38.0,14.0,24,0.13057184219360352,4
18.0,23.0,38.0,31,0.1419367790222168,4
20.0,28.0,31.0,33,0.1546800136566162,4
38.0,35.0,16.0,83,0.21794581413269043,5
28.0,26.0,25.0,94,0.2362518310546875,5
27.0,26.0,26.0,94,0.23626184463500977,5
22.0,30.0,26.0,116,0.25969982147216797,5
15.0,23.0,41.0,133,0.2757129669189453,6
36.0,27.0,22.0,188,0.32657384872436523,6
24.0,32.0,25.0,214,0.35871291160583496,6
21.0,37.0,26.0,332,0.4547438621520996,7
37.0,24.0,26.0,376,0.49116086959838867,8
