z1,z2,z3,node,time,depth
72.0,55.0,90.0,1,0.00703883171081543,1
60.0,72.0,55.0,1,0.007054805755615234,1
82.0,70.0,86.0,5,0.024568796157836914,4
87.0,70.0,81.0,16,0.060060977935791016,4
79.0,71.0,87.0,18,0.06821894645690918,5
90.0,66.0,88.0,36,0.2074568271636963,5
92.0,67.0,84.0,64,0.34050583839416504,4
79.0,70.0,88.0,64,0.3405129909515381,4
84.0,68.0,83.0,64,0.34052085876464844,4
85.0,70.0,82.0,73,0.39122796058654785,7
82.0,71.0,83.0,88,0.5793778896331787,9
