z1,z2,z3,node,time,depth
-5366.0,-3849.0,-4368.0,1,0.002788066864013672,1
-5595.0,-3052.0,-4609.0,1,0.002791881561279297,1
-4921.0,-3615.0,-5576.0,1,0.0028040409088134766,1
-3447.0,-4663.0,-4423.0,2,0.005413055419921875,2
-4634.0,-3691.0,-5436.0,24,0.02138209342956543,14
-3447.0,-4219.0,-5206.0,243,0.14368391036987305,12
-5120.0,-2925.0,-5466.0,393,0.229888916015625,13
-4863.0,-2894.0,-5677.0,414,0.2426309585571289,12
-4876.0,-3864.0,-4365.0,586,0.34235501289367676,13
-4130.0,-4276.0,-4574.0,639,0.3694028854370117,12
-4193.0,-4251.0,-4214.0,793,0.4598970413208008,12
-4070.0,-4188.0,-4625.0,801,0.46428608894348145,11
-4130.0,-4031.0,-4913.0,806,0.4667649269104004,11
-5362.0,-3098.0,-4395.0,933,0.5440280437469482,12
-5308.0,-3128.0,-4469.0,1080,0.6344048976898193,13
-5109.0,-3818.0,-4579.0,1095,0.6437540054321289,5
-4044.0,-4353.0,-4982.0,1149,0.6732199192047119,12
-4790.0,-3941.0,-4773.0,1167,0.6834330558776855,12
-4727.0,-4165.0,-4689.0,1270,0.7370328903198242,11
-4683.0,-3792.0,-5000.0,1349,0.7830178737640381,12
-4620.0,-4016.0,-4916.0,1366,0.7933790683746338,11
-4107.0,-4328.0,-4622.0,1373,0.7997820377349854,6
-4044.0,-4552.0,-4538.0,1406,0.8213179111480713,11
-3103.0,-4696.0,-3683.0,1414,0.825160026550293,11
-4426.0,-3761.0,-5211.0,1439,0.8405900001525879,12
-4044.0,-4108.0,-5321.0,1480,0.8628048896789551,11
-4363.0,-3985.0,-5127.0,1516,0.8843889236450195,11
-3961.0,-4388.0,-4587.0,1518,0.8852570056915283,9
-5218.0,-2454.0,-4904.0,1560,0.9148149490356445,13
-5276.0,-3175.0,-4803.0,1567,0.9183940887451172,12
-5155.0,-2678.0,-4820.0,1586,0.9290928840637207,13
-5213.0,-3399.0,-4719.0,1596,0.934751033782959,11
-5019.0,-3144.0,-5014.0,1621,0.9548230171203613,12
-4956.0,-3368.0,-4930.0,1636,0.9639298915863037,11
-3831.0,-3815.0,-5384.0,1670,0.9965460300445557,11
