z1,z2,z3,node,time,depth
-44.0,-32.0,-38.0,1,0.0018808841705322266,1
-38.0,-38.0,-37.0,1,0.0019009113311767578,1
-38.0,-36.0,-41.0,3,0.005311012268066406,2
-31.0,-23.0,-44.0,6,0.009044885635375977,3
-38.0,-35.0,-42.0,106,0.06903696060180664,8
-43.0,-36.0,-34.0,112,0.07167792320251465,8
-32.0,-23.0,-43.0,158,0.09085988998413086,10
