z1,z2,z3,node,time,depth
-1762.0,-2644.0,-1160.0,1,0.001611948013305664,1
-2628.0,-2295.0,-1946.0,1,0.0016241073608398438,1
-2418.0,-2319.0,-1158.0,2,0.0030989646911621094,2
-3052.0,-1353.0,-2674.0,15,0.010180950164794922,11
-3226.0,-1921.0,-2017.0,90,0.04502105712890625,10
-3238.0,-1310.0,-1586.0,171,0.07943606376647949,10
-2695.0,-2239.0,-1916.0,225,0.10651206970214844,2
-2396.0,-1678.0,-2676.0,237,0.11385107040405273,11
-1396.0,-1856.0,-2232.0,266,0.12598013877868652,7
-1463.0,-1800.0,-2202.0,270,0.12790203094482422,8
-1727.0,-1917.0,-2067.0,274,0.1294701099395752,11
-1570.0,-2424.0,-1575.0,309,0.14485406875610352,5
-1912.0,-2345.0,-1502.0,328,0.15349102020263672,11
-1829.0,-2588.0,-1130.0,334,0.1565101146697998,5
-1637.0,-2368.0,-1545.0,335,0.15740203857421875,6
-2570.0,-2246.0,-2019.0,352,0.16510796546936035,6
-2454.0,-1727.0,-2603.0,353,0.16610407829284668,3
-2521.0,-1671.0,-2573.0,381,0.17996716499328613,6
-2785.0,-1788.0,-2438.0,401,0.18836402893066406,7
-2037.0,-2338.0,-1399.0,425,0.20212101936340332,6
