z1,z2,z3,node,time,depth
-26.0,-31.0,-27.0,1,0.0012199878692626953,1
-27.0,-31.0,-24.0,7,0.0081939697265625,3
-13.0,-27.0,-30.0,83,0.047837018966674805,7
-26.0,-33.0,-23.0,90,0.05161690711975098,7
-17.0,-28.0,-28.0,129,0.06785106658935547,8
-15.0,-30.0,-28.0,169,0.08268594741821289,9
-32.0,-33.0,-16.0,182,0.08761000633239746,9
-12.0,-29.0,-29.0,202,0.09375691413879395,10
-25.0,-33.0,-24.0,214,0.09788393974304199,10
-31.0,-33.0,-19.0,230,0.1023719310760498,11
