z1,z2,z3,node,time,depth
-12519.0,-15215.0,-12877.0,654,0.3169209957122803,10
-12723.0,-15182.0,-12932.0,747,0.36156702041625977,11
-13124.0,-14582.0,-13515.0,855,0.41408801078796387,9
-12837.0,-14903.0,-13175.0,889,0.43281102180480957,11
-13463.0,-14233.0,-13668.0,973,0.4774160385131836,11
-13484.0,-14041.0,-13573.0,983,0.48309803009033203,11
-13921.0,-13355.0,-14078.0,1001,0.4940919876098633,11
-13864.0,-13633.0,-14251.0,1005,0.4958381652832031,9
-12753.0,-15144.0,-13125.0,1015,0.502587080001831,11
-12978.0,-14919.0,-13085.0,1023,0.5075280666351318,11
-13358.0,-14511.0,-13763.0,1027,0.509404182434082,9
-13154.0,-14544.0,-13708.0,1046,0.5201470851898193,10
-12774.0,-14952.0,-13030.0,1047,0.5204901695251465,9
-13379.0,-14319.0,-13668.0,1048,0.5208151340484619,8
-13103.0,-14609.0,-13117.0,1167,0.5932919979095459,11
-13540.0,-13923.0,-13622.0,1170,0.5946061611175537,9
-13483.0,-14201.0,-13795.0,1173,0.595858097076416,9
-13561.0,-13731.0,-13527.0,1179,0.5989470481872559,11
-13504.0,-14009.0,-13700.0,1181,0.5997211933135986,9
-13941.0,-13323.0,-14205.0,1182,0.6000640392303467,8
-12222.0,-15542.0,-12471.0,1204,0.6135389804840088,10
-12252.0,-15504.0,-12664.0,1228,0.6276261806488037,10
-12477.0,-15279.0,-12624.0,1235,0.6318252086639404,11
-12857.0,-14871.0,-13302.0,1243,0.6357030868530273,9
-12138.0,-15783.0,-12421.0,1272,0.6580760478973389,10
-12363.0,-15558.0,-12381.0,1279,0.6625421047210693,11
-12743.0,-15150.0,-13059.0,1287,0.6665730476379395,9
-12539.0,-15183.0,-13004.0,1304,0.6760032176971436,10
-12159.0,-15591.0,-12326.0,1305,0.6764621734619141,9
-12794.0,-14920.0,-13157.0,1334,0.6932010650634766,10
-12773.0,-15112.0,-13252.0,1335,0.6936581134796143,9
-12393.0,-15520.0,-12574.0,1336,0.6940560340881348,8
-12998.0,-14887.0,-13212.0,1337,0.6944580078125,7
