z1,z2,z3,node,time,depth
-9087.0,-8781.0,-9431.0,1,0.0007688999176025391,1
-9017.0,-9019.0,-9698.0,2,0.0014088153839111328,2
-8685.0,-9244.0,-9813.0,6,0.0033388137817382812,3
