z1,z2,z3,node,time,depth
-6234.0,-7596.0,-7134.0,1,0.004559040069580078,1
-5451.0,-6923.0,-8333.0,1,0.0045909881591796875,1
-5969.0,-7469.0,-7937.0,1,0.004598140716552734,1
-6890.0,-6690.0,-6692.0,2,0.010024070739746094,2
-5365.0,-5728.0,-8538.0,3,0.015268087387084961,2
-4878.0,-6353.0,-8622.0,5,0.024827957153320312,3
-6476.0,-7330.0,-7073.0,6,0.029796123504638672,3
-5123.0,-5994.0,-8599.0,7,0.03496408462524414,3
-4631.0,-6569.0,-8539.0,9,0.043504953384399414,4
-6383.0,-6829.0,-7556.0,11,0.05161309242248535,4
-5814.0,-6672.0,-8019.0,34,0.11487102508544922,5
-6625.0,-6563.0,-7495.0,53,0.14137697219848633,6
-5296.0,-6126.0,-8415.0,279,0.3903059959411621,8
-6452.0,-6431.0,-7679.0,382,0.47747206687927246,8
-5626.0,-5098.0,-8339.0,483,0.5555341243743896,9
-5384.0,-5364.0,-8400.0,851,0.8053760528564453,10
-6144.0,-5644.0,-7943.0,1015,0.9132921695709229,10
-5451.0,-7360.0,-7980.0,1444,1.1512291431427002,12
-5716.0,-7487.0,-7177.0,1450,1.1532561779022217,12
-6006.0,-6058.0,-7801.0,1470,1.163025140762329,12
-6597.0,-6765.0,-6748.0,1480,1.1666030883789062,12
-6842.0,-6843.0,-6372.0,1634,1.2524280548095703,12
-4605.0,-5885.0,-8642.0,1804,1.342529058456421,13
-6088.0,-7198.0,-7153.0,1854,1.3696329593658447,13
-6595.0,-7059.0,-6289.0,1872,1.3787610530853271,13
-6577.0,-6716.0,-7175.0,1888,1.3859341144561768,13
-5746.0,-6208.0,-8248.0,2008,1.4440791606903076,14
-5453.0,-6283.0,-8304.0,2012,1.4455130100250244,14
-6090.0,-6904.0,-7612.0,2026,1.4514410495758057,14
-6233.0,-6020.0,-7811.0,2086,1.4801201820373535,14
-5988.0,-5942.0,-8187.0,2140,1.5074670314788818,15
-5696.0,-7001.0,-7957.0,2168,1.520531177520752,15
-6870.0,-6641.0,-7119.0,2180,1.525947093963623,15
-6665.0,-5954.0,-7160.0,2190,1.5298590660095215,15
-6159.0,-6506.0,-7735.0,2200,1.5341970920562744,15
-6335.0,-6982.0,-7236.0,2204,1.5359749794006348,15
-5672.0,-6694.0,-8172.0,2228,1.547443151473999,16
