z1,z2,z3,node,time,depth
21927.0,24337.0,24895.0,1,0.023108959197998047,1
25377.0,22741.0,22111.0,1,0.02312302589416504,1
22975.0,23606.0,22463.0,1,0.023138046264648438,1
22754.0,24867.0,23942.0,5,0.10508608818054199,3
