z1,z2,z3,node,time,depth
9452.0,4298.0,8978.0,1,0.03706789016723633,1
4868.0,11499.0,4017.0,1,0.037075042724609375,1
6907.0,5825.0,7367.0,1,0.03708291053771973,1
5435.0,7579.0,4891.0,1,0.03709006309509277,1
5703.0,6960.0,6162.0,1,0.03709697723388672,1
12782.0,4048.0,11389.0,1,0.03710508346557617,1
4531.0,8354.0,4343.0,1,0.03712010383605957,1
4377.0,11857.0,4354.0,1,0.03713488578796387,1
4553.0,11755.0,4213.0,1,0.037142038345336914,1
4632.0,11745.0,4152.0,1,0.037149906158447266,1
4789.0,11509.0,4078.0,2,0.06123709678649902,2
4613.0,11611.0,4219.0,3,0.09035706520080566,3
4692.0,11601.0,4158.0,50,0.501910924911499,6
4456.0,11847.0,4293.0,50,0.5019259452819824,6
12651.0,4153.0,11263.0,148,1.647834062576294,4
12130.0,4160.0,12548.0,148,1.6478569507598877,4
12290.0,4258.0,12354.0,151,1.7218101024627686,6
12598.0,4291.0,11541.0,207,2.2717559337615967,11
12638.0,4251.0,11641.0,280,3.081239938735962,6
8798.0,4747.0,8659.0,323,3.5424880981445312,3
