z1,z2,z3,node,time,depth
-3166.0,-2369.0,-1954.0,1,0.0014829635620117188,1
-3114.0,-2310.0,-2479.0,1,0.0014841556549072266,1
-1474.0,-2157.0,-2871.0,62,0.02920699119567871,11
-1181.0,-1955.0,-3049.0,63,0.029569149017333984,10
-2747.0,-2591.0,-2344.0,125,0.05900216102600098,7
-2774.0,-2591.0,-1950.0,145,0.07133603096008301,7
-2813.0,-2596.0,-1870.0,147,0.07289910316467285,5
-2640.0,-2730.0,-2280.0,162,0.08160996437072754,6
-1548.0,-1674.0,-3184.0,163,0.08250999450683594,2
-1260.0,-2437.0,-2867.0,164,0.08404207229614258,3
-1449.0,-2098.0,-3002.0,196,0.10246896743774414,11
-1156.0,-1896.0,-3180.0,197,0.10282707214355469,10
-2722.0,-2532.0,-2475.0,222,0.11859703063964844,6
-1195.0,-1901.0,-3100.0,224,0.12065315246582031,4
-1488.0,-2103.0,-2922.0,224,0.12065410614013672,4
-2761.0,-2537.0,-2395.0,224,0.12065601348876953,4
-1841.0,-1876.0,-3006.0,254,0.1428680419921875,5
-2588.0,-2671.0,-2805.0,269,0.15065503120422363,5
