z1,z2,z3,node,time,depth
22404.0,19552.0,20614.0,1,0.014574050903320312,1
25293.0,20251.0,19398.0,1,0.014584064483642578,1
19811.0,22282.0,21491.0,1,0.01459503173828125,1
20626.0,20608.0,20004.0,1,0.014605998992919922,1
21157.0,20607.0,23176.0,6,0.06830692291259766,4
22193.0,20339.0,21972.0,7,0.08555412292480469,4
20605.0,21684.0,22528.0,27,0.23055601119995117,9
