z1,z2,z3,node,time,depth
78.0,64.0,69.0,1,0.06093096733093262,1
91.0,52.0,93.0,1,0.06094193458557129,1
65.0,72.0,73.0,1,0.060951948165893555,1
76.0,64.0,73.0,1,0.06096196174621582,1
58.0,80.0,54.0,1,0.06100201606750488,1
57.0,121.0,50.0,2,0.14956998825073242,2
66.0,77.0,66.0,4,0.232496976852417,3
67.0,107.0,53.0,5,0.2528109550476074,3
57.0,107.0,58.0,5,0.2528510093688965,3
