z1,z2,z3,node,time,depth
-29.0,-37.0,-25.0,11,0.016198158264160156,4
-21.0,-40.0,-21.0,32,0.040531158447265625,6
-17.0,-48.0,-12.0,68,0.06624507904052734,7
-24.0,-31.0,-30.0,146,0.10587096214294434,8
-29.0,-35.0,-27.0,180,0.11884212493896484,8
-24.0,-39.0,-22.0,238,0.1429920196533203,8
-25.0,-43.0,-18.0,272,0.15737104415893555,9
-22.0,-43.0,-19.0,280,0.16022706031799316,9
-33.0,-28.0,-34.0,296,0.1659259796142578,9
-20.0,-47.0,-13.0,314,0.1717681884765625,9
-25.0,-42.0,-20.0,316,0.17238616943359375,9
-17.0,-47.0,-14.0,318,0.17334413528442383,9
-32.0,-26.0,-36.0,336,0.17940902709960938,10
-26.0,-34.0,-28.0,340,0.18109416961669922,10
-36.0,-19.0,-40.0,342,0.18165802955627441,10
-29.0,-33.0,-29.0,352,0.1845250129699707,10
-21.0,-38.0,-23.0,354,0.18512916564941406,10
-27.0,-30.0,-31.0,356,0.18572306632995605,10
