z1,z2,z3,node,time,depth
-32.0,-16.0,-32.0,1,0.0014069080352783203,1
-28.0,-19.0,-32.0,7,0.008810043334960938,3
-24.0,-23.0,-33.0,16,0.018464088439941406,5
-21.0,-24.0,-33.0,25,0.026489973068237305,5
-30.0,-17.0,-34.0,32,0.03217887878417969,6
-22.0,-25.0,-31.0,44,0.04126405715942383,6
-26.0,-19.0,-33.0,72,0.058676958084106445,7
-26.0,-22.0,-31.0,98,0.07256388664245605,8
-33.0,-11.0,-23.0,126,0.08327102661132812,10
