z1,z2,z3,node,time,depth
-24.0,-31.0,-28.0,1,0.0015001296997070312,1
-25.0,-33.0,-27.0,1,0.0015020370483398438,1
-19.0,-36.0,-18.0,1,0.0015101432800292969,1
-30.0,-29.0,-23.0,43,0.01989293098449707,9
-23.0,-34.0,-16.0,121,0.05004596710205078,8
-18.0,-34.0,-25.0,146,0.06133413314819336,3
-12.0,-31.0,-29.0,167,0.07064104080200195,8
-21.0,-35.0,-16.0,177,0.07595610618591309,5
-26.0,-31.0,-25.0,182,0.07828497886657715,8
-20.0,-34.0,-22.0,193,0.08552694320678711,8
