z1,z2,z3,node,time,depth
22895.0,21149.0,22795.0,1,0.02544999122619629,1
23832.0,23196.0,21969.0,1,0.02546095848083496,1
23089.0,22196.0,22029.0,1,0.025471925735473633,1
21738.0,22859.0,23417.0,1,0.025482892990112305,1
22295.0,23824.0,22816.0,1,0.025495052337646484,1
22226.0,22201.0,23518.0,4,0.09678792953491211,3
24087.0,22116.0,22491.0,4,0.09680986404418945,3
22514.0,21921.0,24162.0,4,0.0968630313873291,3
22656.0,23075.0,22480.0,22,0.290726900100708,8
