z1,z2,z3,node,time,depth
-14061.0,-15066.0,-14189.0,1,0.0020749568939208984,1
-15159.0,-13867.0,-13896.0,1,0.0020761489868164062,1
-14427.0,-14267.0,-14524.0,192,0.10246109962463379,8
-14829.0,-14207.0,-14409.0,310,0.16405606269836426,8
-15000.0,-14272.0,-14043.0,370,0.19688796997070312,8
-14982.0,-14001.0,-14371.0,380,0.20333003997802734,6
-14865.0,-14363.0,-14178.0,422,0.22367310523986816,8
-14180.0,-14366.0,-14384.0,423,0.22402310371398926,7
