z1,z2,z3,node,time,depth
-3786.0,-3751.0,-3080.0,1,0.0016651153564453125,1
-3792.0,-3738.0,-3117.0,1,0.0016660690307617188,1
-3388.0,-3306.0,-3897.0,12,0.011667966842651367,4
-3322.0,-3396.0,-3766.0,46,0.03138303756713867,6
-3382.0,-3319.0,-3860.0,47,0.03193807601928711,6
-3155.0,-3410.0,-3780.0,60,0.03901505470275879,7
-2751.0,-2978.0,-4560.0,204,0.09116005897521973,9
-3293.0,-4039.0,-3234.0,234,0.09980416297912598,10
-2889.0,-3607.0,-4014.0,246,0.10302615165710449,10
