z1,z2,z3,node,time,depth
-74.0,-26.0,-69.0,1,0.0019388198852539062,1
-51.0,-48.0,-54.0,1,0.001956939697265625,1
-55.0,-44.0,-50.0,9,0.015177011489868164,4
-41.0,-49.0,-46.0,13,0.020222902297973633,4
-42.0,-49.0,-44.0,27,0.040016889572143555,5
-67.0,-32.0,-63.0,37,0.05144691467285156,6
-60.0,-40.0,-56.0,38,0.05242204666137695,6
-61.0,-38.0,-58.0,39,0.05334281921386719,6
-62.0,-38.0,-56.0,39,0.05334591865539551,6
-22.0,-56.0,-22.0,59,0.07168292999267578,6
-68.0,-33.0,-62.0,64,0.07640981674194336,7
-66.0,-32.0,-64.0,120,0.11488604545593262,8
-52.0,-47.0,-54.0,156,0.1385350227355957,8
-61.0,-39.0,-56.0,224,0.1787090301513672,9
-59.0,-42.0,-58.0,242,0.186600923538208,9
-59.0,-41.0,-60.0,338,0.23394393920898438,10
-60.0,-39.0,-57.0,396,0.26192784309387207,11
-53.0,-47.0,-52.0,430,0.27434396743774414,11
-62.0,-39.0,-54.0,470,0.29153990745544434,12
-30.0,-53.0,-29.0,532,0.3168208599090576,13
-39.0,-52.0,-39.0,534,0.31752586364746094,13
-40.0,-52.0,-37.0,546,0.32237792015075684,13
-55.0,-45.0,-49.0,578,0.334367036819458,15
-41.0,-51.0,-37.0,582,0.33599400520324707,15
-42.0,-50.0,-34.0,588,0.33820390701293945,15
