z1,z2,z3,node,time,depth
24078.0,23494.0,24824.0,1,0.06530499458312988,1
24286.0,22896.0,25351.0,1,0.06531882286071777,1
23315.0,25568.0,23754.0,1,0.06534695625305176,1
24923.0,24133.0,22759.0,1,0.06536102294921875,1
22728.0,24559.0,25572.0,1,0.06537485122680664,1
25334.0,23910.0,24164.0,8,0.3138699531555176,3
26023.0,23274.0,24684.0,10,0.39703798294067383,4
24861.0,25128.0,23625.0,21,1.0303640365600586,6
23120.0,25248.0,25017.0,31,1.7753269672393799,10
