z1,z2,z3,node,time,depth
23825.0,22359.0,21382.0,1,0.023793935775756836,1
22477.0,21924.0,22822.0,1,0.0238039493560791,1
22102.0,24578.0,20977.0,1,0.023814916610717773,1
21801.0,24765.0,21568.0,1,0.023825883865356445,1
21891.0,22334.0,23510.0,1,0.023836851119995117,1
21889.0,23395.0,23005.0,3,0.05651402473449707,2
22388.0,24008.0,22022.0,13,0.12765288352966309,4
