z1,z2,z3,node,time,depth
-11795.0,-14289.0,-11027.0,1,0.006276130676269531,1
-13591.0,-13028.0,-14072.0,1,0.006279945373535156,1
-14258.0,-11339.0,-14099.0,1,0.006284952163696289,1
-13864.0,-11802.0,-14365.0,1,0.006289005279541016,1
-13792.0,-13331.0,-12957.0,1,0.0062940120697021484,1
-13866.0,-13462.0,-12243.0,1,0.006298065185546875,1
-14415.0,-10517.0,-12306.0,1,0.006303071975708008,1
-14323.0,-12860.0,-12413.0,1,0.006308078765869141,1
-14410.0,-12021.0,-13610.0,1,0.006312131881713867,1
-12008.0,-14173.0,-11990.0,1,0.006315946578979492,1
-13058.0,-13949.0,-12577.0,1,0.006320953369140625,1
-12541.0,-14106.0,-12095.0,1,0.0063250064849853516,1
-11489.0,-10435.0,-14633.0,1,0.006330013275146484,1
-12982.0,-11314.0,-14502.0,1,0.006334066390991211,1
-14001.0,-12879.0,-13066.0,2,0.011553049087524414,2
-13546.0,-13415.0,-12531.0,4,0.018703937530517578,4
-13859.0,-13209.0,-12928.0,14,0.06123208999633789,5
-14008.0,-13132.0,-12381.0,14,0.061251163482666016,5
-13367.0,-13603.0,-12476.0,60,0.19851994514465332,3
-13443.0,-13425.0,-12421.0,61,0.20343399047851562,4
-12312.0,-14132.0,-11509.0,71,0.23273205757141113,5
-12261.0,-13568.0,-12660.0,80,0.2503931522369385,7
-11331.0,-14195.0,-11525.0,142,0.44432497024536133,6
-12338.0,-14133.0,-10929.0,142,0.4444119930267334,6
-14070.0,-12628.0,-13222.0,185,0.6124060153961182,2
-13420.0,-13233.0,-13541.0,185,0.6124410629272461,2
-12664.0,-13503.0,-13246.0,185,0.612450122833252,2
-13794.0,-11961.0,-14171.0,187,0.6280591487884521,4
-12825.0,-11526.0,-14369.0,189,0.63714599609375,6
-11964.0,-10678.0,-14512.0,222,0.7712850570678711,6
-11513.0,-10537.0,-14542.0,264,0.8833451271057129,11
-13871.0,-12055.0,-13680.0,283,1.0257911682128906,5
-13801.0,-12214.0,-13486.0,299,1.059225082397461,6
-14239.0,-12226.0,-13079.0,314,1.0952420234680176,5
-13739.0,-12367.0,-13942.0,337,1.1659140586853027,3
-12165.0,-12321.0,-14246.0,337,1.1659541130065918,3
-14061.0,-12348.0,-13289.0,337,1.1659679412841797,3
-12008.0,-12533.0,-14113.0,340,1.1761741638183594,6
-12541.0,-13252.0,-13485.0,343,1.1812100410461426,8
-12772.0,-13398.0,-12776.0,371,1.2428441047668457,6
-12964.0,-13154.0,-13629.0,374,1.2479979991912842,9
-12680.0,-13236.0,-13151.0,414,1.3425381183624268,6
-12745.0,-13272.0,-13074.0,414,1.3425569534301758,6
-12920.0,-13332.0,-12899.0,437,1.4190151691436768,4
-13604.0,-12950.0,-13119.0,437,1.41902494430542,4
-13597.0,-12697.0,-13804.0,449,1.459179162979126,7
-13746.0,-12620.0,-13257.0,449,1.4591929912567139,7
