z1,z2,z3,node,time,depth
75.0,50.0,78.0,1,0.005568981170654297,1
66.0,64.0,69.0,1,0.00557398796081543,1
64.0,81.0,53.0,1,0.005578041076660156,1
73.0,69.0,51.0,1,0.005583047866821289,1
56.0,76.0,67.0,1,0.005588054656982422,1
66.0,71.0,66.0,4,0.03429603576660156,3
71.0,75.0,60.0,8,0.06856489181518555,4
68.0,74.0,62.0,14,0.11539506912231445,5
