z1,z2,z3,node,time,depth
-7331.0,-11191.0,-7000.0,9,0.0036439895629882812,4
-7862.0,-10641.0,-7880.0,9,0.0036449432373046875,4
