z1,z2,z3,node,time,depth
22644.0,19323.0,22970.0,1,0.016461849212646484,1
18784.0,23913.0,19111.0,1,0.016473054885864258,1
20176.0,22776.0,19702.0,1,0.01648402214050293,1
19499.0,22870.0,19824.0,1,0.016494035720825195,1
22628.0,19520.0,22497.0,1,0.016505002975463867,1
20639.0,22199.0,20369.0,4,0.07851195335388184,3
21190.0,21428.0,21658.0,20,0.19985103607177734,5
22389.0,20489.0,22232.0,42,0.3751239776611328,7
22029.0,21467.0,21649.0,68,0.6045019626617432,9
