z1,z2,z3,node,time,depth
-13718.0,-12963.0,-12632.0,1,0.0021619796752929688,1
-13222.0,-12950.0,-12730.0,207,0.11429786682128906,4
-12128.0,-11334.0,-12881.0,379,0.2117459774017334,9
