z1,z2,z3,node,time,depth
-9181.0,-8396.0,-7731.0,1,0.0007319450378417969,1
-8359.0,-8769.0,-8590.0,5,0.0031409263610839844,3
-9022.0,-8165.0,-8420.0,16,0.009057998657226562,5
-8594.0,-8680.0,-8436.0,34,0.01828789710998535,6
-9045.0,-8053.0,-8153.0,35,0.018661975860595703,6
