z1,z2,z3,node,time,depth
-31.0,-28.0,-23.0,1,0.001336812973022461,1
-29.0,-30.0,-25.0,1,0.0013380050659179688,1
-25.0,-29.0,-30.0,4,0.004375934600830078,3
-27.0,-27.0,-28.0,21,0.016237974166870117,5
-25.0,-31.0,-27.0,30,0.0217130184173584,6
-26.0,-29.0,-28.0,34,0.024158000946044922,6
