z1,z2,z3,node,time,depth
-20757.0,-18068.0,-20872.0,1,0.0008151531219482422,1
-20879.0,-17916.0,-21069.0,2,0.0015780925750732422,2
-20856.0,-17689.0,-21205.0,11,0.011748075485229492,4
-21639.0,-17334.0,-21689.0,220,0.14073705673217773,10
