z1,z2,z3,node,time,depth
-21.0,-40.0,-28.0,1,0.0020411014556884766,1
-29.0,-35.0,-24.0,1,0.002051115036010742,1
-14.0,-25.0,-34.0,93,0.05356407165527344,10
-20.0,-17.0,-34.0,112,0.06335711479187012,7
-24.0,-32.0,-32.0,185,0.10057401657104492,2
-30.0,-25.0,-18.0,269,0.14888310432434082,10
-28.0,-34.0,-27.0,302,0.16702604293823242,6
-22.0,-38.0,-30.0,303,0.16741204261779785,5
