z1,z2,z3,node,time,depth
17838.0,20652.0,19589.0,1,0.014822006225585938,1
20783.0,18691.0,19543.0,1,0.014829874038696289,1
21018.0,19179.0,18550.0,1,0.014837026596069336,1
19596.0,18739.0,20478.0,1,0.014844894409179688,1
17774.0,19683.0,20518.0,1,0.014852046966552734,1
18946.0,19280.0,20131.0,1,0.014859914779663086,1
20990.0,18863.0,19025.0,1,0.014866828918457031,1
18405.0,20302.0,19932.0,9,0.07886290550231934,5
18860.0,19558.0,20105.0,9,0.07887101173400879,5
