z1,z2,z3,node,time,depth
7130.0,3842.0,7335.0,1,0.005961894989013672,1
6002.0,5374.0,5540.0,1,0.005966901779174805,1
3659.0,6976.0,4033.0,1,0.005978822708129883,1
3810.0,10330.0,3882.0,2,0.012008905410766602,2
4686.0,9904.0,3900.0,3,0.019272804260253906,2
4701.0,9770.0,3889.0,3,0.01927781105041504,2
4473.0,6834.0,4497.0,3,0.01930689811706543,2
5627.0,5346.0,5784.0,4,0.034512996673583984,3
4581.0,6328.0,5101.0,4,0.03455495834350586,3
3780.0,10203.0,3942.0,17,0.1600189208984375,5
