z1,z2,z3,node,time,depth
90.0,106.0,81.0,1,0.04542708396911621,1
75.0,92.0,101.0,1,0.04544806480407715,1
96.0,84.0,93.0,1,0.04545903205871582,1
103.0,91.0,78.0,1,0.045469045639038086,1
102.0,79.0,96.0,1,0.04550004005432129,1
105.0,86.0,90.0,2,0.08855795860290527,2
101.0,97.0,81.0,69,2.702486038208008,4
113.0,81.0,94.0,69,2.702538013458252,4
92.0,103.0,88.0,121,5.421203136444092,10
90.0,87.0,98.0,131,5.908210039138794,11
89.0,91.0,135.0,158,7.115823030471802,16
