z1,z2,z3,node,time,depth
26282.0,24040.0,27391.0,1,0.07250308990478516,1
26307.0,24387.0,26040.0,1,0.07251787185668945,1
24250.0,25961.0,26636.0,1,0.07253193855285645,1
25500.0,24927.0,26058.0,1,0.07254600524902344,1
27906.0,24807.0,23818.0,1,0.07256007194519043,1
24612.0,27595.0,25260.0,1,0.07257390022277832,1
24225.0,26158.0,26889.0,1,0.0726020336151123,1
24202.0,27367.0,25474.0,1,0.07262992858886719,1
25327.0,26370.0,25811.0,37,2.8775100708007812,6
26953.0,25433.0,24722.0,53,4.268707036972046,8
25498.0,24891.0,27380.0,67,5.224750995635986,14
25348.0,25438.0,27049.0,67,5.225069999694824,14
