z1,z2,z3,node,time,depth
130.0,117.0,67.0,1,0.0757298469543457,1
128.0,118.0,67.0,1,0.07574081420898438,1
105.0,96.0,69.0,1,0.07577204704284668,1
89.0,115.0,80.0,1,0.07578182220458984,1
92.0,100.0,82.0,1,0.07580304145812988,1
83.0,107.0,90.0,1,0.07581400871276855,1
85.0,86.0,97.0,1,0.07587504386901855,1
80.0,122.0,120.0,2,0.1079258918762207,2
80.0,125.0,119.0,2,0.10793590545654297,2
81.0,119.0,121.0,33,1.1787760257720947,6
82.0,128.0,115.0,33,1.178879976272583,6
82.0,120.0,117.0,33,1.1788909435272217,6
82.0,123.0,116.0,33,1.178900957107544,6
93.0,94.0,93.0,113,4.094221830368042,2
101.0,90.0,88.0,113,4.094243049621582,2
127.0,120.0,68.0,133,5.162264823913574,9
130.0,116.0,68.0,133,5.162307024002075,9
128.0,117.0,68.0,133,5.162338972091675,9
99.0,97.0,77.0,159,6.16454291343689,3
103.0,92.0,87.0,174,7.233270883560181,7
99.0,90.0,93.0,177,7.534559965133667,8
