z1,z2,z3,node,time,depth
-50.0,-40.0,-59.0,323,0.14023995399475098,10
-43.0,-42.0,-65.0,420,0.18607306480407715,12
-49.0,-43.0,-59.0,465,0.20572710037231445,14
-47.0,-43.0,-63.0,528,0.23300600051879883,9
-48.0,-46.0,-60.0,570,0.25461602210998535,12
-54.0,-47.0,-54.0,661,0.2950320243835449,14
-52.0,-49.0,-55.0,673,0.30084991455078125,12
-52.0,-47.0,-58.0,700,0.31240200996398926,9
-46.0,-48.0,-61.0,746,0.3344259262084961,5
-50.0,-49.0,-58.0,759,0.3405740261077881,9
