z1,z2,z3,node,time,depth
-45.0,-31.0,-33.0,19,0.017300128936767578,5
-46.0,-29.0,-34.0,19,0.017302989959716797,5
-39.0,-21.0,-36.0,32,0.025661945343017578,6
-33.0,-23.0,-37.0,49,0.03466796875,6
-32.0,-25.0,-36.0,49,0.03466916084289551,6
-37.0,-21.0,-39.0,64,0.042619943618774414,7
-46.0,-32.0,-32.0,72,0.04649710655212402,7
-47.0,-31.0,-30.0,73,0.04724597930908203,7
-48.0,-29.0,-31.0,73,0.04724907875061035,7
-31.0,-26.0,-37.0,93,0.05691194534301758,7
-30.0,-28.0,-36.0,93,0.056913137435913086,7
-33.0,-22.0,-40.0,226,0.11069107055664062,9
-45.0,-34.0,-28.0,270,0.12546110153198242,10
-41.0,-32.0,-34.0,296,0.1335890293121338,10
-44.0,-36.0,-27.0,312,0.13811802864074707,11
-29.0,-33.0,-30.0,314,0.13867616653442383,11
-42.0,-30.0,-35.0,322,0.140822172164917,11
