z1,z2,z3,node,time,depth
-20493.0,-21514.0,-21024.0,1,0.0005848407745361328,1
-20509.0,-21484.0,-21061.0,2,0.0013949871063232422,2
-20497.0,-21070.0,-21133.0,2,0.0013968944549560547,2
-20481.0,-21100.0,-21096.0,98,0.04990792274475098,5
-20616.0,-20817.0,-21238.0,139,0.0715949535369873,8
