z1,z2,z3,node,time,depth
25579.0,24055.0,27029.0,1,0.03834700584411621,1
27231.0,25215.0,25073.0,1,0.0383610725402832,1
24910.0,25324.0,26295.0,1,0.038375139236450195,1
28540.0,26347.0,23627.0,1,0.03838920593261719,1
26953.0,26374.0,24608.0,1,0.03840303421020508,1
27007.0,25417.0,25472.0,16,0.962658166885376,5
26020.0,25640.0,25751.0,24,1.6055490970611572,6
25878.0,26106.0,26072.0,30,1.9141290187835693,8
25444.0,25027.0,26803.0,33,2.0250701904296875,9
26238.0,25293.0,26722.0,38,2.592745065689087,12
