z1,z2,z3,node,time,depth
-45.0,-39.0,-28.0,1,0.0013051033020019531,1
-41.0,-35.0,-38.0,1,0.0013079643249511719,1
-43.0,-39.0,-30.0,2,0.0025620460510253906,2
-45.0,-36.0,-34.0,19,0.0106201171875,9
-44.0,-37.0,-33.0,37,0.01913309097290039,9
-27.0,-40.0,-27.0,94,0.044448137283325195,11
-29.0,-40.0,-25.0,128,0.05881905555725098,11
