z1,z2,z3,node,time,depth
-58.0,-52.0,-57.0,77,0.04339194297790527,14
-55.0,-43.0,-58.0,90,0.0512690544128418,8
-46.0,-59.0,-61.0,566,0.304210901260376,13
-39.0,-60.0,-60.0,582,0.3141520023345947,13
-44.0,-48.0,-64.0,598,0.32286906242370605,15
-47.0,-55.0,-63.0,627,0.3387300968170166,12
-51.0,-40.0,-62.0,698,0.3859870433807373,9
-46.0,-42.0,-64.0,726,0.40151500701904297,15
-49.0,-49.0,-63.0,751,0.41460490226745605,12
-54.0,-49.0,-61.0,821,0.4548220634460449,12
-44.0,-60.0,-58.0,875,0.4851341247558594,10
-52.0,-55.0,-61.0,899,0.4989449977874756,10
-53.0,-55.0,-55.0,906,0.5069589614868164,7
-48.0,-61.0,-49.0,1079,0.6205101013183594,12
-47.0,-61.0,-51.0,1107,0.6349859237670898,10
-55.0,-56.0,-54.0,1133,0.649122953414917,10
-54.0,-53.0,-58.0,1235,0.7186310291290283,10
-45.0,-60.0,-57.0,1248,0.7277750968933105,13
-44.0,-64.0,-55.0,1266,0.737328052520752,11
-50.0,-60.0,-55.0,1285,0.74851393699646,10
-52.0,-59.0,-58.0,1304,0.7589540481567383,9
