z1,z2,z3,node,time,depth
-22037.0,-21492.0,-18984.0,1,0.0007190704345703125,1
-22022.0,-20881.0,-19515.0,378,0.16565513610839844,3
-22065.0,-21459.0,-18931.0,421,0.1824510097503662,3
-22050.0,-20848.0,-19462.0,422,0.18306922912597656,4
-22056.0,-20830.0,-19358.0,471,0.20524811744689941,10
