z1,z2,z3,node,time,depth
-9087.0,-8781.0,-9431.0,1,0.0007839202880859375,1
-8685.0,-9244.0,-9813.0,3,0.0021049976348876953,2
-9017.0,-9019.0,-9698.0,3,0.002107858657836914,2
