z1,z2,z3,node,time,depth
-49.0,-21.0,-48.0,1,0.0006289482116699219,1
-49.0,-19.0,-50.0,2,0.0012049674987792969,2
-53.0,-17.0,-53.0,31,0.013050079345703125,7
-56.0,-15.0,-53.0,51,0.020010948181152344,7
-56.0,-13.0,-55.0,54,0.020898103713989258,6
-55.0,-15.0,-56.0,61,0.022999048233032227,5
