z1,z2,z3,node,time,depth
-43.0,-22.0,-21.0,1,0.001255035400390625,1
-36.0,-22.0,-24.0,11,0.012225866317749023,4
-40.0,-20.0,-23.0,11,0.012227058410644531,4
-40.0,-24.0,-22.0,18,0.019611835479736328,5
-36.0,-20.0,-30.0,64,0.04998493194580078,7
-39.0,-19.0,-28.0,78,0.056810855865478516,7
-40.0,-18.0,-29.0,96,0.06561493873596191,8
-43.0,-17.0,-27.0,106,0.06980490684509277,8
-32.0,-27.0,-11.0,120,0.07489204406738281,9
-31.0,-11.0,-31.0,128,0.07791805267333984,9
-30.0,-9.0,-33.0,146,0.08471488952636719,10
-26.0,-15.0,-31.0,150,0.08602690696716309,10
-36.0,-26.0,-10.0,160,0.08865904808044434,11
-35.0,-25.0,-14.0,162,0.08928298950195312,11
