z1,z2,z3,node,time,depth
65.0,72.0,74.0,1,0.1567831039428711,1
69.0,66.0,74.0,1,0.15679407119750977,1
82.0,62.0,63.0,1,0.15680408477783203,1
102.0,110.0,51.0,1,0.15682506561279297,1
71.0,76.0,64.0,1,0.1568460464477539,1
72.0,55.0,88.0,1,0.15693998336791992,1
64.0,87.0,70.0,1,0.15700197219848633,1
61.0,67.0,84.0,1,0.1570119857788086,1
82.0,77.0,59.0,1,0.15715599060058594,1
92.0,53.0,82.0,1,0.15717697143554688,1
98.0,101.0,57.0,3,0.34772801399230957,2
100.0,99.0,57.0,3,0.3477480411529541,2
99.0,96.0,58.0,12,1.11741304397583,4
97.0,98.0,58.0,12,1.1174230575561523,4
107.0,96.0,56.0,26,2.516145944595337,6
106.0,93.0,57.0,26,2.5162301063537598,6
105.0,98.0,56.0,26,2.51631498336792,6
104.0,95.0,57.0,26,2.516329050064087,6
71.0,73.0,72.0,35,3.187096118927002,7
100.0,104.0,54.0,38,3.2783920764923096,7
90.0,111.0,56.0,38,3.278463125228882,7
81.0,113.0,62.0,38,3.2784769535064697,7
97.0,108.0,53.0,38,3.2785189151763916,7
75.0,64.0,75.0,47,3.8012819290161133,8
95.0,113.0,54.0,54,4.003802061080933,8
105.0,106.0,52.0,55,4.061790943145752,8
93.0,107.0,57.0,72,4.630826950073242,9
75.0,71.0,71.0,82,4.902101993560791,10
62.0,109.0,83.0,83,5.00724196434021,10
111.0,99.0,55.0,98,5.261465072631836,10
89.0,111.0,57.0,110,5.983649015426636,11
89.0,110.0,58.0,111,5.992491960525513,11
94.0,113.0,55.0,113,6.054840087890625,11
97.0,104.0,57.0,132,6.747021913528442,12
92.0,107.0,58.0,133,6.7808990478515625,12
105.0,91.0,58.0,136,6.8160319328308105,12
103.0,93.0,58.0,136,6.816051959991455,12
96.0,104.0,58.0,155,7.189460039138794,13
103.0,101.0,56.0,156,7.208585023880005,13
99.0,104.0,55.0,157,7.241897106170654,13
108.0,103.0,54.0,159,7.266398906707764,13
104.0,51.0,105.0,181,7.807980060577393,15
59.0,95.0,102.0,181,7.80806303024292,15
59.0,97.0,97.0,181,7.808073043823242,15
104.0,106.0,53.0,192,7.922441005706787,15
102.0,52.0,104.0,197,8.123049020767212,16
96.0,108.0,54.0,202,8.175437927246094,16
107.0,103.0,55.0,205,8.225075960159302,16
101.0,110.0,52.0,223,8.489917039871216,17
60.0,92.0,100.0,266,9.105683088302612,21
60.0,98.0,96.0,281,9.235108137130737,23
60.0,90.0,105.0,288,9.260354995727539,24
