z1,z2,z3,node,time,depth
63.0,75.0,69.0,1,0.03561806678771973,1
48.0,125.0,50.0,1,0.0356290340423584,1
64.0,83.0,56.0,1,0.03564000129699707,1
85.0,52.0,94.0,1,0.035651206970214844,1
89.0,61.0,81.0,1,0.035662174224853516,1
50.0,124.0,48.0,1,0.03567314147949219,1
51.0,125.0,47.0,1,0.03568315505981445,1
53.0,95.0,52.0,1,0.035694122314453125,1
52.0,119.0,56.0,3,0.07294607162475586,3
55.0,117.0,51.0,3,0.0729990005493164,3
56.0,118.0,50.0,3,0.07303214073181152,3
49.0,126.0,49.0,36,0.4547719955444336,6
76.0,72.0,70.0,81,1.00447416305542,2
113.0,50.0,119.0,100,1.394491195678711,4
82.0,58.0,92.0,135,1.8769161701202393,4
123.0,51.0,117.0,136,1.8866112232208252,5
88.0,60.0,85.0,149,2.1148040294647217,5
72.0,69.0,77.0,179,2.8015151023864746,6
76.0,68.0,78.0,193,3.0825860500335693,7
