z1,z2,z3,node,time,depth
-87.0,-75.0,-79.0,1,0.0040590763092041016,1
-70.0,-87.0,-72.0,1,0.004078865051269531,1
-72.0,-86.0,-74.0,2,0.008249998092651367,2
-73.0,-82.0,-81.0,3,0.011656999588012695,3
-79.0,-81.0,-77.0,3,0.011658906936645508,3
-77.0,-80.0,-83.0,720,0.7054109573364258,12
-80.0,-79.0,-80.0,721,0.7080168724060059,5
-81.0,-81.0,-73.0,799,0.8122389316558838,4
-79.0,-80.0,-79.0,1004,1.0474228858947754,12
-82.0,-79.0,-76.0,1005,1.0495538711547852,7
-77.0,-81.0,-81.0,1025,1.0777809619903564,5
-81.0,-82.0,-71.0,1114,1.2031688690185547,8
-78.0,-83.0,-74.0,1161,1.2488429546356201,13
-79.0,-83.0,-73.0,1258,1.3411250114440918,11
-85.0,-80.0,-73.0,1267,1.349618911743164,13
-74.0,-84.0,-78.0,1315,1.4072799682617188,8
-78.0,-82.0,-77.0,1351,1.44461989402771,9
-72.0,-83.0,-80.0,1366,1.460860013961792,10
-71.0,-84.0,-79.0,1368,1.4687168598175049,3
-78.0,-78.0,-84.0,1610,1.7313120365142822,12
-81.0,-77.0,-81.0,1611,1.7337958812713623,6
-86.0,-77.0,-76.0,1657,1.797321081161499,5
-83.0,-58.0,-82.0,1784,1.9439430236816406,15
-80.0,-77.0,-82.0,1842,2.002747058868408,12
-83.0,-76.0,-79.0,1850,2.013629913330078,12
-85.0,-75.0,-80.0,1852,2.0172410011291504,5
-82.0,-72.0,-84.0,1853,2.020271062850952,6
-75.0,-75.0,-85.0,1861,2.0358989238739014,9
-75.0,-74.0,-87.0,1952,2.107667922973633,12
-71.0,-76.0,-85.0,1959,2.1172919273376465,11
-72.0,-82.0,-82.0,2001,2.1755080223083496,8
-79.0,-76.0,-84.0,2002,2.1772549152374268,9
-78.0,-81.0,-78.0,2021,2.199810028076172,9
-82.0,-78.0,-77.0,2022,2.201946973800659,10
-80.0,-80.0,-76.0,2036,2.2154979705810547,12
-81.0,-80.0,-74.0,2039,2.219650983810425,9
-83.0,-77.0,-77.0,2105,2.318202018737793,8
-80.0,-81.0,-74.0,2130,2.3614189624786377,11
-86.0,-78.0,-74.0,2133,2.3647520542144775,13
-75.0,-82.0,-79.0,2149,2.3909718990325928,8
-76.0,-73.0,-85.0,2178,2.4432718753814697,9
-74.0,-85.0,-71.0,2205,2.4723610877990723,7
-87.0,-79.0,-70.0,2225,2.4946348667144775,13
-76.0,-84.0,-72.0,2279,2.552644968032837,13
-77.0,-84.0,-71.0,2288,2.564310073852539,11
-83.0,-81.0,-71.0,2291,2.5676488876342773,13
-75.0,-84.0,-73.0,2300,2.5773720741271973,14
-88.0,-77.0,-72.0,2331,2.5999739170074463,11
-76.0,-83.0,-75.0,2343,2.610776901245117,8
-71.0,-85.0,-75.0,2361,2.6318390369415283,10
-82.0,-77.0,-78.0,2389,2.65311598777771,9
