z1,z2,z3,node,time,depth
-33.0,-31.0,-44.0,1,0.0014939308166503906,1
-26.0,-36.0,-30.0,1,0.0015020370483398438,1
-24.0,-34.0,-40.0,1,0.0015039443969726562,1
-36.0,-26.0,-39.0,57,0.023602008819580078,9
-30.0,-32.0,-39.0,62,0.025608062744140625,4
-26.0,-33.0,-38.0,73,0.030736923217773438,2
-26.0,-35.0,-31.0,115,0.04709887504577637,8
-32.0,-33.0,-30.0,136,0.054852962493896484,7
