z1,z2,z3,node,time,depth
-40.0,-41.0,-34.0,1,0.0019350051879882812,1
-35.0,-39.0,-41.0,1,0.001940011978149414,1
-33.0,-41.0,-41.0,1,0.0019421577453613281,1
-37.0,-39.0,-39.0,16,0.020305156707763672,5
-35.0,-46.0,-36.0,32,0.03175210952758789,6
