z1,z2,z3,node,time,depth
-39.0,-40.0,-43.0,1,0.0010390281677246094,1
-48.0,-31.0,-41.0,1,0.0010471343994140625,1
-43.0,-37.0,-40.0,5,0.003921985626220703,3
-44.0,-34.0,-44.0,8,0.005814075469970703,4
-47.0,-26.0,-44.0,16,0.010042905807495117,5
-43.0,-35.0,-43.0,30,0.015026092529296875,6
-47.0,-33.0,-43.0,34,0.016201019287109375,6
-42.0,-39.0,-42.0,38,0.017431974411010742,7
