z1,z2,z3,node,time,depth
-8743.0,-8280.0,-8405.0,1,0.0011069774627685547,1
-8973.0,-7971.0,-8073.0,85,0.04225301742553711,5
-8806.0,-7812.0,-8551.0,85,0.04225516319274902,5
-8954.0,-7771.0,-8598.0,103,0.0495610237121582,7
-8762.0,-7723.0,-8638.0,121,0.058112144470214844,5
