z1,z2,z3,node,time,depth
-3750.0,-3461.0,-4076.0,1,0.0037529468536376953,1
-2692.0,-3495.0,-4573.0,1,0.003756999969482422,1
-4696.0,-2832.0,-3616.0,1,0.003760099411010742,1
-4893.0,-2168.0,-2410.0,1,0.003762960433959961,1
-4007.0,-3823.0,-3909.0,1,0.0037660598754882812,1
-4420.0,-3806.0,-1452.0,1,0.0037689208984375,1
-3404.0,-4580.0,-1601.0,1,0.0037720203399658203,1
-4468.0,-3641.0,-3081.0,1,0.0037751197814941406,1
-3935.0,-4232.0,-2500.0,1,0.0037779808044433594,1
-4062.0,-4242.0,-1234.0,1,0.0037810802459716797,1
-3033.0,-3893.0,-4211.0,1,0.0037839412689208984,1
-3094.0,-4517.0,-2101.0,1,0.0037870407104492188,1
-3166.0,-4108.0,-3510.0,1,0.003790140151977539,1
-3553.0,-4115.0,-3325.0,1,0.003793001174926758,1
-2961.0,-4302.0,-2802.0,2,0.009856939315795898,2
-3834.0,-3960.0,-2881.0,3,0.013648033142089844,3
-3034.0,-4129.0,-2676.0,10,0.021780967712402344,5
-3612.0,-4276.0,-1192.0,31,0.04446697235107422,6
-2901.0,-4277.0,-2816.0,48,0.06103205680847168,3
-3970.0,-3840.0,-1410.0,63,0.08126401901245117,6
-4468.0,-3511.0,-3134.0,93,0.10765600204467773,2
-4211.0,-3777.0,-2958.0,93,0.10766196250915527,2
-4509.0,-3080.0,-2912.0,94,0.11291813850402832,3
-3659.0,-3877.0,-3826.0,94,0.11292695999145508,3
-3810.0,-3849.0,-3501.0,94,0.11293506622314453,3
-4062.0,-3151.0,-3416.0,100,0.12096595764160156,7
-4158.0,-3088.0,-3227.0,128,0.14475607872009277,4
-4015.0,-3173.0,-3173.0,153,0.1697080135345459,6
-3638.0,-2866.0,-4113.0,157,0.17487406730651855,3
-2797.0,-3038.0,-4451.0,164,0.18979310989379883,8
-3106.0,-3720.0,-4085.0,169,0.19421696662902832,6
-3805.0,-2910.0,-3936.0,177,0.20368099212646484,7
-4052.0,-3091.0,-3625.0,190,0.21768808364868164,5
-4052.0,-3148.0,-3539.0,196,0.22710108757019043,6
-4110.0,-3792.0,-2016.0,242,0.28504109382629395,6
-4018.0,-3545.0,-3092.0,243,0.289093017578125,7
-4513.0,-2836.0,-2764.0,257,0.30595898628234863,5
