z1,z2,z3,node,time,depth
-1883.0,-2839.0,-2579.0,117,0.05224299430847168,7
-3017.0,-2564.0,-2942.0,130,0.05768299102783203,8
-3116.0,-2516.0,-2632.0,158,0.06849813461303711,8
-2539.0,-2602.0,-2006.0,164,0.07056903839111328,8
-2500.0,-2791.0,-2534.0,176,0.0751800537109375,8
-2190.0,-2810.0,-2457.0,212,0.0894479751586914,9
-2420.0,-2187.0,-3084.0,214,0.09026312828063965,9
-2110.0,-2206.0,-3007.0,228,0.09521198272705078,10
