z1,z2,z3,node,time,depth
-14713.0,-12476.0,-14891.0,1,0.0006928443908691406,1
-13966.0,-13224.0,-14200.0,3,0.002234935760498047,3
-12518.0,-14309.0,-12565.0,3,0.0022368431091308594,3
-13105.0,-13770.0,-13322.0,169,0.11141681671142578,9
-13871.0,-13082.0,-14224.0,242,0.15492701530456543,7
-14074.0,-13140.0,-14219.0,271,0.17233586311340332,9
-14009.0,-13217.0,-14146.0,272,0.172698974609375,8
-13379.0,-13715.0,-13426.0,273,0.17328882217407227,2
-12475.0,-14268.0,-12602.0,299,0.1910409927368164,7
