z1,z2,z3,node,time,depth
-19248.0,-15800.0,-18902.0,1,0.0017271041870117188,1
-18459.0,-16542.0,-18193.0,2,0.0028429031372070312,2
-17620.0,-17352.0,-17694.0,7,0.009511947631835938,3
-18566.0,-16499.0,-18339.0,31,0.03681612014770508,5
-17777.0,-17241.0,-17630.0,227,0.17708992958068848,10
-18407.0,-16556.0,-18305.0,358,0.25029706954956055,11
-15342.0,-17370.0,-15024.0,497,0.32068300247192383,13
-18673.0,-13353.0,-18945.0,570,0.35660696029663086,13
