z1,z2,z3,node,time,depth
6119.0,4817.0,3049.0,1,0.008493900299072266,1
5701.0,3304.0,4398.0,1,0.008503913879394531,1
4399.0,3908.0,6271.0,1,0.008508920669555664,1
4112.0,5154.0,4364.0,1,0.008523941040039062,1
4947.0,3817.0,5748.0,21,0.23244690895080566,2
4095.0,6915.0,7252.0,21,0.2324519157409668,2
6062.0,7251.0,4100.0,35,0.3156471252441406,5
6100.0,7038.0,4221.0,35,0.3156569004058838,5
5979.0,7275.0,4231.0,35,0.3157060146331787,5
6017.0,7062.0,4352.0,37,0.33966898918151855,7
6096.0,7550.0,4048.0,58,0.4542820453643799,4
4797.0,4533.0,4417.0,87,0.7205760478973389,3
5505.0,3695.0,5137.0,111,0.9649059772491455,7
