z1,z2,z3,node,time,depth
-9171.0,-8229.0,-8198.0,1,0.0008518695831298828,1
-8733.0,-8168.0,-8621.0,67,0.029666900634765625,2
-8900.0,-7822.0,-9107.0,68,0.030466079711914062,3
-9374.0,-7775.0,-8276.0,84,0.03767991065979004,8
-8785.0,-7836.0,-9116.0,96,0.04388904571533203,6
