z1,z2,z3,node,time,depth
14011.0,15458.0,14288.0,1,0.006969928741455078,1
13835.0,16124.0,14143.0,1,0.006974935531616211,1
13950.0,14604.0,15263.0,1,0.006979942321777344,1
14396.0,13806.0,15946.0,1,0.0069849491119384766,1
16342.0,14105.0,14012.0,1,0.006989955902099609,1
15141.0,14381.0,14475.0,1,0.006994962692260742,1
15678.0,14568.0,14189.0,9,0.032366037368774414,5
