z1,z2,z3,node,time,depth
20958.0,18414.0,21258.0,1,0.030331850051879883,1
21673.0,21498.0,18723.0,1,0.030343055725097656,1
20285.0,22032.0,18809.0,1,0.030353069305419922,1
20454.0,19418.0,19873.0,1,0.030364036560058594,1
19821.0,19018.0,21899.0,1,0.030375003814697266,1
19740.0,19864.0,21383.0,1,0.030395984649658203,1
20377.0,20076.0,21116.0,2,0.0361330509185791,2
19919.0,20347.0,20972.0,4,0.0666358470916748,3
21060.0,20765.0,19240.0,11,0.13555502891540527,4
19988.0,21056.0,20470.0,11,0.13559794425964355,4
21520.0,20152.0,19617.0,13,0.16727685928344727,5
