z1,z2,z3,node,time,depth
-55.0,-13.0,-50.0,1,0.004979848861694336,1
-52.0,-13.0,-51.0,1,0.004982948303222656,1
-21.0,-50.0,-23.0,1,0.004985809326171875,1
-10.0,-51.0,-17.0,1,0.004988908767700195,1
-37.0,-38.0,-32.0,1,0.004992008209228516,1
-35.0,-40.0,-29.0,1,0.004994869232177734,1
-47.0,-27.0,-41.0,1,0.0049970149993896484,1
-55.0,-16.0,-49.0,1,0.004999876022338867,1
-32.0,-42.0,-33.0,1,0.0050029754638671875,1
-34.0,-38.0,-36.0,1,0.0050048828125,1
-31.0,-31.0,-42.0,1,0.00500798225402832,1
-46.0,-13.0,-52.0,1,0.005010843276977539,1
-30.0,-37.0,-38.0,1,0.005013942718505859,1
-36.0,-29.0,-43.0,1,0.00501704216003418,1
-45.0,-23.0,-46.0,1,0.005018949508666992,1
-43.0,-31.0,-37.0,3,0.01435995101928711,2
-50.0,-14.0,-50.0,3,0.014361858367919922,2
-35.0,-32.0,-40.0,3,0.014367818832397461,2
-37.0,-37.0,-35.0,3,0.014370918273925781,2
-26.0,-45.0,-25.0,3,0.014375925064086914,2
-39.0,-29.0,-42.0,4,0.019098997116088867,3
-36.0,-35.0,-36.0,4,0.019136905670166016,3
-42.0,-29.0,-38.0,4,0.019148826599121094,3
-46.0,-21.0,-46.0,5,0.023401975631713867,3
-49.0,-21.0,-45.0,5,0.02340388298034668,3
-40.0,-18.0,-48.0,8,0.03200387954711914,4
-40.0,-28.0,-42.0,8,0.0320429801940918,4
-48.0,-15.0,-50.0,9,0.03535199165344238,4
-27.0,-45.0,-24.0,11,0.041745901107788086,4
-39.0,-33.0,-38.0,12,0.04727292060852051,4
-34.0,-36.0,-37.0,19,0.06904292106628418,5
-23.0,-47.0,-22.0,35,0.09859490394592285,6
-39.0,-31.0,-39.0,40,0.10981893539428711,6
-51.0,-19.0,-42.0,43,0.11484599113464355,6
-34.0,-31.0,-41.0,45,0.12160992622375488,7
-48.0,-17.0,-47.0,50,0.13152503967285156,7
-24.0,-46.0,-22.0,56,0.1382129192352295,7
-35.0,-30.0,-41.0,74,0.1640470027923584,8
-45.0,-28.0,-39.0,129,0.2321929931640625,9
-22.0,-48.0,-21.0,160,0.265610933303833,10
-37.0,-30.0,-40.0,166,0.2728149890899658,11
-20.0,-47.0,-24.0,174,0.28092193603515625,11
-22.0,-45.0,-29.0,174,0.28092503547668457,11
-26.0,-44.0,-28.0,204,0.31999993324279785,13
-30.0,-43.0,-31.0,205,0.321044921875,13
-35.0,-38.0,-33.0,233,0.3534719944000244,15
-39.0,-34.0,-32.0,244,0.36287689208984375,17
