z1,z2,z3,node,time,depth
-22.0,-20.0,-32.0,1,0.0026960372924804688,1
-33.0,-28.0,-11.0,2,0.00480198860168457,2
-20.0,-23.0,-33.0,2,0.004805088043212891,2
-30.0,-26.0,-13.0,65,0.03625202178955078,10
-31.0,-24.0,-17.0,104,0.056365966796875,3
-28.0,-29.0,-18.0,105,0.058027029037475586,4
-26.0,-25.0,-24.0,105,0.058029890060424805,4
-22.0,-27.0,-27.0,135,0.07410597801208496,6
-18.0,-22.0,-34.0,155,0.08294510841369629,8
-25.0,-22.0,-26.0,157,0.08619904518127441,5
-27.0,-26.0,-20.0,175,0.09475493431091309,6
-23.0,-21.0,-27.0,181,0.09805798530578613,8
-29.0,-27.0,-18.0,192,0.10511994361877441,9
-27.0,-23.0,-24.0,193,0.10546493530273438,8
-27.0,-19.0,-25.0,205,0.11675190925598145,6
-29.0,-23.0,-19.0,205,0.11675405502319336,6
-24.0,-24.0,-26.0,211,0.11957502365112305,7
-32.0,-29.0,-10.0,239,0.13363194465637207,10
-30.0,-25.0,-16.0,240,0.13396501541137695,9
-25.0,-29.0,-19.0,273,0.15204811096191406,10
-23.0,-25.0,-25.0,274,0.15239906311035156,9
-28.0,-31.0,-17.0,345,0.19097495079040527,10
-26.0,-27.0,-23.0,346,0.1913290023803711,9
-29.0,-29.0,-17.0,362,0.20007705688476562,9
-27.0,-25.0,-23.0,363,0.20041608810424805,8
-19.0,-27.0,-28.0,366,0.20336389541625977,7
-18.0,-24.0,-33.0,389,0.21425700187683105,10
-22.0,-29.0,-26.0,390,0.2145850658416748,9
-20.0,-25.0,-32.0,391,0.21492695808410645,8
-23.0,-32.0,-20.0,403,0.22283291816711426,10
-23.0,-31.0,-22.0,420,0.2308049201965332,11
-24.0,-30.0,-24.0,422,0.23150110244750977,9
-22.0,-26.0,-30.0,423,0.23186206817626953,8
-16.0,-31.0,-27.0,432,0.23644304275512695,11
-13.0,-25.0,-36.0,433,0.23679089546203613,10
-17.0,-30.0,-29.0,434,0.23713302612304688,9
-15.0,-26.0,-35.0,435,0.23748493194580078,8
-17.0,-29.0,-31.0,437,0.23814797401428223,6
