z1,z2,z3,node,time,depth
24068.0,20914.0,24692.0,1,0.03879213333129883,1
24291.0,23667.0,21023.0,1,0.03880596160888672,1
23358.0,22873.0,21578.0,1,0.03882098197937012,1
22116.0,24709.0,22371.0,1,0.03883504867553711,1
21307.0,23234.0,23660.0,1,0.038848161697387695,1
22831.0,23208.0,21837.0,1,0.038861989974975586,1
22238.0,23755.0,23584.0,2,0.08687615394592285,2
22574.0,22447.0,24011.0,2,0.08688998222351074,2
22767.0,23182.0,23593.0,14,0.6888959407806396,6
