z1,z2,z3,node,time,depth
-17073.0,-18199.0,-18474.0,958,0.5635271072387695,3
-17933.0,-17258.0,-18785.0,960,0.565115213394165,5
-17755.0,-17925.0,-18925.0,1081,0.647050142288208,13
-16728.0,-18398.0,-18107.0,1179,0.7092931270599365,2
-17863.0,-17500.0,-18914.0,1238,0.7507979869842529,12
-17410.0,-18124.0,-18558.0,1300,0.7934141159057617,12
