z1,z2,z3,node,time,depth
93.0,64.0,75.0,1,0.02779221534729004,1
64.0,76.0,98.0,1,0.027805089950561523,1
70.0,81.0,79.0,1,0.027820110321044922,1
85.0,62.0,90.0,1,0.02783203125,1
80.0,79.0,68.0,1,0.027856111526489258,1
91.0,80.0,64.0,1,0.027868032455444336,1
84.0,85.0,65.0,1,0.027894020080566406,1
112.0,101.0,62.0,11,0.334766149520874,2
113.0,100.0,63.0,33,0.7829380035400391,9
78.0,117.0,78.0,36,0.9313011169433594,4
77.0,119.0,78.0,36,0.9313080310821533,4
83.0,75.0,127.0,113,2.759782075881958,7
73.0,79.0,86.0,147,3.7517330646514893,5
86.0,74.0,86.0,177,4.64391303062439,9
