z1,z2,z3,node,time,depth
-49.0,-21.0,-48.0,1,0.0005891323089599609,1
-49.0,-19.0,-50.0,3,0.0014901161193847656,2
-55.0,-15.0,-56.0,12,0.004878997802734375,5
-56.0,-13.0,-55.0,20,0.008095026016235352,6
-56.0,-15.0,-53.0,26,0.010893106460571289,7
-53.0,-17.0,-53.0,28,0.011744022369384766,7
