z1,z2,z3,node,time,depth
-8517.0,-10073.0,-8490.0,1,0.001096963882446289,1
-9975.0,-8478.0,-9701.0,1,0.0011060237884521484,1
-9934.0,-8551.0,-9636.0,134,0.09241390228271484,5
-9284.0,-9220.0,-9123.0,140,0.09604501724243164,6
-9143.0,-9232.0,-9265.0,141,0.09657788276672363,5
