z1,z2,z3,node,time,depth
-1914.0,-4176.0,-1703.0,1,0.0018320083618164062,1
-1981.0,-4125.0,-1430.0,4,0.0069119930267333984,3
-2545.0,-3387.0,-2366.0,5,0.008400917053222656,3
-2612.0,-3336.0,-2093.0,9,0.014486074447631836,4
-2675.0,-2047.0,-3296.0,10,0.015952110290527344,4
-2469.0,-3565.0,-2362.0,16,0.024075031280517578,5
-2847.0,-1980.0,-3058.0,27,0.03756904602050781,5
-3029.0,-2665.0,-2991.0,32,0.04351401329040527,6
-2830.0,-1938.0,-3207.0,45,0.05282902717590332,6
-3046.0,-2707.0,-2842.0,50,0.05748105049133301,6
-2182.0,-2896.0,-2394.0,132,0.10667896270751953,8
-2815.0,-1939.0,-3203.0,134,0.10726690292358398,8
-2832.0,-1981.0,-3054.0,156,0.11689591407775879,8
-2739.0,-2117.0,-3199.0,200,0.13844609260559082,10
-2255.0,-2839.0,-2574.0,204,0.14032506942749023,10
-2270.0,-2838.0,-2578.0,206,0.1413590908050537,10
-3316.0,-1259.0,-3679.0,210,0.1426079273223877,10
-2756.0,-2159.0,-3050.0,220,0.14673900604248047,10
-2599.0,-2225.0,-3292.0,224,0.14861202239990234,11
-2754.0,-2116.0,-3203.0,226,0.14924311637878418,11
-2115.0,-2947.0,-2667.0,228,0.14989495277404785,11
-3176.0,-1367.0,-3772.0,230,0.15054011344909668,11
-3331.0,-1258.0,-3683.0,232,0.15117597579956055,11
-2616.0,-2267.0,-3143.0,236,0.15242910385131836,11
-2771.0,-2158.0,-3054.0,238,0.15306997299194336,11
