z1,z2,z3,node,time,depth
16280.0,18567.0,17077.0,1,0.012594223022460938,1
16911.0,18542.0,16840.0,1,0.012602090835571289,1
17302.0,17996.0,16851.0,1,0.012610197067260742,1
17649.0,16096.0,17984.0,1,0.012617111206054688,1
18708.0,17482.0,16967.0,1,0.01262521743774414,1
18371.0,17337.0,17098.0,1,0.012633085250854492,1
18147.0,18249.0,16789.0,1,0.012641191482543945,1
17415.0,17240.0,17805.0,5,0.04053521156311035,3
17432.0,17749.0,17616.0,9,0.06492304801940918,5
18046.0,16775.0,17643.0,12,0.08399701118469238,7
