z1,z2,z3,node,time,depth
16819.0,19586.0,17647.0,1,0.012784957885742188,1
21131.0,15478.0,21711.0,1,0.01279306411743164,1
19924.0,16563.0,20307.0,1,0.012800931930541992,1
19091.0,18573.0,17459.0,1,0.012808084487915039,1
17377.0,19370.0,17783.0,7,0.04387307167053223,2
19156.0,17993.0,18677.0,14,0.09207487106323242,4
18984.0,18059.0,18562.0,31,0.18943405151367188,6
20543.0,17117.0,19941.0,31,0.1894540786743164,6
17722.0,19064.0,17991.0,31,0.18947386741638184,6
