z1,z2,z3,node,time,depth
-13709.0,-14330.0,-13330.0,1,0.0007581710815429688,1
-13768.0,-15106.0,-12646.0,4,0.003155231475830078,3
-14399.0,-14375.0,-12533.0,5,0.004032135009765625,3
-13817.0,-14628.0,-12842.0,92,0.050248146057128906,9
