z1,z2,z3,node,time,depth
-17613.0,-18322.0,-17084.0,3,0.004791975021362305,2
-18077.0,-17589.0,-18048.0,13,0.021314144134521484,4
-14141.0,-18976.0,-13728.0,63,0.09618306159973145,6
-18266.0,-17656.0,-17925.0,69,0.10478615760803223,7
-14285.0,-18752.0,-13780.0,221,0.2611579895019531,8
-18901.0,-16881.0,-18864.0,230,0.26848506927490234,9
-17611.0,-18385.0,-17121.0,383,0.38515210151672363,10
-17422.0,-18318.0,-17244.0,431,0.4151170253753662,10
-18075.0,-17652.0,-18085.0,485,0.4465320110321045,11
-18437.0,-17614.0,-17900.0,492,0.44968700408935547,11
-18248.0,-17547.0,-18023.0,532,0.4771761894226074,11
-14296.0,-18484.0,-13780.0,637,0.5344681739807129,12
-14035.0,-18771.0,-13866.0,753,0.5994319915771484,14
-14404.0,-18474.0,-13829.0,809,0.6310710906982422,15
-14179.0,-18547.0,-13918.0,813,0.6344940662384033,15
-14345.0,-18729.0,-13624.0,1004,0.730208158493042,19
