z1,z2,z3,node,time,depth
-54.0,-39.0,-48.0,4,0.006151914596557617,4
-52.0,-41.0,-49.0,415,0.23662400245666504,14
-54.0,-40.0,-47.0,433,0.2462620735168457,14
-45.0,-65.0,-39.0,650,0.41043710708618164,6
-39.0,-67.0,-36.0,794,0.5022718906402588,4
-51.0,-47.0,-40.0,797,0.5060710906982422,7
-48.0,-48.0,-46.0,865,0.5490190982818604,14
-50.0,-57.0,-45.0,884,0.559351921081543,12
-45.0,-61.0,-41.0,920,0.5892410278320312,12
-38.0,-72.0,-33.0,966,0.6317689418792725,14
-33.0,-76.0,-29.0,1004,0.6612870693206787,14
-39.0,-72.0,-32.0,1022,0.6736710071563721,14
-31.0,-77.0,-27.0,1033,0.6796278953552246,11
-45.0,-66.0,-38.0,1112,0.7780740261077881,12
-40.0,-70.0,-34.0,1131,0.7968559265136719,9
-38.0,-70.0,-35.0,1148,0.8132970333099365,14
-45.0,-64.0,-40.0,1160,0.8222448825836182,12
-30.0,-74.0,-30.0,1179,0.8405320644378662,9
