z1,z2,z3,node,time,depth
-16.0,-64.0,-20.0,1,0.0034019947052001953,1
-33.0,-59.0,-35.0,5,0.013968944549560547,3
-14.0,-61.0,-23.0,14,0.03416299819946289,4
-30.0,-57.0,-37.0,22,0.05021500587463379,5
-31.0,-56.0,-38.0,29,0.06424880027770996,5
-41.0,-53.0,-40.0,47,0.09723496437072754,6
-39.0,-50.0,-43.0,59,0.12254691123962402,6
-37.0,-55.0,-37.0,162,0.26995396614074707,8
-32.0,-56.0,-36.0,242,0.38473081588745117,8
-40.0,-50.0,-41.0,493,0.6573269367218018,9
-43.0,-46.0,-46.0,608,0.7619419097900391,10
-38.0,-54.0,-39.0,1016,1.0738120079040527,11
-39.0,-52.0,-42.0,1068,1.108659029006958,11
-48.0,-46.0,-44.0,1121,1.1372778415679932,11
-37.0,-51.0,-43.0,1540,1.3938748836517334,12
-45.0,-44.0,-48.0,1542,1.3950328826904297,12
-31.0,-58.0,-36.0,1564,1.4053869247436523,12
-53.0,-37.0,-50.0,1574,1.4109389781951904,12
-34.0,-48.0,-45.0,1710,1.491142988204956,12
-29.0,-55.0,-39.0,1744,1.5089969635009766,12
-52.0,-38.0,-50.0,1836,1.5595159530639648,13
-51.0,-39.0,-49.0,1966,1.628458023071289,13
-46.0,-45.0,-47.0,1994,1.6423180103302002,13
-43.0,-43.0,-49.0,1996,1.6435599327087402,13
-47.0,-45.0,-45.0,2014,1.6522109508514404,13
-41.0,-41.0,-50.0,2154,1.726356029510498,13
-37.0,-49.0,-44.0,2186,1.7427458763122559,13
-45.0,-47.0,-44.0,2364,1.8228018283843994,14
-51.0,-36.0,-53.0,2388,1.8344299793243408,14
-35.0,-47.0,-45.0,2526,1.8933160305023193,14
-44.0,-41.0,-49.0,2528,1.8940589427947998,14
-15.0,-62.0,-22.0,2544,1.901634931564331,14
-50.0,-37.0,-53.0,2564,1.9100708961486816,15
-49.0,-39.0,-50.0,2576,1.9147899150848389,15
-46.0,-46.0,-45.0,2586,1.919524908065796,15
-49.0,-38.0,-52.0,2638,1.9379398822784424,15
-52.0,-37.0,-52.0,2656,1.9443190097808838,15
-42.0,-40.0,-50.0,2722,1.9700729846954346,15
-49.0,-34.0,-54.0,2794,1.9949510097503662,16
