z1,z2,z3,node,time,depth
-3542.0,-2181.0,-3681.0,2,0.0016829967498779297,2
-3012.0,-2472.0,-3607.0,4,0.003170013427734375,3
-3785.0,-2198.0,-3257.0,117,0.047805070877075195,8
-3674.0,-2706.0,-3587.0,120,0.04873991012573242,8
-2732.0,-2741.0,-3043.0,146,0.05624508857727051,9
-2257.0,-2750.0,-2914.0,162,0.0608670711517334,10
