z1,z2,z3,node,time,depth
52.0,59.0,84.0,1,0.05412101745605469,1
48.0,71.0,83.0,1,0.05413007736206055,1
50.0,75.0,54.0,1,0.054148197174072266,1
66.0,64.0,61.0,1,0.05416512489318848,1
52.0,62.0,64.0,1,0.05434298515319824,1
49.0,66.0,84.0,2,0.09787201881408691,2
55.0,56.0,95.0,2,0.09807109832763672,2
71.0,50.0,94.0,3,0.11208319664001465,2
68.0,51.0,98.0,3,0.1120901107788086,2
76.0,51.0,86.0,4,0.15233206748962402,3
69.0,55.0,75.0,4,0.15235400199890137,3
59.0,55.0,95.0,5,0.1831071376800537,3
60.0,59.0,74.0,5,0.18314814567565918,3
73.0,53.0,88.0,7,0.21696114540100098,3
61.0,57.0,92.0,7,0.21698498725891113,3
64.0,56.0,88.0,7,0.21700811386108398,3
58.0,61.0,77.0,11,0.3044312000274658,4
60.0,71.0,62.0,12,0.32830119132995605,4
61.0,68.0,63.0,12,0.32834601402282715,4
71.0,53.0,90.0,14,0.3436391353607178,4
68.0,54.0,94.0,14,0.3436470031738281,4
58.0,58.0,93.0,21,0.46721816062927246,5
51.0,64.0,83.0,22,0.4840381145477295,5
73.0,52.0,90.0,30,0.5947911739349365,5
66.0,58.0,84.0,30,0.5948131084442139,5
70.0,54.0,92.0,31,0.6041531562805176,5
57.0,60.0,83.0,42,0.836665153503418,6
70.0,53.0,94.0,52,0.9521989822387695,6
60.0,70.0,63.0,75,1.3013081550598145,7
58.0,57.0,94.0,146,2.1080291271209717,10
62.0,56.0,94.0,148,2.1204581260681152,10
