z1,z2,z3,node,time,depth
-45.0,-55.0,-49.0,3,0.007940053939819336,2
-55.0,-31.0,-55.0,6,0.014877080917358398,3
-50.0,-47.0,-55.0,13,0.028311967849731445,4
-39.0,-64.0,-42.0,17,0.03528904914855957,5
-44.0,-56.0,-48.0,35,0.06288790702819824,6
-54.0,-31.0,-57.0,44,0.07384204864501953,6
-26.0,-67.0,-26.0,71,0.10373401641845703,7
-23.0,-67.0,-27.0,71,0.10374808311462402,7
-40.0,-60.0,-40.0,112,0.1479940414428711,8
-53.0,-46.0,-53.0,126,0.16083192825317383,8
-47.0,-52.0,-46.0,198,0.21442890167236328,9
-48.0,-51.0,-45.0,199,0.21494293212890625,9
-53.0,-32.0,-58.0,298,0.2709388732910156,10
-55.0,-30.0,-59.0,308,0.27712106704711914,10
-53.0,-30.0,-60.0,398,0.32265591621398926,11
-27.0,-66.0,-25.0,518,0.3749709129333496,14
-58.0,-14.0,-60.0,540,0.38453102111816406,14
-46.0,-53.0,-45.0,542,0.3852360248565674,15
-57.0,-30.0,-57.0,560,0.39222288131713867,15
