z1,z2,z3,node,time,depth
-24.0,-31.0,-28.0,1,0.001371145248413086,1
-25.0,-33.0,-27.0,1,0.0013740062713623047,1
-19.0,-36.0,-18.0,1,0.0013821125030517578,1
-18.0,-34.0,-25.0,5,0.0073740482330322266,3
-21.0,-35.0,-16.0,14,0.019401073455810547,4
-30.0,-29.0,-23.0,16,0.020601987838745117,5
-26.0,-31.0,-25.0,44,0.04552006721496582,6
-20.0,-34.0,-22.0,116,0.08472895622253418,9
-12.0,-31.0,-29.0,130,0.08993911743164062,10
-23.0,-34.0,-16.0,142,0.09386992454528809,11
