z1,z2,z3,node,time,depth
-29.0,-42.0,-56.0,1,0.004572868347167969,1
-29.0,-38.0,-62.0,1,0.0045850276947021484,1
-39.0,-35.0,-53.0,1,0.00460505485534668,1
-38.0,-36.0,-52.0,1,0.004606008529663086,1
-43.0,-28.0,-58.0,1,0.004608869552612305,1
-27.0,-45.0,-42.0,1,0.004617929458618164,1
-31.0,-41.0,-54.0,2,0.010535955429077148,2
-22.0,-43.0,-50.0,2,0.010555028915405273,2
-37.0,-38.0,-37.0,7,0.03586697578430176,3
-38.0,-32.0,-58.0,9,0.04285407066345215,4
-39.0,-31.0,-59.0,9,0.04286789894104004,4
-31.0,-37.0,-60.0,9,0.042875051498413086,4
-41.0,-31.0,-42.0,81,0.16113901138305664,6
-35.0,-39.0,-39.0,95,0.181657075881958,6
-43.0,-23.0,-61.0,96,0.18238496780395508,7
-35.0,-34.0,-59.0,99,0.1858980655670166,7
-33.0,-35.0,-61.0,99,0.185899019241333,7
-42.0,-29.0,-57.0,99,0.18590593338012695,7
-35.0,-35.0,-58.0,145,0.24219107627868652,7
-37.0,-34.0,-56.0,145,0.24219608306884766,7
-28.0,-44.0,-41.0,171,0.26864099502563477,7
-32.0,-40.0,-42.0,179,0.2772378921508789,7
-42.0,-24.0,-62.0,186,0.28118085861206055,8
-37.0,-32.0,-59.0,330,0.40934300422668457,9
-44.0,-20.0,-45.0,334,0.41723108291625977,9
-34.0,-30.0,-65.0,336,0.41788196563720703,9
-33.0,-39.0,-54.0,382,0.45486998558044434,9
-40.0,-31.0,-55.0,430,0.48751306533813477,9
-41.0,-24.0,-66.0,518,0.5475208759307861,10
-36.0,-33.0,-57.0,584,0.595782995223999,10
-39.0,-32.0,-56.0,628,0.6235570907592773,10
-34.0,-38.0,-53.0,770,0.6992049217224121,11
-32.0,-41.0,-39.0,804,0.7136728763580322,11
-40.0,-26.0,-62.0,826,0.7256360054016113,12
-30.0,-42.0,-41.0,890,0.7595648765563965,12
-36.0,-32.0,-63.0,900,0.7637960910797119,13
-37.0,-27.0,-67.0,912,0.7720658779144287,13
-37.0,-31.0,-61.0,930,0.7799439430236816,13
-31.0,-42.0,-38.0,938,0.7834680080413818,13
-29.0,-43.0,-40.0,942,0.7848029136657715,13
-38.0,-27.0,-64.0,944,0.7855079174041748,14
-38.0,-23.0,-68.0,976,0.8001449108123779,16
-33.0,-31.0,-65.0,978,0.8009018898010254,16
-34.0,-26.0,-69.0,980,0.8016769886016846,16
