z1,z2,z3,node,time,depth
3874.0,4966.0,5840.0,1,0.009821176528930664,1
6358.0,4580.0,5484.0,1,0.009826183319091797,1
5572.0,5260.0,4737.0,1,0.009836196899414062,1
4732.0,6733.0,4990.0,1,0.009842157363891602,1
3655.0,5742.0,5948.0,1,0.009847164154052734,1
