z1,z2,z3,node,time,depth
-3216.0,-2940.0,-3058.0,1,0.0012280941009521484,1
-1497.0,-3721.0,-1733.0,10,0.012398004531860352,4
-1640.0,-3597.0,-1541.0,20,0.020974159240722656,5
-2400.0,-3127.0,-2494.0,21,0.021630048751831055,5
-1368.0,-3680.0,-1844.0,36,0.03209209442138672,6
-1372.0,-3634.0,-1783.0,70,0.05138111114501953,7
-2543.0,-3003.0,-2302.0,81,0.0573580265045166,7
-700.0,-3738.0,-954.0,156,0.09105420112609863,8
-1630.0,-3576.0,-1747.0,430,0.19076013565063477,10
-1644.0,-3551.0,-1480.0,436,0.1926121711730957,10
-2958.0,-2998.0,-3094.0,494,0.21466612815856934,10
