z1,z2,z3,node,time,depth
14716.0,17918.0,15850.0,1,0.0063860416412353516,1
17648.0,15086.0,16477.0,1,0.006391048431396484,1
17201.0,15483.0,15823.0,1,0.006396055221557617,1
15630.0,16258.0,17033.0,1,0.00640106201171875,1
15455.0,16390.0,16706.0,1,0.0064051151275634766,1
15632.0,17566.0,16303.0,7,0.0270841121673584,4
16846.0,16398.0,16573.0,11,0.0405120849609375,6
