z1,z2,z3,node,time,depth
-29.0,-61.0,-35.0,16,0.020643949508666992,5
-26.0,-63.0,-36.0,29,0.0345149040222168,5
-26.0,-61.0,-37.0,35,0.03882789611816406,6
-32.0,-59.0,-41.0,223,0.16914105415344238,8
-27.0,-61.0,-36.0,248,0.18335890769958496,9
-34.0,-57.0,-41.0,268,0.19312500953674316,9
-33.0,-58.0,-42.0,394,0.25853991508483887,10
-36.0,-55.0,-46.0,525,0.32416701316833496,10
-27.0,-63.0,-35.0,526,0.3245279788970947,10
-36.0,-54.0,-47.0,789,0.4539680480957031,11
-37.0,-53.0,-48.0,1114,0.6047730445861816,13
-30.0,-59.0,-42.0,1202,0.6439149379730225,13
-30.0,-57.0,-43.0,1344,0.7004029750823975,15
-39.0,-53.0,-47.0,1356,0.7042949199676514,15
