z1,z2,z3,node,time,depth
21091.0,20871.0,18752.0,1,0.03783583641052246,1
21109.0,18769.0,20125.0,1,0.037847042083740234,1
20377.0,19198.0,21896.0,1,0.0378570556640625,1
19657.0,22285.0,18494.0,1,0.03786802291870117,1
17980.0,20935.0,22072.0,1,0.03787994384765625,1
18503.0,22237.0,20156.0,1,0.03789091110229492,1
20460.0,20755.0,19720.0,23,1.1436450481414795,5
20547.0,19966.0,20762.0,25,1.1687638759613037,6
19378.0,21950.0,20159.0,41,2.1082918643951416,8
20355.0,20416.0,20555.0,41,2.1083219051361084,8
