z1,z2,z3,node,time,depth
-9588.0,-8181.0,-9828.0,3,0.0019609928131103516,2
-9045.0,-8724.0,-8864.0,16,0.009090900421142578,5
-9815.0,-8273.0,-9693.0,19,0.010853052139282227,5
-9601.0,-8092.0,-9712.0,32,0.01677989959716797,6
-9071.0,-8642.0,-8842.0,35,0.018033981323242188,6
