z1,z2,z3,node,time,depth
-18404.0,-17814.0,-15105.0,1,0.0016779899597167969,1
-16174.0,-19132.0,-15987.0,1,0.0016870498657226562,1
-15920.0,-18961.0,-16316.0,3,0.005393028259277344,2
-18189.0,-17627.0,-15260.0,4,0.006833076477050781,3
-16851.0,-18337.0,-16199.0,5,0.008595943450927734,3
-17488.0,-18406.0,-15396.0,5,0.00860905647277832,3
-16167.0,-18924.0,-16023.0,6,0.01036214828491211,3
-15928.0,-18915.0,-16425.0,7,0.012916088104248047,3
-16636.0,-18150.0,-16354.0,9,0.016343116760253906,4
-17273.0,-18219.0,-15551.0,9,0.016353130340576172,4
-17481.0,-18198.0,-15432.0,12,0.021559953689575195,4
-17420.0,-17947.0,-15739.0,33,0.05736494064331055,6
-17090.0,-18540.0,-15696.0,65,0.09952807426452637,7
-16843.0,-18577.0,-15989.0,67,0.1018829345703125,7
-16851.0,-18531.0,-16098.0,67,0.10189294815063477,7
-16523.0,-18390.0,-16127.0,204,0.20313692092895508,9
-17205.0,-17566.0,-15995.0,223,0.21658992767333984,9
-17420.0,-17753.0,-15840.0,239,0.2260880470275879,9
-17458.0,-18050.0,-15692.0,298,0.25432515144348145,10
-16542.0,-18642.0,-15983.0,304,0.25838804244995117,10
-17254.0,-17967.0,-15695.0,322,0.2691481113433838,10
-17469.0,-18154.0,-15540.0,340,0.2778761386871338,10
-16832.0,-18279.0,-16242.0,396,0.30416107177734375,11
-15916.0,-18871.0,-16533.0,402,0.3075079917907715,11
-17469.0,-18348.0,-15439.0,408,0.31084299087524414,11
-17262.0,-17921.0,-15804.0,418,0.3164350986480713,11
-17477.0,-18108.0,-15649.0,432,0.32317209243774414,11
-15909.0,-18663.0,-16569.0,452,0.3336019515991211,11
-16546.0,-18732.0,-15766.0,462,0.33882808685302734,11
-16534.0,-18688.0,-15874.0,474,0.34507012367248535,12
-17401.0,-17695.0,-15883.0,558,0.3858821392059326,14
