z1,z2,z3,node,time,depth
-21.0,-40.0,-28.0,1,0.002398967742919922,1
-29.0,-35.0,-24.0,1,0.0024118423461914062,1
-28.0,-34.0,-27.0,127,0.06316685676574707,9
-30.0,-25.0,-18.0,140,0.06799888610839844,9
-24.0,-32.0,-32.0,163,0.07977581024169922,2
-20.0,-17.0,-34.0,176,0.0875248908996582,6
-14.0,-25.0,-34.0,182,0.0897679328918457,9
-22.0,-38.0,-30.0,230,0.11158990859985352,6
