z1,z2,z3,node,time,depth
-35.0,-39.0,-46.0,2,0.002062082290649414,2
-30.0,-39.0,-48.0,16,0.012249946594238281,5
-30.0,-40.0,-33.0,54,0.03005504608154297,7
-25.0,-42.0,-34.0,70,0.03647613525390625,8
-38.0,-38.0,-43.0,86,0.04216408729553223,8
