z1,z2,z3,node,time,depth
-75.0,-79.0,-76.0,1,0.0026400089263916016,1
-73.0,-68.0,-85.0,60,0.10384893417358398,6
-78.0,-77.0,-69.0,172,0.2452380657196045,8
-82.0,-73.0,-74.0,200,0.27992987632751465,8
-79.0,-74.0,-71.0,396,0.49280500411987305,10
-74.0,-69.0,-83.0,505,0.602773904800415,10
-64.0,-65.0,-90.0,566,0.6641929149627686,11
-72.0,-72.0,-85.0,570,0.666921854019165,11
-71.0,-77.0,-78.0,620,0.7111399173736572,11
-73.0,-72.0,-83.0,646,0.7358880043029785,11
-69.0,-66.0,-87.0,739,0.8199360370635986,11
-69.0,-68.0,-86.0,764,0.8393838405609131,12
-69.0,-73.0,-79.0,778,0.8520350456237793,12
-75.0,-68.0,-83.0,852,0.9199309349060059,12
-76.0,-74.0,-77.0,906,0.9623818397521973,13
-76.0,-78.0,-70.0,920,0.9741158485412598,13
-68.0,-74.0,-79.0,924,0.9773769378662109,13
-65.0,-66.0,-88.0,944,0.992393970489502,13
-79.0,-76.0,-69.0,956,0.9999849796295166,13
-67.0,-73.0,-81.0,968,1.0082159042358398,13
-70.0,-65.0,-87.0,1016,1.0437719821929932,13
-67.0,-64.0,-88.0,1032,1.0541579723358154,14
-60.0,-58.0,-91.0,1046,1.0639400482177734,14
-78.0,-75.0,-74.0,1076,1.0839989185333252,14
-80.0,-69.0,-76.0,1084,1.0888609886169434,14
-75.0,-72.0,-79.0,1112,1.1091668605804443,15
-72.0,-76.0,-78.0,1118,1.1133220195770264,15
-65.0,-57.0,-90.0,1148,1.1327910423278809,15
-78.0,-71.0,-82.0,1160,1.1403989791870117,15
-74.0,-75.0,-77.0,1182,1.1542260646820068,16
