z1,z2,z3,node,time,depth
-8635.0,-8375.0,-8282.0,125,0.044302940368652344,7
-8065.0,-8101.0,-9237.0,244,0.08606505393981934,6
-8336.0,-8669.0,-8270.0,269,0.09592700004577637,7
-8295.0,-8693.0,-8108.0,271,0.09668493270874023,5
-8492.0,-8453.0,-8208.0,275,0.09834003448486328,6
-8343.0,-8666.0,-8285.0,278,0.09958195686340332,6
-7922.0,-8179.0,-9163.0,279,0.09999489784240723,3
-7725.0,-8419.0,-9063.0,282,0.1009819507598877,5
-7766.0,-8395.0,-9225.0,283,0.10127711296081543,5
