z1,z2,z3,node,time,depth
-3300.0,-6539.0,-4371.0,1,0.0023539066314697266,1
-4354.0,-6236.0,-5775.0,2,0.0048999786376953125,2
-3862.0,-6246.0,-4631.0,97,0.0923159122467041,16
-4548.0,-6255.0,-4285.0,230,0.20752191543579102,11
-4234.0,-6312.0,-4157.0,236,0.21132993698120117,13
-4225.0,-6393.0,-4437.0,242,0.21616196632385254,8
-3911.0,-6450.0,-4309.0,262,0.2342848777770996,11
-3290.0,-6352.0,-4587.0,322,0.29136180877685547,9
-2627.0,-6237.0,-4871.0,325,0.2944788932800293,11
-4349.0,-6241.0,-4419.0,359,0.3301198482513428,14
-4643.0,-5946.0,-5520.0,827,0.75882887840271,9
-5302.0,-6143.0,-5449.0,913,0.8209969997406006,2
-4018.0,-6359.0,-4558.0,1024,0.9398989677429199,4
-5361.0,-5766.0,-5707.0,1266,1.16119384765625,8
-5281.0,-5864.0,-5823.0,1269,1.1677899360656738,5
-5921.0,-5019.0,-3957.0,1431,1.3201658725738525,14
-5570.0,-5574.0,-5568.0,1447,1.333357810974121,9
-5962.0,-4908.0,-4447.0,1560,1.4376189708709717,15
-4629.0,-5841.0,-5949.0,1593,1.4627668857574463,8
-4639.0,-6028.0,-5733.0,1595,1.4645698070526123,10
-4962.0,-5890.0,-5581.0,1597,1.4665639400482178,12
-4763.0,-5876.0,-5715.0,1604,1.4705629348754883,10
-5374.0,-5787.0,-5653.0,1605,1.4709599018096924,9
-4474.0,-6166.0,-5970.0,1606,1.471402883529663,8
-4147.0,-6202.0,-5896.0,1607,1.4730730056762695,4
-5733.0,-5673.0,-5550.0,1607,1.4730849266052246,4
-5894.0,-5360.0,-5338.0,1646,1.5209248065948486,6
-6393.0,-4438.0,-4548.0,1662,1.5372538566589355,15
-6156.0,-4762.0,-4143.0,1671,1.5430638790130615,16
-6053.0,-4185.0,-4680.0,1676,1.5467238426208496,13
-5060.0,-5371.0,-6050.0,1701,1.5675878524780273,8
-5070.0,-5558.0,-5834.0,1703,1.569347858428955,10
-5393.0,-5420.0,-5682.0,1705,1.5711748600006104,12
-5805.0,-5317.0,-5754.0,1717,1.5769948959350586,9
-4905.0,-5696.0,-6071.0,1718,1.5774497985839844,8
-4998.0,-5619.0,-5901.0,1719,1.5778899192810059,7
