z1,z2,z3,node,time,depth
22646.0,25544.0,21700.0,1,0.08191108703613281,1
24063.0,22709.0,22356.0,1,0.08193016052246094,1
23469.0,22179.0,23918.0,1,0.08194804191589355,1
23282.0,20832.0,26684.0,1,0.08196711540222168,1
22798.0,23316.0,22424.0,1,0.0819859504699707,1
22201.0,23119.0,23964.0,1,0.08200502395629883,1
22109.0,23538.0,23299.0,1,0.08202314376831055,1
22088.0,24224.0,22586.0,1,0.0820610523223877,1
22763.0,22253.0,25023.0,13,0.3114020824432373,3
23067.0,23075.0,23256.0,14,0.3309330940246582,4
23195.0,22761.0,24332.0,32,0.6901280879974365,6
23718.0,23056.0,22448.0,55,1.0330801010131836,7
24338.0,22293.0,23678.0,55,1.0331361293792725,7
22764.0,23438.0,23402.0,56,1.0535399913787842,8
