z1,z2,z3,node,time,depth
84.0,56.0,51.0,1,0.0333249568939209,1
65.0,55.0,58.0,1,0.033334970474243164,1
51.0,74.0,58.0,1,0.03334498405456543,1
76.0,49.0,60.0,1,0.03338313102722168,1
66.0,51.0,63.0,1,0.03339195251464844,1
45.0,59.0,79.0,1,0.033421993255615234,1
48.0,73.0,66.0,1,0.033432960510253906,1
89.0,46.0,94.0,14,0.23195195198059082,3
91.0,48.0,90.0,74,0.7775111198425293,5
51.0,73.0,65.0,76,0.8388590812683105,4
93.0,48.0,85.0,94,0.9543390274047852,5
63.0,65.0,60.0,110,1.1727540493011475,7
