z1,z2,z3,node,time,depth
25.0,24.0,15.0,1,0.005623817443847656,1
27.0,20.0,18.0,1,0.0056269168853759766,1
17.0,29.0,27.0,1,0.005630016326904297,1
19.0,27.0,24.0,1,0.005632877349853516,1
35.0,13.0,34.0,1,0.005635976791381836,1
16.0,29.0,32.0,1,0.0056400299072265625,1
20.0,23.0,32.0,1,0.005642890930175781,1
32.0,14.0,32.0,1,0.0056459903717041016,1
34.0,17.0,21.0,1,0.005650043487548828,1
41.0,12.0,33.0,1,0.005652904510498047,1
38.0,13.0,31.0,1,0.005656003952026367,1
28.0,18.0,22.0,1,0.005658864974975586,1
28.0,16.0,32.0,1,0.005661964416503906,1
20.0,24.0,25.0,1,0.005664825439453125,1
25.0,19.0,29.0,1,0.005667924880981445,1
24.0,19.0,34.0,1,0.005671024322509766,1
18.0,27.0,29.0,2,0.011350870132446289,2
38.0,15.0,26.0,2,0.011363983154296875,2
21.0,23.0,27.0,2,0.011366844177246094,2
26.0,18.0,30.0,2,0.011373043060302734,2
32.0,16.0,27.0,2,0.011381864547729492,2
30.0,16.0,30.0,2,0.011389017105102539,2
33.0,15.0,31.0,2,0.011391878128051758,2
21.0,27.0,21.0,3,0.014941930770874023,3
23.0,23.0,24.0,3,0.01494598388671875,3
29.0,17.0,26.0,3,0.01497197151184082,3
27.0,19.0,26.0,19,0.03627490997314453,4
24.0,25.0,19.0,36,0.05762600898742676,3
26.0,21.0,22.0,36,0.05763602256774902,3
36.0,15.0,29.0,36,0.05764198303222656,3
25.0,20.0,26.0,36,0.057660818099975586,3
23.0,24.0,23.0,39,0.06652092933654785,5
22.0,22.0,37.0,78,0.12153387069702148,5
29.0,23.0,16.0,87,0.13384103775024414,2
23.0,26.0,18.0,87,0.13384699821472168,2
37.0,16.0,24.0,87,0.13385701179504395,2
27.0,17.0,31.0,87,0.13385987281799316,2
30.0,19.0,21.0,87,0.1338670253753662,2
31.0,17.0,25.0,87,0.13387393951416016,2
27.0,22.0,17.0,87,0.13388895988464355,2
24.0,21.0,24.0,87,0.13389182090759277,2
25.0,22.0,20.0,87,0.1338958740234375,2
23.0,21.0,29.0,88,0.1397089958190918,3
27.0,18.0,28.0,88,0.13971185684204102,3
31.0,16.0,28.0,88,0.13973093032836914,3
34.0,15.0,30.0,88,0.13973402976989746,3
19.0,26.0,36.0,101,0.1605238914489746,7
41.0,14.0,29.0,120,0.1941359043121338,4
31.0,15.0,34.0,125,0.20348501205444336,4
