z1,z2,z3,node,time,depth
-61.0,-64.0,-67.0,461,0.3383779525756836,19
-65.0,-59.0,-66.0,484,0.3576779365539551,18
-58.0,-66.0,-60.0,650,0.4888019561767578,10
-63.0,-64.0,-65.0,669,0.5013649463653564,18
-64.0,-60.0,-68.0,765,0.6049249172210693,18
-60.0,-54.0,-72.0,804,0.6377558708190918,17
-66.0,-50.0,-54.0,895,0.7247788906097412,17
-62.0,-62.0,-70.0,1240,1.0690298080444336,10
-57.0,-61.0,-72.0,1279,1.1143620014190674,16
-55.0,-60.0,-75.0,1799,1.6554999351501465,18
-46.0,-57.0,-80.0,1989,1.8156509399414062,9
-47.0,-64.0,-78.0,2128,1.9214739799499512,6
-53.0,-62.0,-77.0,2207,1.999567985534668,10
-48.0,-61.0,-79.0,2263,2.060405969619751,16
-51.0,-72.0,-65.0,3091,2.9223568439483643,10
-41.0,-75.0,-61.0,3173,2.9756789207458496,18
-38.0,-74.0,-63.0,3233,3.0269010066986084,13
-46.0,-74.0,-60.0,3282,3.0716018676757812,17
-43.0,-73.0,-62.0,3332,3.1206798553466797,11
-48.0,-71.0,-67.0,3403,3.175717830657959,11
-41.0,-73.0,-65.0,3404,3.1770927906036377,12
-44.0,-71.0,-69.0,3545,3.332016944885254,14
-57.0,-66.0,-67.0,3651,3.4390389919281006,15
-53.0,-69.0,-72.0,3675,3.4727258682250977,7
-56.0,-70.0,-70.0,3745,3.538710832595825,13
-56.0,-68.0,-74.0,3816,3.602473020553589,6
-57.0,-64.0,-71.0,3818,3.606966972351074,8
-60.0,-65.0,-69.0,3838,3.6251368522644043,16
-52.0,-64.0,-76.0,3907,3.6748838424682617,6
