z1,z2,z3,node,time,depth
17774.0,18652.0,18052.0,1,0.008772134780883789,1
18860.0,17520.0,18984.0,1,0.008782148361206055,1
18674.0,17973.0,18546.0,1,0.008791923522949219,1
17959.0,18480.0,18820.0,4,0.036741018295288086,3
18578.0,18127.0,18548.0,4,0.036782026290893555,3
18419.0,18092.0,18618.0,4,0.03679203987121582,3
