z1,z2,z3,node,time,depth
-35.0,-39.0,-46.0,3,0.0027570724487304688,2
-30.0,-39.0,-48.0,16,0.01323699951171875,5
-38.0,-38.0,-43.0,32,0.023479938507080078,6
-30.0,-40.0,-33.0,92,0.051737070083618164,9
-25.0,-42.0,-34.0,106,0.05610084533691406,10
