z1,z2,z3,node,time,depth
5310.0,7612.0,7248.0,1,0.0366208553314209,1
5907.0,7514.0,6289.0,1,0.03662896156311035,1
5196.0,7954.0,8315.0,1,0.0366368293762207,1
5212.0,7250.0,8138.0,1,0.036644935607910156,1
6393.0,5657.0,6002.0,1,0.036695003509521484,1
8462.0,5571.0,7935.0,2,0.05982494354248047,2
8312.0,7991.0,5835.0,2,0.05987095832824707,2
8332.0,7239.0,5936.0,50,0.5066659450531006,15
5724.0,7044.0,8542.0,51,0.5245888233184814,16
8180.0,7454.0,5946.0,82,0.7667698860168457,25
9249.0,7058.0,5977.0,115,1.0374619960784912,36
6321.0,6946.0,7583.0,171,1.3398330211639404,26
5842.0,6681.0,8535.0,196,1.4752299785614014,16
5809.0,7152.0,7179.0,196,1.4752378463745117,16
5940.0,7043.0,7645.0,202,1.5742709636688232,20
6050.0,6946.0,8144.0,219,1.6590418815612793,20
5294.0,8316.0,7425.0,275,1.9881999492645264,48
5891.0,8218.0,6466.0,278,1.9967808723449707,50
7008.0,5545.0,7984.0,331,2.282763957977295,2
6771.0,8213.0,5910.0,331,2.282956838607788,2
6139.0,6569.0,8483.0,355,2.5680618286132812,3
6262.0,6431.0,8145.0,355,2.5680699348449707,3
5981.0,7036.0,7323.0,355,2.568100929260254,3
6033.0,6729.0,8527.0,355,2.568187952041626,3
6156.0,6591.0,8189.0,357,2.6492669582366943,4
7244.0,8087.0,5827.0,357,2.649477958679199,4
7848.0,8288.0,5823.0,358,2.686461925506592,5
6310.0,6508.0,7735.0,358,2.6865289211273193,5
6204.0,6668.0,7779.0,369,3.002102851867676,11
6081.0,6806.0,8117.0,404,3.623883008956909,29
6187.0,6646.0,8073.0,468,4.052445888519287,11
