z1,z2,z3,node,time,depth
49.0,64.0,54.0,1,0.013134002685546875,1
68.0,52.0,52.0,1,0.013154983520507812,1
72.0,44.0,70.0,1,0.013170957565307617,1
50.0,54.0,62.0,1,0.013190984725952148,1
46.0,69.0,59.0,2,0.025516986846923828,2
79.0,51.0,68.0,3,0.03458595275878906,2
47.0,67.0,77.0,5,0.04663395881652832,3
66.0,57.0,58.0,16,0.13769793510437012,5
66.0,53.0,65.0,30,0.22849106788635254,6
