z1,z2,z3,node,time,depth
6502.0,4311.0,6679.0,1,0.0158541202545166,1
5360.0,5130.0,5765.0,1,0.01586008071899414,1
4606.0,6519.0,4547.0,1,0.015865087509155273,1
4818.0,10091.0,3883.0,1,0.015870094299316406,1
4254.0,9829.0,3921.0,1,0.015876054763793945,1
4810.0,6483.0,4215.0,1,0.015908002853393555,1
4501.0,9699.0,3917.0,3,0.03851795196533203,2
5663.0,5335.0,5564.0,3,0.038522958755493164,2
9611.0,4286.0,10258.0,4,0.05113506317138672,3
4771.0,9171.0,4476.0,5,0.05710601806640625,3
