z1,z2,z3,node,time,depth
-31.0,-31.0,-30.0,12,0.012909889221191406,4
-42.0,-14.0,-42.0,76,0.05098700523376465,7
-26.0,-38.0,-22.0,113,0.06795692443847656,7
-40.0,-23.0,-33.0,126,0.07282590866088867,8
-31.0,-28.0,-31.0,162,0.08804893493652344,8
-37.0,-22.0,-37.0,168,0.09037590026855469,8
-34.0,-28.0,-30.0,170,0.09118199348449707,8
-38.0,-22.0,-36.0,186,0.09788203239440918,8
-39.0,-23.0,-34.0,226,0.11327600479125977,9
-41.0,-16.0,-42.0,240,0.11861586570739746,9
-39.0,-20.0,-36.0,246,0.12107491493225098,9
-36.0,-29.0,-28.0,250,0.12245988845825195,9
-34.0,-31.0,-29.0,254,0.12408900260925293,9
-28.0,-37.0,-23.0,260,0.12643003463745117,9
-25.0,-38.0,-23.0,263,0.12771391868591309,9
-35.0,-31.0,-28.0,270,0.13035082817077637,9
-43.0,-14.0,-41.0,336,0.15185785293579102,11
-35.0,-23.0,-35.0,340,0.15294098854064941,11
-38.0,-25.0,-34.0,342,0.15349197387695312,11
-25.0,-35.0,-24.0,348,0.155181884765625,11
