z1,z2,z3,node,time,depth
8909.0,7498.0,4193.0,1,0.03605079650878906,1
6355.0,6857.0,4900.0,1,0.03606081008911133,1
8631.0,7185.0,4287.0,1,0.036081790924072266,1
6445.0,4773.0,7865.0,1,0.0361018180847168,1
4010.0,7667.0,7379.0,1,0.03611183166503906,1
4214.0,6897.0,7279.0,1,0.03612184524536133,1
4854.0,5627.0,5431.0,1,0.036131858825683594,1
6003.0,5017.0,7543.0,2,0.05217480659484863,2
7863.0,6843.0,4826.0,2,0.05220484733581543,2
4764.0,6792.0,6598.0,16,0.11770391464233398,3
5506.0,5492.0,8798.0,21,0.22356891632080078,6
5996.0,5100.0,7586.0,43,0.3058779239654541,10
6620.0,5296.0,7513.0,43,0.30590081214904785,10
6037.0,5302.0,6918.0,188,0.8172039985656738,7
7365.0,6600.0,5260.0,193,0.8943979740142822,10
6505.0,6634.0,5401.0,193,0.8944668769836426,10
6030.0,5385.0,6961.0,286,1.3880908489227295,29
6654.0,5581.0,6888.0,286,1.3881139755249023,29
8612.0,6738.0,4903.0,394,1.8066120147705078,28
7999.0,6329.0,5291.0,394,1.8066189289093018,28
8748.0,6224.0,5368.0,394,1.806656837463379,28
6306.0,7460.0,5140.0,394,1.8066949844360352,28
6159.0,7844.0,5363.0,394,1.8067028522491455,28
7752.0,6772.0,5044.0,396,1.8268368244171143,30
7881.0,6584.0,5121.0,549,2.4628748893737793,28
7021.0,6618.0,5262.0,550,2.470094919204712,29
8630.0,6479.0,5198.0,550,2.4701290130615234,29
7770.0,6513.0,5339.0,551,2.477994918823242,30
8818.0,6243.0,5103.0,627,2.7883880138397217,2
8068.0,7899.0,4439.0,659,3.1345388889312744,4
4560.0,7562.0,6698.0,659,3.1346049308776855,4
7905.0,8517.0,4477.0,659,3.1346309185028076,4
4726.0,7500.0,7125.0,664,3.1967577934265137,8
8073.0,7233.0,4687.0,700,3.5513429641723633,7
8052.0,7942.0,4720.0,703,3.613813877105713,9
9096.0,6556.0,5009.0,858,4.322166919708252,78
8351.0,7546.0,4593.0,872,4.366576910018921,13
8202.0,6736.0,5037.0,893,4.487602949142456,12
7671.0,7593.0,4767.0,907,4.614271879196167,7
7508.0,8211.0,4805.0,910,4.645066976547241,9
