z1,z2,z3,node,time,depth
90.0,56.0,96.0,1,0.06617307662963867,1
86.0,57.0,90.0,1,0.06618499755859375,1
53.0,99.0,96.0,1,0.06631708145141602,1
64.0,68.0,70.0,1,0.06634902954101562,1
91.0,58.0,88.0,2,0.0929110050201416,2
55.0,93.0,91.0,2,0.09295392036437988,2
58.0,84.0,94.0,2,0.09296488761901855,2
63.0,100.0,81.0,19,0.529263973236084,9
62.0,97.0,85.0,19,0.5294079780578613,9
56.0,90.0,99.0,63,1.0604040622711182,13
57.0,91.0,93.0,63,1.0604150295257568,13
60.0,82.0,96.0,63,1.0605089664459229,13
83.0,64.0,89.0,114,1.7895009517669678,23
78.0,66.0,87.0,114,1.7895219326019287,23
78.0,63.0,91.0,128,1.9428279399871826,24
82.0,62.0,97.0,368,4.18935489654541,26
85.0,65.0,87.0,379,4.2979490756988525,24
62.0,76.0,91.0,380,4.330899000167847,25
61.0,81.0,99.0,383,4.353163003921509,27
59.0,85.0,88.0,441,5.0679309368133545,48
90.0,66.0,85.0,502,5.801454067230225,59
57.0,92.0,89.0,511,5.9737889766693115,2
60.0,83.0,92.0,512,6.020488977432251,3
61.0,84.0,86.0,512,6.020540952682495,3
63.0,92.0,85.0,564,7.561392068862915,27
90.0,61.0,87.0,571,7.757567882537842,3
99.0,67.0,82.0,574,8.047755002975464,5
95.0,62.0,85.0,574,8.047765016555786,5
94.0,66.0,84.0,577,8.106559038162231,7
