z1,z2,z3,node,time,depth
-43.0,-42.0,-65.0,240,0.19264006614685059,9
-48.0,-46.0,-60.0,258,0.2015218734741211,9
-52.0,-47.0,-58.0,300,0.22191405296325684,9
-47.0,-43.0,-63.0,432,0.28867602348327637,10
-50.0,-40.0,-59.0,444,0.29402685165405273,11
-54.0,-47.0,-54.0,456,0.2981529235839844,11
-46.0,-48.0,-61.0,474,0.3067789077758789,11
-50.0,-49.0,-58.0,494,0.3151869773864746,12
-49.0,-43.0,-59.0,534,0.3304738998413086,13
-52.0,-49.0,-55.0,542,0.33350086212158203,15
