z1,z2,z3,node,time,depth
-8016.0,-8571.0,-9276.0,1,0.0008411407470703125,1
-7361.0,-9116.0,-9212.0,4,0.0028531551361083984,4
-7145.0,-9053.0,-9506.0,14,0.0076830387115478516,8
-7761.0,-8647.0,-9755.0,31,0.015499114990234375,9
-7394.0,-8821.0,-9518.0,36,0.01820206642150879,4
