z1,z2,z3,node,time,depth
20316.0,16507.0,19824.0,1,0.011658906936645508,1
18878.0,17721.0,18583.0,1,0.011667013168334961,1
17181.0,18525.0,18487.0,1,0.011674880981445312,1
18360.0,19191.0,17383.0,1,0.01168203353881836,1
17937.0,19230.0,17829.0,3,0.026887893676757812,2
17839.0,18463.0,18663.0,3,0.02690291404724121,2
19755.0,17372.0,19658.0,21,0.21803498268127441,8
19445.0,17408.0,19785.0,21,0.2180500030517578,8
