z1,z2,z3,node,time,depth
-78.0,-37.0,-70.0,1,0.004318952560424805,1
-59.0,-82.0,-53.0,1,0.0043239593505859375,1
-65.0,-74.0,-58.0,1,0.00432896614074707,1
-55.0,-83.0,-53.0,1,0.004343986511230469,1
-43.0,-94.0,-41.0,1,0.004377126693725586,1
-71.0,-53.0,-70.0,1,0.004384040832519531,1
-62.0,-77.0,-57.0,2,0.008866071701049805,2
-72.0,-50.0,-70.0,3,0.014171123504638672,2
-70.0,-59.0,-60.0,11,0.0517120361328125,4
-69.0,-61.0,-61.0,21,0.09622311592102051,5
-67.0,-60.0,-65.0,25,0.11588001251220703,5
-69.0,-60.0,-63.0,25,0.11591911315917969,5
-66.0,-61.0,-64.0,65,0.2828669548034668,7
-65.0,-61.0,-65.0,90,0.3754420280456543,7
-56.0,-83.0,-52.0,116,0.47643399238586426,7
-68.0,-63.0,-60.0,156,0.6134259700775146,8
-53.0,-81.0,-55.0,443,1.5177180767059326,9
-62.0,-72.0,-61.0,477,1.622955083847046,9
-69.0,-58.0,-64.0,609,1.962839126586914,10
-67.0,-57.0,-66.0,713,2.249232053756714,10
-56.0,-80.0,-56.0,817,2.5323779582977295,10
-75.0,-50.0,-67.0,901,2.7458689212799072,11
-66.0,-63.0,-62.0,1034,3.047791004180908,11
-68.0,-61.0,-63.0,1050,3.0892889499664307,11
-66.0,-64.0,-55.0,1081,3.155014991760254,11
-69.0,-57.0,-65.0,1199,3.43046498298645,11
-57.0,-65.0,-63.0,1293,3.6672708988189697,11
-49.0,-88.0,-47.0,1346,3.8011960983276367,11
-76.0,-37.0,-72.0,1445,4.040360927581787,12
-50.0,-85.0,-50.0,1883,4.982506036758423,12
-66.0,-58.0,-66.0,1994,5.246889114379883,12
-74.0,-53.0,-68.0,2038,5.3300299644470215,13
-70.0,-56.0,-62.0,2073,5.382780075073242,13
-64.0,-66.0,-60.0,2403,6.051717042922974,13
-47.0,-86.0,-49.0,2469,6.177850008010864,13
-73.0,-52.0,-69.0,2676,6.6035919189453125,14
-62.0,-62.0,-64.0,2705,6.638186931610107,14
-68.0,-59.0,-65.0,2725,6.666517972946167,14
-68.0,-62.0,-61.0,2776,6.746246099472046,14
-63.0,-64.0,-61.0,4251,8.824626922607422,16
-70.0,-60.0,-58.0,4356,8.9167001247406,17
-70.0,-58.0,-61.0,4400,8.960529088973999,17
-61.0,-75.0,-60.0,4500,9.048721075057983,17
-64.0,-60.0,-66.0,4814,9.321656942367554,18
-50.0,-86.0,-48.0,4860,9.360426902770996,18
-48.0,-89.0,-45.0,5096,9.522432088851929,19
-52.0,-86.0,-47.0,5100,9.524823904037476,19
-65.0,-62.0,-63.0,5286,9.633794069290161,21
-63.0,-67.0,-59.0,5294,9.636991024017334,21
-59.0,-65.0,-62.0,5298,9.638567924499512,21
-31.0,-98.0,-30.0,5300,9.639377117156982,21
-51.0,-88.0,-46.0,5304,9.64099407196045,21
-56.0,-81.0,-54.0,5306,9.641810894012451,21
-65.0,-57.0,-67.0,5310,9.643371105194092,21
