z1,z2,z3,node,time,depth
-33.0,-45.0,-50.0,1,0.0033240318298339844,1
-25.0,-49.0,-40.0,1,0.003364086151123047,1
-30.0,-50.0,-32.0,1,0.0033659934997558594,1
-42.0,-40.0,-49.0,2,0.006079912185668945,2
-39.0,-42.0,-49.0,59,0.049462080001831055,15
-39.0,-46.0,-45.0,155,0.12226104736328125,15
-31.0,-47.0,-38.0,168,0.13046598434448242,14
-32.0,-47.0,-33.0,183,0.13957595825195312,13
-38.0,-44.0,-47.0,188,0.14417195320129395,7
-26.0,-46.0,-46.0,388,0.3017079830169678,9
-27.0,-47.0,-39.0,398,0.30702710151672363,15
-41.0,-35.0,-54.0,491,0.38787293434143066,15
-38.0,-25.0,-56.0,508,0.4011709690093994,13
-39.0,-24.0,-55.0,512,0.4033660888671875,13
-28.0,-35.0,-55.0,516,0.40743494033813477,9
-32.0,-29.0,-57.0,530,0.41712403297424316,13
-33.0,-28.0,-56.0,534,0.4194331169128418,13
-30.0,-31.0,-55.0,546,0.4290308952331543,13
-34.0,-25.0,-57.0,551,0.432157039642334,12
-25.0,-41.0,-51.0,656,0.5360069274902344,15
-29.0,-32.0,-56.0,731,0.6042919158935547,9
-37.0,-39.0,-52.0,790,0.6604409217834473,12
-24.0,-39.0,-53.0,798,0.6662390232086182,14
-38.0,-42.0,-50.0,821,0.6796970367431641,2
-43.0,-35.0,-51.0,845,0.7057809829711914,15
-40.0,-41.0,-47.0,884,0.735537052154541,14
-42.0,-36.0,-52.0,902,0.7508111000061035,14
-44.0,-24.0,-46.0,941,0.7888779640197754,13
-43.0,-39.0,-47.0,951,0.7959799766540527,11
-42.0,-23.0,-54.0,1093,0.9090490341186523,10
-44.0,-19.0,-54.0,1101,0.9141550064086914,14
-33.0,-25.0,-58.0,1156,0.9542789459228516,4
-29.0,-36.0,-53.0,1221,1.02201509475708,11
-38.0,-18.0,-59.0,1264,1.0616960525512695,11
