z1,z2,z3,node,time,depth
80.0,60.0,71.0,1,0.14958596229553223,1
76.0,65.0,67.0,1,0.14964985847473145,1
64.0,91.0,63.0,1,0.15000081062316895,1
54.0,103.0,106.0,1,0.15004301071166992,1
65.0,78.0,65.0,1,0.15015077590942383,1
61.0,79.0,77.0,1,0.15050888061523438,1
74.0,51.0,87.0,1,0.15051984786987305,1
56.0,103.0,99.0,2,0.20302200317382812,2
57.0,107.0,94.0,2,0.2030317783355713,2
84.0,112.0,59.0,2,0.20305299758911133,2
88.0,106.0,59.0,2,0.20306396484375,2
59.0,111.0,90.0,6,0.3214240074157715,6
58.0,102.0,96.0,33,0.9637668132781982,6
58.0,105.0,94.0,33,0.9639439582824707,6
58.0,113.0,90.0,132,3.686621904373169,5
77.0,108.0,62.0,424,13.641204833984375,3
90.0,105.0,60.0,424,13.641215801239014,3
67.0,72.0,74.0,551,18.32284379005432,3
71.0,73.0,67.0,551,18.323363780975342,3
64.0,79.0,71.0,551,18.323426008224487,3
89.0,102.0,61.0,552,18.38822889328003,4
91.0,100.0,61.0,552,18.38827085494995,4
99.0,90.0,64.0,552,18.388280868530273,4
59.0,102.0,92.0,552,18.388343811035156,4
60.0,103.0,89.0,552,18.38835382461548,4
60.0,108.0,85.0,640,23.54428791999817,5
60.0,100.0,94.0,680,25.48139786720276,13
70.0,76.0,67.0,703,26.64311194419861,5
95.0,98.0,61.0,704,26.682485818862915,6
94.0,97.0,62.0,742,28.415262937545776,13
60.0,95.0,96.0,746,28.85360288619995,7
81.0,104.0,61.0,746,28.853790998458862,7
55.0,107.0,100.0,780,30.493095874786377,8
59.0,98.0,106.0,829,33.23373079299927,11
56.0,102.0,108.0,865,34.85517597198486,22
56.0,106.0,98.0,871,35.21271300315857,8
57.0,102.0,105.0,872,35.32190680503845,9
85.0,101.0,62.0,949,39.64993691444397,10
60.0,94.0,100.0,950,39.750550985336304,11
60.0,90.0,102.0,950,39.75065588951111,11
72.0,71.0,103.0,964,40.90869188308716,13
