z1,z2,z3,node,time,depth
-4658.0,-2499.0,-2853.0,1,0.0016131401062011719,1
-3685.0,-3258.0,-3688.0,1,0.00162506103515625,1
-3428.0,-4184.0,-3021.0,1,0.0016269683837890625,1
-4067.0,-3524.0,-3381.0,1,0.0016331672668457031,1
-3046.0,-3918.0,-3328.0,2,0.0039539337158203125,2
-3717.0,-2141.0,-3533.0,89,0.052124977111816406,2
-3528.0,-3883.0,-2074.0,108,0.06310415267944336,10
-4167.0,-3223.0,-2434.0,169,0.08999109268188477,9
