z1,z2,z3,node,time,depth
19266.0,17646.0,18447.0,1,0.01729607582092285,1
17521.0,19975.0,17266.0,1,0.017303943634033203,1
17531.0,19755.0,16975.0,1,0.01731109619140625,1
18561.0,18148.0,18673.0,1,0.0173189640045166,1
18695.0,17760.0,19552.0,1,0.01732611656188965,1
20545.0,16816.0,19526.0,1,0.017333030700683594,1
20139.0,16991.0,20574.0,1,0.017341136932373047,1
18130.0,19055.0,18292.0,7,0.07951092720031738,4
