z1,z2,z3,node,time,depth
-82.0,-43.0,-83.0,1,0.0030150413513183594,1
-59.0,-78.0,-57.0,1,0.0030410289764404297,1
-71.0,-67.0,-74.0,1,0.0030481815338134766,1
-65.0,-73.0,-65.0,2,0.005958080291748047,2
-66.0,-71.0,-68.0,3,0.00899505615234375,2
-78.0,-52.0,-77.0,5,0.014880180358886719,3
-37.0,-86.0,-37.0,28,0.07673120498657227,5
-59.0,-75.0,-62.0,30,0.08156418800354004,5
-71.0,-58.0,-75.0,119,0.2988882064819336,7
-67.0,-68.0,-67.0,121,0.3035411834716797,7
-60.0,-75.0,-56.0,311,0.712414026260376,9
-51.0,-79.0,-53.0,498,1.065101146697998,10
-72.0,-64.0,-73.0,597,1.2189991474151611,11
-75.0,-57.0,-72.0,648,1.3047120571136475,11
-73.0,-58.0,-74.0,862,1.629446029663086,12
-79.0,-51.0,-78.0,1114,1.9552700519561768,13
-76.0,-50.0,-80.0,1500,2.34354305267334,15
-50.0,-80.0,-53.0,1640,2.4704320430755615,15
-67.0,-69.0,-65.0,1822,2.614096164703369,16
-52.0,-82.0,-52.0,1846,2.6329691410064697,16
-78.0,-50.0,-79.0,1902,2.673018217086792,17
-40.0,-84.0,-35.0,1983,2.729269027709961,17
-74.0,-55.0,-73.0,2058,2.776581048965454,18
-64.0,-71.0,-69.0,2122,2.8144121170043945,19
-58.0,-77.0,-60.0,2128,2.817294120788574,19
-66.0,-72.0,-66.0,2140,2.822599172592163,19
-37.0,-87.0,-36.0,2148,2.826693058013916,19
-36.0,-87.0,-37.0,2150,2.827477216720581,19
-45.0,-83.0,-45.0,2164,2.834747076034546,19
-59.0,-76.0,-61.0,2166,2.8355190753936768,19
-39.0,-84.0,-36.0,2172,2.838414192199707,20
