z1,z2,z3,node,time,depth
-15356.0,-14519.0,-12988.0,13,0.006418943405151367,4
-15791.0,-13812.0,-13439.0,55,0.03105306625366211,6
-15321.0,-13995.0,-14511.0,60,0.033479928970336914,7
-15324.0,-14175.0,-13208.0,174,0.09520792961120605,9
-15238.0,-14626.0,-13833.0,182,0.0996401309967041,9
-15759.0,-13468.0,-13659.0,278,0.1495060920715332,11
-15673.0,-13919.0,-14284.0,284,0.15278196334838867,11
-15619.0,-14047.0,-13905.0,293,0.15747809410095215,11
-15064.0,-14411.0,-14392.0,356,0.18603014945983887,14
