z1,z2,z3,node,time,depth
-20796.0,-18921.0,-19628.0,3,0.0028028488159179688,3
-20543.0,-19042.0,-19168.0,5,0.004263877868652344,5
-20463.0,-19446.0,-19951.0,278,0.135422945022583,9
-19291.0,-17644.0,-19988.0,401,0.1955089569091797,7
