z1,z2,z3,node,time,depth
-87.0,-56.0,-89.0,1,0.002093791961669922,1
-93.0,-30.0,-92.0,1,0.0021009445190429688,1
-90.0,-43.0,-89.0,4,0.009718894958496094,3
-92.0,-29.0,-94.0,118,0.1965038776397705,8
-79.0,-58.0,-78.0,286,0.3787989616394043,10
-78.0,-57.0,-80.0,400,0.4664487838745117,11
-88.0,-45.0,-90.0,924,0.7997210025787354,15
-88.0,-43.0,-93.0,952,0.818809986114502,15
-90.0,-41.0,-92.0,966,0.8261449337005615,15
-71.0,-61.0,-74.0,1024,0.8593039512634277,15
-84.0,-53.0,-90.0,1178,0.944800853729248,19
-72.0,-59.0,-74.0,1186,0.9478960037231445,21
