z1,z2,z3,node,time,depth
21130.0,20031.0,20718.0,1,0.008756875991821289,1
19517.0,20728.0,19793.0,1,0.008769035339355469,1
