z1,z2,z3,node,time,depth
80.0,102.0,89.0,1,0.0516359806060791,1
92.0,99.0,81.0,1,0.05164694786071777,1
74.0,92.0,108.0,1,0.05168890953063965,1
106.0,66.0,99.0,1,0.051698923110961914,1
93.0,105.0,75.0,1,0.05171990394592285,1
100.0,93.0,86.0,5,0.19249606132507324,3
93.0,90.0,92.0,9,0.4315040111541748,4
102.0,77.0,96.0,14,0.7007710933685303,5
96.0,80.0,135.0,15,0.75730299949646,5
93.0,85.0,137.0,15,0.757314920425415,5
81.0,89.0,106.0,36,1.0778579711914062,6
131.0,89.0,95.0,61,1.613576889038086,7
93.0,87.0,132.0,70,1.730600118637085,7
99.0,80.0,131.0,70,1.7306699752807617,7
100.0,82.0,126.0,70,1.7306809425354004,7
97.0,82.0,130.0,70,1.7306931018829346,7
93.0,96.0,90.0,86,1.9694499969482422,8
100.0,86.0,125.0,100,2.2991819381713867,8
100.0,79.0,135.0,137,2.6524059772491455,9
99.0,87.0,123.0,137,2.652578115463257,9
89.0,97.0,93.0,159,2.8880019187927246,10
96.0,87.0,127.0,187,3.0913279056549072,10
101.0,85.0,124.0,244,3.7676990032196045,12
101.0,81.0,130.0,245,3.7951419353485107,12
98.0,85.0,128.0,263,4.062450885772705,13
95.0,85.0,132.0,263,4.062462091445923,13
83.0,101.0,97.0,270,4.130028963088989,14
90.0,140.0,86.0,278,4.2180869579315186,14
91.0,134.0,84.0,310,4.482445001602173,15
91.0,136.0,83.0,311,4.4904561042785645,15
101.0,84.0,125.0,379,4.887775897979736,17
91.0,133.0,87.0,388,4.92742395401001,18
98.0,84.0,129.0,395,4.95165491104126,18
