z1,z2,z3,node,time,depth
-59.0,-38.0,-58.0,1,0.003049135208129883,1
-58.0,-36.0,-59.0,1,0.0030510425567626953,1
-55.0,-41.0,-54.0,6,0.015616178512573242,3
-54.0,-43.0,-52.0,24,0.050260066986083984,5
-53.0,-44.0,-55.0,57,0.09876608848571777,6
-52.0,-42.0,-56.0,57,0.0987701416015625,6
-39.0,-53.0,-40.0,77,0.12263298034667969,7
-21.0,-61.0,-24.0,260,0.29315900802612305,9
-52.0,-45.0,-52.0,374,0.3736560344696045,9
-30.0,-57.0,-33.0,512,0.4563870429992676,10
-30.0,-58.0,-32.0,554,0.4801311492919922,10
-29.0,-58.0,-33.0,674,0.5408260822296143,10
-44.0,-50.0,-48.0,783,0.6110880374908447,10
-21.0,-60.0,-25.0,834,0.6347501277923584,11
-20.0,-61.0,-25.0,990,0.7078201770782471,11
-29.0,-57.0,-34.0,1028,0.7286190986633301,11
-36.0,-52.0,-42.0,1068,0.7450461387634277,11
-44.0,-49.0,-49.0,1130,0.7781291007995605,11
-35.0,-54.0,-41.0,1390,0.8966209888458252,12
-35.0,-55.0,-40.0,1395,0.8997840881347656,12
-38.0,-54.0,-40.0,1562,0.9718091487884521,13
-38.0,-53.0,-41.0,1564,0.9725611209869385,13
-47.0,-49.0,-48.0,1568,0.9740309715270996,13
-26.0,-58.0,-34.0,1596,0.9850711822509766,13
-35.0,-53.0,-42.0,1624,0.9967470169067383,13
-36.0,-55.0,-39.0,1654,1.0093731880187988,14
-51.0,-46.0,-52.0,1730,1.039654016494751,14
-45.0,-50.0,-47.0,1758,1.0511651039123535,15
-48.0,-47.0,-47.0,1760,1.0518980026245117,15
-60.0,-28.0,-56.0,1794,1.0638740062713623,15
-57.0,-27.0,-61.0,1818,1.0723481178283691,15
-44.0,-51.0,-47.0,1842,1.0804619789123535,16
-59.0,-29.0,-59.0,1850,1.0831620693206787,16
-58.0,-29.0,-60.0,1852,1.0838510990142822,16
