z1,z2,z3,node,time,depth
-36.0,-24.0,-27.0,1,0.0023169517517089844,1
-23.0,-32.0,-31.0,15,0.011648893356323242,11
-29.0,-29.0,-28.0,51,0.0264279842376709,11
-16.0,-26.0,-32.0,84,0.042649030685424805,9
-15.0,-26.0,-33.0,86,0.04345202445983887,10
-21.0,-25.0,-32.0,144,0.07409000396728516,11
-19.0,-22.0,-33.0,154,0.0782918930053711,7
-18.0,-22.0,-34.0,163,0.08228588104248047,9
-31.0,-15.0,-29.0,192,0.09489083290100098,6
-25.0,-18.0,-32.0,195,0.09620285034179688,9
-23.0,-33.0,-28.0,221,0.10929679870605469,11
-29.0,-30.0,-25.0,228,0.11187291145324707,10
-30.0,-27.0,-30.0,256,0.12678003311157227,6
-35.0,-24.0,-28.0,281,0.13761091232299805,6
-29.0,-27.0,-31.0,284,0.13891386985778809,9
-22.0,-21.0,-32.0,295,0.1428368091583252,10
-25.0,-17.0,-33.0,354,0.16991090774536133,9
-32.0,-13.0,-31.0,374,0.17840981483459473,7
-33.0,-13.0,-30.0,390,0.18721890449523926,7
-26.0,-17.0,-32.0,391,0.18753600120544434,6
