z1,z2,z3,node,time,depth
17026.0,15797.0,20347.0,1,0.013936996459960938,1
14823.0,18855.0,18700.0,1,0.013944864273071289,1
15663.0,17614.0,17473.0,1,0.013952016830444336,1
18214.0,18336.0,16154.0,1,0.013959884643554688,1
17276.0,18996.0,16474.0,1,0.01396799087524414,1
17494.0,17579.0,17475.0,4,0.04038095474243164,3
17809.0,17296.0,18322.0,14,0.09672188758850098,8
