z1,z2,z3,node,time,depth
-23.0,-47.0,-16.0,1,0.0017981529235839844,1
-22.0,-46.0,-17.0,9,0.01149296760559082,4
-21.0,-48.0,-17.0,17,0.01831507682800293,5
-23.0,-45.0,-18.0,32,0.029490947723388672,6
-33.0,-24.0,-28.0,80,0.05422616004943848,7
-25.0,-33.0,-21.0,196,0.10692715644836426,9
-30.0,-22.0,-30.0,200,0.10850715637207031,9
-27.0,-32.0,-21.0,206,0.11129403114318848,9
-33.0,-22.0,-29.0,212,0.11379313468933105,9
-24.0,-36.0,-16.0,234,0.12249398231506348,9
-25.0,-31.0,-23.0,262,0.13190412521362305,10
-28.0,-31.0,-22.0,268,0.13384413719177246,10
-25.0,-29.0,-24.0,270,0.13446998596191406,10
-27.0,-28.0,-23.0,282,0.13817596435546875,10
