z1,z2,z3,node,time,depth
-17252.0,-18961.0,-17464.0,1,0.0019180774688720703,1
-16953.0,-19258.0,-17226.0,1,0.001920938491821289,1
-16575.0,-19420.0,-17499.0,1,0.0019350051879882812,1
-17423.0,-16115.0,-15856.0,203,0.11945605278015137,12
-16997.0,-18527.0,-18036.0,570,0.3477749824523926,10
-16698.0,-18824.0,-17798.0,913,0.5547010898590088,11
-16227.0,-19435.0,-17184.0,920,0.5583310127258301,10
-17346.0,-18603.0,-16953.0,981,0.5955309867858887,9
-17375.0,-18365.0,-17763.0,1011,0.6133620738983154,11
