z1,z2,z3,node,time,depth
-6205.0,-5858.0,-6485.0,1,0.004099845886230469,1
-5776.0,-6943.0,-6226.0,2,0.007799863815307617,2
-5259.0,-5908.0,-7154.0,3,0.011099815368652344,3
-6085.0,-6172.0,-5794.0,4,0.013823986053466797,4
-5889.0,-6197.0,-6332.0,5,0.016108989715576172,5
-5953.0,-6225.0,-6187.0,5,0.016110897064208984,5
-4696.0,-6169.0,-6837.0,132,0.10527801513671875,20
-4430.0,-6190.0,-6799.0,279,0.20870494842529297,13
-5607.0,-6527.0,-6515.0,562,0.4271810054779053,5
-4655.0,-5612.0,-7222.0,611,0.4604358673095703,21
-5912.0,-5668.0,-6572.0,721,0.5413258075714111,17
-5720.0,-5781.0,-6621.0,763,0.5734009742736816,10
-5735.0,-6386.0,-6611.0,829,0.6160609722137451,17
-5969.0,-6004.0,-5870.0,861,0.6442549228668213,11
-5931.0,-6361.0,-6073.0,889,0.666208028793335,17
-5799.0,-6414.0,-6466.0,959,0.7219510078430176,17
-5446.0,-6144.0,-6706.0,999,0.7632348537445068,20
-5374.0,-6148.0,-6994.0,1468,1.1999130249023438,5
-5926.0,-5238.0,-6616.0,1471,1.205845832824707,8
-5529.0,-5566.0,-6841.0,1499,1.2283308506011963,18
-4900.0,-5385.0,-7183.0,1690,1.381990909576416,16
-5390.0,-4751.0,-6924.0,1715,1.4058618545532227,7
-5734.0,-5282.0,-6774.0,1819,1.4920918941497803,16
-5691.0,-5917.0,-6667.0,1864,1.526953935623169,15
-6212.0,-4927.0,-6053.0,2064,1.7193918228149414,17
-5307.0,-6673.0,-6355.0,2343,1.9705660343170166,4
-5175.0,-6726.0,-6748.0,2495,2.1360039710998535,5
-5420.0,-6499.0,-6709.0,2516,2.1524100303649902,19
-4867.0,-6920.0,-6255.0,2546,2.1736278533935547,12
-4572.0,-6187.0,-6904.0,2580,2.1978418827056885,19
-4622.0,-6179.0,-6830.0,2624,2.2319579124450684,7
-5463.0,-5864.0,-6816.0,2653,2.2592458724975586,8
-4803.0,-6892.0,-6400.0,2796,2.373807907104492,11
-4595.0,-7093.0,-5727.0,2924,2.4649128913879395,16
-5218.0,-6998.0,-6009.0,2927,2.4672908782958984,13
-5896.0,-6232.0,-6081.0,2984,2.5219459533691406,8
-5499.0,-6560.0,-6306.0,3015,2.5427169799804688,18
-5218.0,-6548.0,-6526.0,3234,2.738132953643799,17
-4995.0,-6779.0,-6351.0,3251,2.7490878105163574,16
-5363.0,-6651.0,-6271.0,3396,2.856125831604004,11
-4415.0,-7146.0,-5330.0,3470,2.907531976699829,16
-5038.0,-7051.0,-5612.0,3473,2.909437894821167,13
-4393.0,-7142.0,-5544.0,3480,2.9156148433685303,13
-5016.0,-7047.0,-5826.0,3489,2.922367811203003,13
