z1,z2,z3,node,time,depth
4425.0,4692.0,7110.0,1,0.05337715148925781,1
4204.0,5724.0,6327.0,1,0.05340909957885742,1
4663.0,5535.0,4980.0,1,0.05344200134277344,1
6323.0,4162.0,5107.0,1,0.053507089614868164,1
5558.0,4984.0,4839.0,1,0.05358314514160156,1
4073.0,7719.0,8262.0,2,0.07841205596923828,2
4074.0,7206.0,9187.0,2,0.07842016220092773,2
4100.0,7673.0,8181.0,10,0.4174630641937256,3
8619.0,6971.0,4516.0,120,3.6551601886749268,3
7071.0,8786.0,4593.0,120,3.655168056488037,3
7839.0,7619.0,4573.0,121,3.684225082397461,4
6987.0,8249.0,4779.0,129,3.8940629959106445,7
7043.0,7940.0,4800.0,129,3.894106149673462,7
8006.0,6617.0,4780.0,129,3.894160032272339,7
7938.0,6629.0,4777.0,129,3.894170045852661,7
7884.0,6713.0,4811.0,130,3.9370620250701904,8
8625.0,6692.0,4776.0,243,6.163315057754517,9
9067.0,6836.0,4577.0,263,6.649754047393799,5
8287.0,7484.0,4634.0,263,6.649764060974121,5
7862.0,6726.0,4779.0,263,6.649851083755493,5
7808.0,6810.0,4813.0,265,6.766832113265991,7
7930.0,6714.0,4782.0,298,7.658437013626099,7
9073.0,6557.0,4837.0,298,7.658459186553955,7
7127.0,8477.0,4614.0,376,9.791783094406128,4
7094.0,8275.0,4695.0,376,9.791815042495728,4
7228.0,8208.0,4759.0,439,11.128705024719238,8
7038.0,8584.0,4674.0,474,12.680951118469238,5
8529.0,7282.0,4640.0,576,15.819252967834473,4
7749.0,7930.0,4697.0,576,15.819480180740356,4
7799.0,9421.0,4525.0,627,17.83281898498535,4
10024.0,4132.0,6841.0,646,18.705381155014038,6
9560.0,4150.0,7491.0,678,19.779461145401,7
4170.0,5740.0,6708.0,855,28.021728992462158,9
3929.0,7946.0,9059.0,856,28.050244092941284,10
3935.0,7958.0,8969.0,856,28.050252199172974,10
4050.0,8033.0,8526.0,889,28.858594179153442,14
4097.0,7523.0,9123.0,914,29.599445104599,13
4044.0,8021.0,8616.0,933,30.427462100982666,12
