z1,z2,z3,node,time,depth
-35.0,-39.0,-46.0,2,0.001917123794555664,2
-25.0,-42.0,-34.0,101,0.057314157485961914,10
-30.0,-40.0,-33.0,136,0.07863712310791016,9
-38.0,-38.0,-43.0,162,0.09299802780151367,6
-30.0,-39.0,-48.0,163,0.09333300590515137,5
