z1,z2,z3,node,time,depth
4568.0,5552.0,9048.0,1,0.037554025650024414,1
5401.0,6812.0,5270.0,1,0.03756403923034668,1
4871.0,6366.0,6023.0,1,0.03757500648498535,1
4253.0,7268.0,10484.0,1,0.03766322135925293,1
4827.0,4690.0,6847.0,1,0.0376741886138916,1
5410.0,5573.0,6194.0,3,0.10950207710266113,2
4706.0,6756.0,6356.0,3,0.10951900482177734,2
4545.0,7327.0,6721.0,3,0.1095280647277832,2
5309.0,7154.0,5758.0,3,0.10953617095947266,2
5848.0,6361.0,5929.0,3,0.10954499244689941,2
4590.0,5554.0,8083.0,3,0.10956120491027832,2
4520.0,6155.0,8967.0,3,0.10956907272338867,2
4532.0,6040.0,7704.0,3,0.10958600044250488,2
6268.0,6349.0,6190.0,6,0.21474719047546387,3
5245.0,5963.0,6527.0,6,0.21476221084594727,3
5859.0,5340.0,6810.0,15,0.40709519386291504,4
4773.0,5580.0,7547.0,45,0.997406005859375,6
6105.0,5572.0,6691.0,47,1.0182430744171143,6
4405.0,7392.0,9692.0,50,1.1048061847686768,7
6152.0,5395.0,6718.0,94,1.7068750858306885,8
4810.0,5521.0,9498.0,117,2.154114007949829,9
