z1,z2,z3,node,time,depth
-20870.0,-18319.0,-20653.0,1,0.0006117820739746094,1
-20271.0,-18643.0,-20418.0,3,0.0020949840545654297,2
-18924.0,-18813.0,-19653.0,7,0.005029916763305664,3
-18481.0,-18709.0,-20043.0,15,0.011260986328125,4
-18960.0,-18711.0,-18727.0,115,0.07157492637634277,8
-20040.0,-18662.0,-20100.0,120,0.07395792007446289,9
