z1,z2,z3,node,time,depth
3874.0,4966.0,5840.0,1,0.009469985961914062,1
6358.0,4580.0,5484.0,1,0.009474992752075195,1
5572.0,5260.0,4737.0,1,0.009485006332397461,1
4732.0,6733.0,4990.0,1,0.009490966796875,1
3655.0,5742.0,5948.0,1,0.009495973587036133,1
