z1,z2,z3,node,time,depth
-26.0,-40.0,-29.0,1,0.0009438991546630859,1
-27.0,-42.0,-26.0,16,0.015115022659301758,5
-10.0,-44.0,-14.0,17,0.01579594612121582,5
-29.0,-32.0,-24.0,118,0.07227396965026855,9
