z1,z2,z3,node,time,depth
73.0,65.0,66.0,1,0.1193230152130127,1
75.0,93.0,46.0,1,0.11933422088623047,1
85.0,68.0,57.0,1,0.11934399604797363,1
81.0,63.0,62.0,1,0.11946320533752441,1
62.0,62.0,85.0,1,0.11951708793640137,1
57.0,81.0,81.0,1,0.1196892261505127,1
65.0,83.0,68.0,2,0.2424170970916748,2
57.0,75.0,89.0,2,0.24245905876159668,2
51.0,107.0,106.0,2,0.24256420135498047,2
51.0,106.0,107.0,3,0.32309913635253906,2
52.0,105.0,100.0,3,0.3231511116027832,2
53.0,112.0,95.0,3,0.32317209243774414,2
52.0,109.0,99.0,3,0.3231821060180664,2
110.0,60.0,84.0,5,0.5010480880737305,3
105.0,60.0,86.0,5,0.5010581016540527,3
52.0,102.0,114.0,6,0.6537730693817139,3
53.0,108.0,96.0,6,0.6539092063903809,3
56.0,99.0,98.0,6,0.6540021896362305,3
52.0,103.0,109.0,6,0.6540441513061523,3
56.0,92.0,119.0,6,0.6540651321411133,3
53.0,99.0,116.0,6,0.6540751457214355,3
53.0,102.0,103.0,6,0.6540861129760742,3
118.0,62.0,76.0,10,0.9838671684265137,4
115.0,61.0,78.0,10,0.9838781356811523,4
54.0,100.0,104.0,13,1.2824490070343018,4
55.0,96.0,112.0,13,1.2824602127075195,4
54.0,116.0,94.0,26,2.5409140586853027,5
71.0,67.0,72.0,31,2.925424098968506,6
102.0,61.0,86.0,34,3.1628332138061523,6
54.0,105.0,99.0,42,3.909846067428589,6
65.0,80.0,71.0,48,4.394376993179321,7
108.0,62.0,82.0,55,4.900204181671143,7
55.0,95.0,117.0,63,5.552828073501587,7
53.0,103.0,101.0,68,5.998106002807617,7
52.0,104.0,108.0,108,9.2328200340271,9
56.0,93.0,118.0,108,9.232831001281738,9
53.0,100.0,115.0,108,9.232904195785522,9
55.0,97.0,111.0,108,9.23322606086731,9
56.0,103.0,97.0,137,11.106365203857422,9
64.0,109.0,79.0,142,11.46152114868164,10
107.0,61.0,84.0,154,12.400909185409546,10
54.0,106.0,97.0,172,13.408976078033447,10
55.0,103.0,100.0,220,16.476384162902832,11
54.0,99.0,110.0,227,16.820674180984497,11
56.0,98.0,108.0,236,17.244282007217407,11
73.0,73.0,64.0,295,20.21932601928711,13
107.0,92.0,56.0,590,29.772541046142578,19
113.0,91.0,56.0,682,31.93699312210083,24
