z1,z2,z3,node,time,depth
-9096.0,-10855.0,-9462.0,5,0.0020880699157714844,3
-9201.0,-10812.0,-9758.0,9,0.0038008689880371094,4
-8854.0,-10670.0,-9938.0,9,0.003802061080932617,4
-8548.0,-10907.0,-9195.0,30,0.011452913284301758,6
