z1,z2,z3,node,time,depth
-20154.0,-17297.0,-18110.0,1,0.0023941993713378906,1
-19385.0,-17353.0,-18383.0,1,0.0024330615997314453,1
-20156.0,-17332.0,-18049.0,3,0.006504058837890625,2
-19387.0,-17388.0,-18322.0,3,0.006505012512207031,2
-19925.0,-17581.0,-17755.0,47,0.05632615089416504,6
-19677.0,-17553.0,-17855.0,504,0.34334611892700195,12
-19679.0,-17588.0,-17794.0,626,0.41649818420410156,13
