z1,z2,z3,node,time,depth
19374.0,16521.0,18422.0,1,0.0073699951171875,1
16628.0,18065.0,18821.0,1,0.007379055023193359,1
18443.0,18510.0,17132.0,1,0.0073871612548828125,1
18882.0,17558.0,17539.0,1,0.007395029067993164,1
17206.0,18236.0,18314.0,3,0.018644094467163086,2
18034.0,19336.0,18003.0,5,0.029361963272094727,3
