z1,z2,z3,node,time,depth
-3300.0,-4112.0,-3815.0,1,0.0013499259948730469,1
-3742.0,-4531.0,-2865.0,1,0.0013611316680908203,1
-2243.0,-2696.0,-4114.0,49,0.025088071823120117,10
-1928.0,-2964.0,-3964.0,121,0.06087303161621094,10
-2186.0,-2820.0,-3928.0,132,0.06577610969543457,9
-3166.0,-4261.0,-3333.0,145,0.0717160701751709,7
-3382.0,-4026.0,-3357.0,146,0.07202291488647461,6
-3824.0,-4445.0,-2407.0,147,0.07232308387756348,5
