z1,z2,z3,node,time,depth
-10154.0,-10068.0,-8191.0,1,0.0008709430694580078,1
-9279.0,-9609.0,-8601.0,3,0.0021750926971435547,2
-10213.0,-9846.0,-8565.0,9,0.005342006683349609,4
-9338.0,-9387.0,-8975.0,9,0.005342960357666016,4
-10291.0,-9835.0,-8024.0,16,0.008849143981933594,5
-9532.0,-9147.0,-8980.0,34,0.015587091445922852,6
-10407.0,-9606.0,-8570.0,48,0.019669055938720703,7
