z1,z2,z3,node,time,depth
100.0,94.0,75.0,1,0.1721358299255371,1
92.0,90.0,87.0,1,0.1721649169921875,1
94.0,104.0,68.0,1,0.1721789836883545,1
85.0,94.0,100.0,1,0.17219305038452148,1
84.0,105.0,87.0,1,0.17223501205444336,1
106.0,82.0,95.0,1,0.17229199409484863,1
89.0,86.0,97.0,1,0.17231988906860352,1
83.0,102.0,100.0,1,0.1727449893951416,1
120.0,79.0,124.0,3,0.38748693466186523,2
118.0,79.0,125.0,3,0.3875010013580322,2
103.0,84.0,93.0,3,0.3875429630279541,2
96.0,83.0,104.0,12,0.711979866027832,4
115.0,80.0,128.0,13,0.7532060146331787,4
118.0,81.0,120.0,24,0.8818638324737549,4
98.0,87.0,94.0,74,1.8036420345306396,7
98.0,94.0,84.0,74,1.8038969039916992,7
90.0,144.0,86.0,76,1.8635029792785645,7
91.0,141.0,86.0,76,1.8635170459747314,7
125.0,79.0,118.0,118,2.558305025100708,9
131.0,79.0,116.0,119,2.6313769817352295,9
116.0,81.0,127.0,154,3.1317880153656006,10
120.0,80.0,123.0,155,3.155371904373169,10
134.0,81.0,111.0,159,3.207429885864258,10
124.0,81.0,115.0,232,3.703990936279297,12
130.0,81.0,114.0,255,3.8272898197174072,13
122.0,81.0,119.0,310,4.130713939666748,16
