z1,z2,z3,node,time,depth
-12775.0,-13465.0,-13269.0,23,0.014132022857666016,5
-14058.0,-13718.0,-12615.0,25,0.015223026275634766,5
-13156.0,-13655.0,-13045.0,25,0.015223979949951172,5
-14133.0,-13048.0,-12454.0,49,0.029808998107910156,6
-13318.0,-12456.0,-13626.0,65,0.03858590126037598,7
-12299.0,-13403.0,-13300.0,112,0.06428790092468262,8
-13201.0,-13466.0,-12870.0,180,0.09841799736022949,9
-12756.0,-13520.0,-13208.0,204,0.10959887504577637,9
-12781.0,-13584.0,-13059.0,218,0.11446404457092285,9
-12800.0,-13529.0,-13120.0,260,0.13553404808044434,10
-13658.0,-13583.0,-12778.0,290,0.15063190460205078,11
-13683.0,-13647.0,-12629.0,294,0.1523878574371338,11
-13216.0,-13366.0,-12825.0,332,0.17413091659545898,13
-13751.0,-13296.0,-13060.0,346,0.18023085594177246,13
-13269.0,-13115.0,-13301.0,356,0.18483304977416992,14
-13344.0,-12445.0,-13140.0,360,0.18683195114135742,14
-12318.0,-13348.0,-13361.0,382,0.19584202766418457,16
