z1,z2,z3,node,time,depth
-3981.0,-3597.0,-2723.0,1,0.0005879402160644531,1
-3241.0,-3702.0,-3221.0,1,0.0005910396575927734,1
-4227.0,-3280.0,-3260.0,2,0.0014030933380126953,2
-3259.0,-3210.0,-3469.0,19,0.00923609733581543,10
-3817.0,-3499.0,-3245.0,34,0.015770912170410156,9
-4286.0,-3192.0,-3448.0,95,0.04291796684265137,5
