z1,z2,z3,node,time,depth
-3595.0,-6143.0,-3498.0,1,0.0023610591888427734,1
-5502.0,-3964.0,-5311.0,2,0.00471806526184082,2
-4234.0,-5465.0,-4243.0,3,0.007004976272583008,2
-3345.0,-6037.0,-3660.0,4,0.00950312614440918,3
-4923.0,-4734.0,-5183.0,15,0.03427600860595703,4
-4303.0,-5382.0,-4355.0,15,0.03429412841796875,4
-5565.0,-3153.0,-5164.0,17,0.03969001770019531,4
-3414.0,-5954.0,-3772.0,28,0.05793118476867676,5
-4215.0,-5495.0,-4326.0,29,0.06048297882080078,5
-4053.0,-5276.0,-4517.0,30,0.0637969970703125,5
-4854.0,-4817.0,-5071.0,31,0.06637716293334961,5
-5634.0,-3070.0,-5276.0,83,0.13707613945007324,6
-4946.0,-4471.0,-4959.0,146,0.1982271671295166,7
-5398.0,-4062.0,-5407.0,178,0.24128103256225586,8
-4307.0,-5149.0,-4214.0,241,0.2808871269226074,8
-5491.0,-3820.0,-5568.0,258,0.2967650890350342,8
-4734.0,-4922.0,-4895.0,308,0.35309410095214844,9
-4723.0,-4778.0,-5152.0,398,0.4091920852661133,9
-4015.0,-5539.0,-4295.0,632,0.5578651428222656,11
-5340.0,-3846.0,-5734.0,686,0.5843191146850586,11
-2253.0,-6529.0,-1995.0,774,0.6313860416412354,12
-4084.0,-5456.0,-4407.0,780,0.6340150833129883,12
-5387.0,-3918.0,-5664.0,790,0.639998197555542,12
-5564.0,-3226.0,-5420.0,822,0.6559581756591797,12
-1986.0,-6312.0,-2007.0,848,0.6696209907531738,13
-6181.0,-2294.0,-6002.0,880,0.6839461326599121,13
-5517.0,-3154.0,-5490.0,882,0.6851961612701416,13
-5531.0,-2828.0,-5514.0,904,0.696925163269043,14
-5413.0,-3252.0,-5586.0,916,0.7021200656890869,14
-5669.0,-3130.0,-5219.0,938,0.7112791538238525,16
