z1,z2,z3,node,time,depth
-17721.0,-16555.0,-16521.0,1,0.0013310909271240234,1
-18081.0,-15937.0,-16472.0,1,0.0013349056243896484,1
-17770.0,-16044.0,-16629.0,4,0.004879951477050781,3
-17003.0,-16090.0,-17385.0,5,0.005773067474365234,3
-17866.0,-15804.0,-17077.0,7,0.007899999618530273,3
-16860.0,-16183.0,-17493.0,13,0.01258087158203125,4
-17278.0,-16257.0,-17003.0,23,0.018724918365478516,5
-17135.0,-16350.0,-17111.0,27,0.02095794677734375,5
-17314.0,-15983.0,-17228.0,41,0.03012990951538086,6
-17591.0,-15637.0,-17459.0,57,0.039010047912597656,6
-17375.0,-16329.0,-16729.0,76,0.0503230094909668,7
-17589.0,-16150.0,-16846.0,79,0.05208587646484375,7
-17446.0,-16243.0,-16954.0,95,0.061660051345825195,7
-17245.0,-15411.0,-17667.0,167,0.10517692565917969,8
-17930.0,-15799.0,-16858.0,308,0.1961209774017334,11
-17359.0,-16100.0,-17121.0,310,0.19742393493652344,11
-17510.0,-16238.0,-16735.0,312,0.1987299919128418,11
-17441.0,-15666.0,-17174.0,318,0.20234203338623047,11
-17216.0,-16193.0,-17229.0,328,0.2083430290222168,11
-17425.0,-15437.0,-17566.0,334,0.21191000938415527,11
-17199.0,-16345.0,-16892.0,352,0.22457289695739746,12
-17787.0,-15892.0,-16966.0,354,0.22595000267028809,12
-17655.0,-15487.0,-17291.0,360,0.22921991348266602,12
-17295.0,-16105.0,-17340.0,368,0.23498988151550293,12
-17020.0,-15938.0,-17722.0,382,0.24415087699890137,13
-17380.0,-15320.0,-17673.0,384,0.24561691284179688,14
-17069.0,-15427.0,-17830.0,386,0.24695491790771484,14
