z1,z2,z3,node,time,depth
-12765.0,-14288.0,-14423.0,1,0.0008981227874755859,1
-13030.0,-14472.0,-13537.0,2,0.0018010139465332031,2
-12817.0,-13924.0,-13872.0,11,0.008965015411376953,7
-12553.0,-14350.0,-14112.0,27,0.017736196517944336,9
-12936.0,-14700.0,-13495.0,76,0.04846811294555664,5
-11596.0,-14416.0,-14225.0,90,0.05587410926818848,8
-13160.0,-14186.0,-13775.0,112,0.06906318664550781,8
-12479.0,-14719.0,-14125.0,115,0.07049298286437988,7
