z1,z2,z3,node,time,depth
-18.0,-59.0,-18.0,1,0.00590205192565918,1
-21.0,-58.0,-21.0,1,0.005906105041503906,1
-64.0,-21.0,-62.0,1,0.005910158157348633,1
-65.0,-23.0,-59.0,1,0.0059130191802978516,1
-51.0,-37.0,-51.0,1,0.005917072296142578,1
-27.0,-54.0,-29.0,1,0.0059201717376708984,1
-34.0,-46.0,-41.0,1,0.0059239864349365234,1
-36.0,-47.0,-39.0,1,0.005927085876464844,1
-39.0,-46.0,-40.0,1,0.00593113899230957,1
-42.0,-42.0,-46.0,1,0.005934000015258789,1
-48.0,-36.0,-54.0,1,0.005938053131103516,1
-55.0,-27.0,-61.0,1,0.005941152572631836,1
-58.0,-29.0,-58.0,1,0.0059452056884765625,1
-60.0,-21.0,-65.0,1,0.005948066711425781,1
-58.0,-27.0,-60.0,1,0.005952119827270508,1
-53.0,-30.0,-58.0,2,0.013110160827636719,2
-52.0,-29.0,-59.0,2,0.013114213943481445,2
-57.0,-30.0,-55.0,2,0.013117074966430664,2
-59.0,-22.0,-64.0,46,0.07735705375671387,4
-61.0,-20.0,-64.0,228,0.2980470657348633,4
-60.0,-22.0,-63.0,231,0.3054180145263672,2
-61.0,-23.0,-62.0,231,0.3054530620574951,2
-62.0,-22.0,-60.0,355,0.4563710689544678,7
-60.0,-27.0,-57.0,357,0.4643371105194092,4
-52.0,-36.0,-49.0,357,0.4643440246582031,4
-54.0,-33.0,-49.0,418,0.5568881034851074,6
-53.0,-32.0,-53.0,427,0.5881900787353516,9
-54.0,-31.0,-53.0,438,0.6051270961761475,9
-56.0,-31.0,-52.0,547,0.7059581279754639,6
-31.0,-51.0,-33.0,548,0.7221450805664062,7
-52.0,-31.0,-55.0,549,0.7283639907836914,8
-39.0,-45.0,-41.0,600,0.8242859840393066,13
-43.0,-39.0,-49.0,641,0.8769040107727051,14
-46.0,-40.0,-46.0,641,0.8769080638885498,14
-47.0,-39.0,-44.0,642,0.8803310394287109,15
-44.0,-38.0,-49.0,643,0.8815751075744629,16
-50.0,-35.0,-52.0,661,0.9067370891571045,12
-33.0,-50.0,-33.0,673,0.9262402057647705,7
-45.0,-41.0,-45.0,673,0.9262580871582031,7
-43.0,-41.0,-47.0,673,0.9262681007385254,7
-35.0,-45.0,-42.0,673,0.9262721538543701,7
-30.0,-50.0,-35.0,673,0.9262750148773193,7
-34.0,-49.0,-33.0,676,0.955848217010498,9
-52.0,-34.0,-51.0,676,0.9558801651000977,9
-43.0,-40.0,-48.0,695,0.9901731014251709,11
-40.0,-44.0,-42.0,709,1.0100760459899902,12
-45.0,-38.0,-48.0,731,1.0374720096588135,13
-36.0,-44.0,-43.0,741,1.0533220767974854,9
-28.0,-53.0,-26.0,743,1.065190076828003,11
-29.0,-52.0,-24.0,760,1.0868570804595947,13
-25.0,-55.0,-26.0,764,1.0968990325927734,15
-33.0,-49.0,-34.0,797,1.142254114151001,14
-49.0,-32.0,-54.0,899,1.2723031044006348,13
-50.0,-33.0,-53.0,912,1.284257173538208,12
-41.0,-43.0,-37.0,968,1.3394460678100586,15
