z1,z2,z3,node,time,depth
-9433.0,-10366.0,-8607.0,2,0.0010390281677246094,2
-9677.0,-9803.0,-9113.0,2,0.0010409355163574219,2
-9227.0,-10771.0,-8351.0,29,0.01055288314819336,7
-9471.0,-10208.0,-8857.0,34,0.012192010879516602,6
-9658.0,-10290.0,-8296.0,41,0.016080856323242188,7
-9475.0,-10002.0,-8608.0,43,0.017000913619995117,6
-9164.0,-10285.0,-8782.0,46,0.017834901809692383,6
-9719.0,-9439.0,-9114.0,47,0.018214941024780273,4
-9902.0,-9727.0,-8802.0,49,0.018990039825439453,5
