z1,z2,z3,node,time,depth
66.0,50.0,95.0,1,0.03812289237976074,1
78.0,73.0,46.0,1,0.03816986083984375,1
67.0,63.0,60.0,1,0.03821682929992676,1
70.0,53.0,81.0,2,0.05293893814086914,2
69.0,51.0,88.0,2,0.052945852279663086,2
67.0,52.0,88.0,2,0.05296182632446289,2
73.0,61.0,67.0,102,0.9227948188781738,44
70.0,60.0,69.0,102,0.9228098392486572,44
72.0,59.0,73.0,141,1.1768748760223389,59
83.0,58.0,71.0,141,1.1768829822540283,59
63.0,55.0,74.0,209,1.587677001953125,2
61.0,66.0,88.0,210,1.60595703125,3
66.0,87.0,73.0,273,2.4044430255889893,4
