z1,z2,z3,node,time,depth
-42.0,-27.0,-39.0,1,0.0012857913970947266,1
-45.0,-15.0,-45.0,106,0.05841398239135742,8
-29.0,-29.0,-21.0,120,0.06491279602050781,8
-26.0,-29.0,-25.0,137,0.07278180122375488,8
-45.0,-17.0,-44.0,148,0.07695388793945312,9
-36.0,-28.0,-30.0,180,0.09036898612976074,9
-28.0,-31.0,-23.0,182,0.09116792678833008,9
-43.0,-14.0,-46.0,196,0.09650087356567383,10
-38.0,-20.0,-40.0,202,0.09878683090209961,10
-27.0,-31.0,-24.0,214,0.1032869815826416,10
